:020000040800F2
:10000000D83C00209D010008754A000847400008C0
:10001000F9480008BF0300085D7F000800000000E9
:10002000000000000000000000000000E560000883
:10003000A104000800000000F34B0008F160000874
:10004000B7010008B7010008B7010008B7010008B0
:10005000B7010008B7010008B7010008B7010008A0
:10006000B7010008B7010008B7010008B701000890
:10007000B7010008B7010008B7010008B701000880
:10008000B7010008B7010008B7010008CD03000858
:10009000C1030008B7010008B7010008A304000865
:1000A000B7010008B7010008B7010008B701000850
:1000B000B7010008B7010008B7010008B701000840
:1000C000B7010008B7010008B7010008B701000830
:1000D000B701000815660008B7010008B70100085D
:1000E000B7010008B7010008B7010008B701000810
:1000F000B7010008B7010008B7010008B701000800
:10010000B701000845570008B7010008B70100080B
:10011000B7010008B7010008B7010008B7010008DF
:10012000B7010008B7010008D9030008E50300087B
:10013000B7010008B7010008B7010008B7010008BF
:10014000B7010008B7010008B7010008794A0008A4
:10015000B7010008F1030008B7010008B701000863
:10016000B7010008B7010008B7010008B70100088F
:10017000B7010008B7010008B7010008000000003F
:10018000B7010008B7010008DFF80CD000F08EF8C6
:1001900000480047A99D0008D83C00200648804739
:1001A00006480047FEE7FEE7FEE7FEE7FEE7FEE75C
:1001B000FEE7FEE7FEE7FEE7BD61000889010008F3
:1001C0002DE9F05F0546002092469B46884606468C
:1001D000814640241BE0284641464746224600F01F
:1001E00055F853465A46C01A914110D31146184645
:1001F000224600F03CF82D1A67EB01084F462246D4
:100200000120002100F033F817EB00094E41201EB9
:10021000A4F10104DFDC484631462A464346BDE8E6
:10022000F09F10B540EA01040346A40703D009E09B
:1002300010C9121F10C3042AFAD203E011F8014BAF
:1002400003F8014B521EF9D210BDD2B201E000F802
:10025000012B491EFBD270470022F6E710B513466A
:100260000A4604461946FFF7F0FF204610BD202A33
:1002700004DB203A00FA02F1002070479140C2F1FD
:10028000200320FA03F3194390407047202A04DB2F
:10029000203A21FA02F00021704721FA02F3D040FF
:1002A000C2F120029140084319467047064C074DA1
:1002B00006E0E06840F0010394E807009847103436
:1002C000AC42F6D3FFF764FF00A2000820A20008AA
:1002D00070B58C1810F8015B15F0070301D110F808
:1002E000013B2A1106D110F8012B03E010F8016B35
:1002F00001F8016B5B1EF9D12B0705D40023521EB8
:100300000DD401F8013BFAE710F8013BCB1A921C1F
:1003100003E013F8015B01F8015B521EF9D5A1421D
:10032000D8D3002070BD70470146014802F05EBF7F
:10033000D802002010B5044802F06AFF042801D05A
:10034000012010BD002010BDD802002010B500F023
:100350000BF8012801D0012010BDBDE81040014874
:1003600003F070B8D802002008B501208DF8000015
:100370009DF8000008BD000038B500240093134626
:100380000A460146034803F057F900B1012420460C
:1003900038BD0000D80200207047000038B50024A6
:1003A000009313460A460146034803F03DFA00B1A4
:1003B0000124204638BD0000D80200207047FEE727
:1003C000014800F0D6BC000074010020014800F094
:1003D000D0BC000074010020014800F0CDBF000037
:1003E000BC050020014800F0C7BF00005C030020EE
:1003F000014800F0C1BF0000BC03002001681823C1
:10040000CAB2103AB2FBF3F2054B6FF30901032AAB
:100410009B5CC36500D9091D8165084670470000D3
:100420008AA1000810B5014600208B698A6A4FF046
:10043000C07453B1B3F5005F15D072B1012A0CD06E
:10044000022A0AD0032A09D104E01AB1012A06D0EF
:10045000022A03D1C96AC90100D5012010BDC96AA9
:10046000A142FAD010BD002AF7D0012AF2D0022A08
:10047000F3D0032AF3D010BD30B50468256825F405
:1004800080252560046863608368402B036803D07F
:1004900099600068C26030BD9A600068C16030BD7C
:1004A00070474FF4807001F06FB972B6FEE700221A
:1004B000AFF3008030B50E4B054601205C7A002C6E
:1004C00014D1587A1C54587A03EB800045605D7A49
:1004D00003F108002A54587A421C5A7230300870CE
:1004E0003A2048702F208870CC70002030BD00006A
:1004F0006C10002030B5B3F5804F05D06FF070411F
:1005000040F82210002030BD8C690B688D682343B1
:100510004C688989240144EA0524234343EA0141C4
:1005200050F82230014C23401943E9E70000F0CF96
:1005300010B50A6850F8223023F0010340F8223049
:100540008C68082C23D000234A682243CC681C43C3
:100550000B6922431A434B690E4C1A43CB691A4369
:100560000B6A1A434B6A1A438B6A1A43CB6A1A43C3
:100570000B6B1A438B691343CA6B09681A4350F813
:100580002130A343134340F82130002010BD402305
:10059000DAE700007FFF0F0030B5D1E9003443EA0D
:1005A00004138C688D89240244EA054423430C8A91
:1005B000074D00EB820005EB045423430C7D6D01D5
:1005C00005EB0464896923430B434360002030BD7D
:1005D0000000F0FF10B504460146ADF50C7D0FA0FC
:1005E00007F0BEFC00222146684608F0BBFD28B992
:1005F000684608F031FA10A007F0B2FC204609F076
:1006000039F8010005D012A007F0AAFC0DF50C7D09
:1006100010BD19A007F0A4FCF8E700002A2A2A2040
:1006200044656C6574652046696C653A20257320C5
:100630002A2A2A0D0A0000006F70656E2073756308
:100640006365737366756C6C79210D0A0000000098
:1006500046696C652064656C6574696F6E206661BF
:10066000696C65642C206572726F7220636F6465BB
:10067000EFBC9A25640D0A005468652066696C65B4
:10068000207761732064656C65746564207375639D
:100690006365737366756C6C79210D0A0000000048
:1006A000F0B587B001AA694622A008F0FAF908B1AE
:1006B00021A03AE025A007F053FC01980099456974
:1006C0004489AD1E65434C430178E60AEF0A25A034
:1006D00007F046FC27A007F043FC2FA007F040FCE2
:1006E0004FF4007132A007F03BFC0198418932A021
:1006F00007F036FC0198416937A0891E07F030FCED
:1007000029463CA007F02CFC394641A007F028FC04
:1007100045A0009907F024FC21464AA007F020FCE0
:1007200031464FA007F01CFC53A007F019FC07B09E
:10073000F0BD0000303A0000665F67657466726560
:10074000652829206572726F720D0A002A2A2A20F4
:10075000464154206469736B20696E666F202A2AB3
:100760002A0D0A004641542074797065203D2025E9
:10077000640D0A005B313D46415431322C323D4616
:10078000415431362C333D46415433322C343D658F
:10079000784641545D0D0A00536563746F7220738F
:1007A000697A6528627974657329203D200000000C
:1007B00025640D0A00000000436C75737465722097
:1007C00073697A6528736563746F727329203D209D
:1007D00025640D0A00000000546F74616C20636C86
:1007E000757374657220636F756E74203D20256C7F
:1007F000640D0A00546F74616C20736563746F72CA
:1008000020636F756E74203D20256C640D0A000016
:10081000546F74616C207370616365284D422920A8
:100820003D20256C640D0A004672656520636C7579
:100830007374657220636F756E74203D20256C643F
:100840000D0A00004672656520736563746F72203F
:10085000636F756E74203D20256C640D0A000000E6
:1008600046726565207370616365284D4229203D9D
:1008700020256C640D0A0000476574204641542011
:100880006469736B20696E666F204F4B0D0A000020
:1008900010B50446014686B014A007F061FB694616
:1008A000204608F082FE010006D0042919D016A0C7
:1008B00007F056FB06B010BD1CA0009907F050FBD6
:1008C0009DF8081020A007F04BFB25A00DF10901B1
:1008D00007F046FBBDF80610BDF8040000F056F81E
:1008E000E8E724A007F03CFBE4E700002A2A2A20DE
:1008F00046696C6520696E666F206F663A202573C5
:10090000202A2A2A0D0A0000665F73746174282960
:10091000206572726F72EFBC8C6572726F722063A9
:100920006F64653A2025640D0A00000046696C6515
:100930002073697A6528627974657329203D2025C2
:100940006C640D0A0000000046696C6520617474D7
:10095000726962757465203D20307825780D0A0033
:1009600046696C65204E616D65203D2025730D0A3A
:100970000000000046696C6520646F6573206E6F2F
:10098000742065786973740D0A00000010B50C4678
:1009900040F2BC7100F01F0301EB5021C0F3431281
:1009A00006A007F0DDFA04F01F03E10AC4F34512C4
:1009B000BDE8104007A007F0D3BA000046696C6597
:1009C0002064617461203D2025642F25642F2564F7
:1009D0000D0A000046696C652074696D65203D2034
:1009E00025643A25643A25640D0A000010B50446D2
:1009F0000146ADF5267D14A007F0B2FA012221468A
:100A0000684608F0AFFB010013D0042917D016A0E8
:100A100007F0A6FA684608F01FF80DF5267D10BD10
:100A20006A4664218CA808F0A6F88CA917A007F0E4
:100A300097FA039906988842F2D10AA000E014A020
:100A400007F08EFAE6E700002A2A2A205265616440
:100A5000696E67205458542066696C653A20257386
:100A6000202A2A2A0D0A0000665F6F70656E282909
:100A7000206572726F72EFBC8C6572726F72206348
:100A80006F64653A2025640D0A000000257300009C
:100A900046696C6520646F6573206E6F742065789D
:100AA0006973740D0A00000030B595B00546014623
:100AB00006A808F05DFC040008D006A807F0E0FFD7
:100AC000214612A007F04CFA15B030BD294619A0F6
:100AD00007F046FA0DF10904694606A808F045FD3D
:100AE00068B99DF8090050B19DF808002146C0067C
:100AF00001D519A000E01BA007F032FAECE71CA01A
:100B000007F02EFA06A807F0BBFFDDE70D0A665FC7
:100B10006F70656E6469722829206572726F72EF5A
:100B2000BC8C6572726F7220636F64653A202564B5
:100B30000D0A00002A2A2A20416C6C20656E74720E
:100B400069657320696E206469723A202573202AD2
:100B50002A2A0D0A000000004449523A2025730D4C
:100B60000A00000046494C453A2025730D0A000052
:100B70005363616E20646972204F4B0D0A000000C0
:100B800010B503F0BBFEFFF78BFD0AA0FFF78CFF4B
:100B90000E230A2240F2E97107A000F013F806A024
:100BA000FFF724FF04A0FFF773FEBDE8104002A08A
:100BB000FFF710BD303A2F00746573742E7478748B
:100BC0000000000010B504460146ADF5127D0FA0EF
:100BD00007F0C6F90A222146684608F0C3FA010068
:100BE00008D012A007F0BCF9684607F035FF0DF5F4
:100BF000127D10BD182216A18CA8FFF712FB6946C2
:100C00008CA808F0F6FB214617A0EBE72A2A2A2039
:100C10004372656174696E67205458542066696C2C
:100C2000653A202573202A2A2A0D0A004F70656E26
:100C30002066696C65206572726F72EFBC8C65729C
:100C4000726F7220636F64653A2025640D0A00009C
:100C50004C696E65313A2048656C6C6F2C2046619A
:100C60007446732A2A2A0A005772697465206669D5
:100C70006C65204F4B3A2025730D0A00704770B504
:100C800090F82040012C05D0022C03D0416A41F499
:100C9000802128E0046809B32469A40720D04FF418
:100CA000D874056804EB01142D5915F004059560FE
:100CB00005682D591AD0ED08556005682C5904F0C7
:100CC0000204D4604FF4DA74056804EB01142E5961
:100CD00006F00F06082E0CD308250DE0E468DCE7CB
:100CE000416A41F400114162012070BD6D0D156033
:100CF000E3E72D5905F00F05156105682D59C5F37A
:100D00000725956105682C59240C54614FF4DC7259
:100D1000046802EB0112A4581C700468A458240A49
:100D20005C700468A458240C9C700468A258120ECD
:100D3000DA704FF4DE72046802EB0112A4581C71E1
:100D40000468A458240A5C710468A458240C9C719B
:100D50000468A258120EDA71006829B1016941F0E5
:100D600020010161002070BDC16841F02001C16017
:100D7000F8E72DE9F05F0546006800244669D0F8E1
:100D800004908768D0F80CB0D0F810A0D0F8188084
:100D9000F10748D0F90714D001218160B80703D5C5
:100DA000284600F065FA0CE0780702D54FF400649D
:100DB00007E0380702D54FF4805402E0284600F0DF
:100DC00056FAF80516D529684FF480708860B80582
:100DD00003D5284600F071FA0CE0780502D544F4FA
:100DE000005407E0380502D544F4804402E0284668
:100DF00000F062FAF80316D529684FF48030886055
:100E0000B80303D5284600F05AFA0CE0780302D55F
:100E100044F4004407E0380302D544F4803402E08F
:100E2000284600F04BFA300707D55FEACB6004D5BF
:100E30002968102044F40074C86070074FF0080758
:100E400007D55FEA0B7004D52868C760284600F014
:100E50009FF9B00706D52868C068800702D02846E9
:100E600000F098F9700607D55FEACA6004D52968D2
:100E7000102044F480640861B00607D55FEA0A7068
:100E800004D528680761284600F0EEF9F00606D57B
:100E900028680069800702D0284600F0E6F9B00310
:100EA00008D55FEAC96005D5296810204860284642
:100EB00000F0DCF9F00307D55FEA097004D5286873
:100EC0004760284600F0FCF9300446D55FEA4970D7
:100ED00040D5F00504D55FEAC87001D044F00104A4
:100EE000B00504D55FEA887001D544F002047005AE
:100EF00004D55FEA487001D544F00404300529D5D3
:100F000018F0700F26D008F07000402815D006DCCD
:100F1000102809D020280AD0302816D10AE05028FD
:100F20000ED0602811D10EE044F008040DE044F02A
:100F300010040AE044F0200407E044F0400404E018
:100F400044F0800401E044F480742868816921F051
:100F500070018161296804204860002C05D0686A0E
:100F6000204368622846FFF789FEBDE8F09F70B510
:100F7000040003D094F8200010B104E0012070BDFB
:100F8000204600F081F82068016841F0010101600D
:100F900000F00CFD0546052604E000F007FD401BAF
:100FA0000A2811D820684068C007F6D02068016878
:100FB00021F00201016000F0F9FC05460BE000F0B1
:100FC000F5FC401B0A2806D9606A40F400306062D4
:100FD00084F82060D2E7206840688007EFD4207E44
:100FE0000128206801683DD021F080010160607E09
:100FF00001282068016838D021F040010160A07EFE
:1010000001282068016833D021F020010160E07ED2
:101010000128206801682ED041F010010160207F76
:1010200001282068016829D021F008010160607F53
:1010300001282068016824D021F004010160D4E96E
:1010400002010843D4E90412114308436168491EB0
:1010500008432168C86100206062012084F82000F4
:10106000002070BD41F08001C0E741F04001C5E7BC
:1010700041F02001CAE721F01001CFE741F008015B
:10108000D4E741F00401D9E72DE9F04387B00446E5
:1010900014216846FFF7E0F8394B3A48DFF8DC8066
:1010A0001968D4F800C0374A022503260927DFF85B
:1010B000D89010300024491CC44530D11960012952
:1010C00007D1016841F000710160006800F0007014
:1010D0000590106840F002001060106802AB00F04C
:1010E000020005904FF44070CDE9000583E8D00080
:1010F0006946484600F054FB00221146132000F0D8
:10110000BBFD132000F0AAFD00221146142000F0C0
:10111000B3FD142000F0A2FD07B0BDE8F083DFF8B6
:101120006C80C445F8D1D0F800C04CF0806CC0F899
:1011300000C0D0F800C001290CF0806CCDF814C0BC
:10114000196007D1016841F000710160006800F08A
:1011500000700590106840F002001060106802AB4B
:1011600000F0020005904FF44050CDE9000583E8FF
:10117000D0006946484600F013FBCDE7006400400C
:1011800000000020303802400004024000680040A7
:10119000704700007CB522496D46A1F11C048842CD
:1011A0001DD12B4622460021FFF769FD002815D1ED
:1011B0001CA006F0D5FE20A0216806F0D1FE20A0DC
:1011C00006F0CEFE002420A0295D06F0C9FE641CB6
:1011D000E4B2082CF7D31EA006F0C2FE7CBD104975
:1011E00028318842FAD1A1F144022B460021FFF7B1
:1011F00046FD0028F2D117A006F0B2FE0EA021682D
:1012000006F0AEFE0EA006F0ABFE00240EA0295D97
:1012100006F0A6FE641CE4B2082CF7D3DBE700005E
:101220007401002043414E31205265636569766543
:1012300064200D0A0000000049443A2523780A0082
:10124000446174613A000000307825303278200023
:101250000A00000043414E3220526563656976659D
:1012600064200D0A00000000704770477047704707
:101270000649884201D106A004E004492831884289
:1012800002D108A006F06CBE704700007401002077
:1012900043414E312053656E642064617461206F58
:1012A0006B0D0A0043414E322053656E6420646129
:1012B0007461206F6B0D0A0070477047704770476C
:1012C00070472DE9F0410446876D00F06FFB06463C
:1012D00094F835000025022806D08020606584F847
:1012E00034500120BDE8F0812068016821F016012A
:1012F00001602068416921F080014161206C08B9DA
:10130000A06C20B12068016821F00801016020680C
:10131000016821F0010101600CE000F047FB801B37
:10132000052807D920206065032084F8350084F85B
:101330003450D7E720680068C007EED194F85C10FD
:101340003F208840B860012084F8350084F834508C
:101350000020C7E790F83510022903D080214165AD
:1013600001207047052180F835100068016821F0E0
:1013700001010160002070472DE9F84304464FF059
:101380000009CDF8009063484FF41651A56D006830
:10139000B0FBF1F72E6894F85C10082000FA01F118
:1013A00031420FD021680A6852070BD50A6822F033
:1013B00004020A6094F85C108840A860606D40F0F8
:1013C0000100606594F85C104FF0010808FA01F024
:1013D000304208D021684969090604D5A860606DCB
:1013E00040F00200606594F85C10042088403042B0
:1013F00008D021680968890704D5A860606D40F0AD
:101400000400606594F85C1010208840304218D0C9
:1014100021680968090714D5A86020680168490394
:1014200004D50068000308D5A16C07E00168C90570
:1014300003D4016821F008010160216C09B1204644
:10144000884794F85C1020208840304231D02168D1
:101450000968C9062DD5A86094F8350005282068CC
:10146000016806D0490347D5006800031DD4616CAC
:101470001CE021F0160101602068416921F0800123
:101480004161206C08B9A06C20B12068016821F08E
:101490000801016094F85C103F208840A86084F83F
:1014A000358084F83490216D1FE0E16B09B120464E
:1014B0008847606D00282BD0606DC00714D00520D0
:1014C00084F835002068016821F00101016000986E
:1014D000401C0090B84203D820680068C007F6D1CD
:1014E00084F8358084F83490E16C002910D001B084
:1014F0002046BDE8F04308470168C905D5D4016816
:1015000021F01001016084F8358084F83490CCE734
:10151000BDE8F883300000202DE9F041044600F0DA
:1015200045FA06465CB1022084F83500002584F8AF
:1015300034502068016821F0010101600DE00120B4
:10154000BDE8F08100F032FA801B052805D9202083
:101550006065032084F83500F2E720680068C00762
:10156000F0D12268116820480140D4E901031843F2
:10157000D4E903363343184363691843A369184316
:10158000E3691843236A18430843616A042903D1B5
:10159000D4E90B1319430843106020684069666A58
:1015A00020F0070130460E43012704280CD1A06A21
:1015B0000643E06A40B12046FEF734FF20B14020E8
:1015C000606584F83570BAE7206846612046FEF70A
:1015D00015FF94F85C203F2191408160656584F897
:1015E00035700020ACE700003F8010F02DE9F0419D
:1015F0000446866D90F83400002501280DD00120A6
:1016000084F8340094F835700020012F07D084F856
:10161000340002252846BDE8F0810220FBE70227BE
:1016200084F8357060652046FEF726FF94F85C105C
:101630003F208840B0602068016841F016010160D9
:10164000206C20B12068016841F008010160206829
:10165000016841F001010160DCE7000070B504465B
:1016600000F0A4F90546601C02D004480078044448
:1016700000F09CF9401BA042FAD370BD240000206A
:10168000F0B587B014216846FEF7E6FD20480168F2
:1016900000293AD1012101601E480024016841F06F
:1016A000010101600068022500F0010005904FF281
:1016B0003F00CDE9000502AA03260C2782E8D000EE
:1016C0006946154800F06CF841F23F40CDE900054D
:1016D00002AA694682E8D000104800F061F84FF68F
:1016E0008370CDE9000502AA694682E8D0000C4863
:1016F00000F056F84FF63370CDE9000502AA6946AE
:1017000082E8D000074800F04BF807B0F0BD0000B9
:10171000080000203838024000140240001802403F
:1017200000100240000C02400A4930B40B680A4A1B
:1017300054681B1BC82B0AD909685160B0F5807F1B
:1017400003D006A030BC06F00BBC09A0FAE730BC01
:10175000704700002C000020140000206B65795FAA
:101760006F6B20707265737365642075700A00007A
:101770006B65795F6F6B207072657373656420644D
:101780006F776E0A00000000044910B50A68024233
:1017900002D00860FFF7C8FF10BD0000143C0140F4
:1017A0002DE9F84FDFF8BCA10022012503264FF0F8
:1017B0000F090AF1040BAAF1040E00BF0B6805FA29
:1017C00002F42340A34270D10F7907F00307012FE1
:1017D00001D0022F16D187684FEA420806FA08FCAA
:1017E00027EA0C07D1F80CC00CFA08FC4CEA070CED
:1017F000C0F808C04768A7430C79C4F300149440AC
:101800003C4344600C79E443A4070AD0C4684FEA1F
:10181000420C06FA0CF7BC438F6807FA0CF7274313
:10182000C7600C7904F00304022C12D1D40800EB39
:10183000840CDCF820405707FF0E09FA07F824EA69
:101840000804D1F8108008FA07F848EA0408CCF830
:10185000208004684FEA420C06FA0CF7BC430F796B
:1018600007F0030707FA0CF7274307604C6814F4E6
:10187000403F70D03C4C276847F48047276024687D
:1018800022F0030704F480440094384C07EB040C66
:10189000DCF8084897074FEA177809FA08F7BC43BD
:1018A000334FB84202D1002724E054E0314FB84210
:1018B00001D101271EE0304FB84201D1022719E0C3
:1018C0002E4FB84201D1032714E02D4FB84201D169
:1018D00004270FE02B4FB84201D105270AE02A4F19
:1018E000B84201D1062705E0284FB84201D10727A9
:1018F00000E0082707FA08F72743CCF80878DAF859
:1019000000405746D1F804C09C435FEACC2C00D578
:101910001C433C60DBF800405F46D1F804C09C43A8
:101920005FEA8C2C00D51C433C60DEF80040774613
:10193000D1F804C09C435FEA8C3C00D51C433C605A
:10194000084F083F3C68D1F804C09C435FEACC3C98
:1019500000D51C433C60521C102AFFF42FAFBDE899
:10196000F88F0000083C014044380240003001403C
:10197000000002400004024000080240000C024047
:10198000001002400014024000180240001C0240F7
:10199000426921EA02030A4043EA02418161704739
:1019A0000AB1816170470904FBE7000001488068C3
:1019B000704700002400002070B5040025D094F882
:1019C0003D00002520B984F83C50204600F0B8F8CE
:1019D000242084F83D002068016821F001010160A5
:1019E0002068016841F4004101602068016821F429
:1019F0000041016000F0E6FF4D4A6168914201D864
:101A00004C4900E04C49884201D2012070BD4B494D
:101A10002368B0FBF1F15E6826F03F060E435E607E
:101A20006368934206D94FF4967359434FF47A731F
:101A3000B1FBF3F12368491C1E6A26F03F063143CF
:101A400019626168914210D84900401EB0FBF1F262
:101A5000521CC2F30B02042A01D2042022E0B0FB84
:101A6000F1F0401CC0F30B001CE0A268F2B301EBE4
:101A7000C10303EB0116431EB3FBF6F35B1C43F4F7
:101A800080431B0549D092B301EBC10202EB011167
:101A9000401EB0FBF1F0401CC0F30B0040F480404E
:101AA00040F400402168CA694CF6FF739A43104322
:101AB000C861D4E9071001432068026822F0C0021F
:101AC00011430160D4E9030101432068826848F2B0
:101AD000FF339A4311438160D4E90501084321682B
:101AE000CA6822F0FF021043C86001E00EE016E071
:101AF0002068016841F0010101602564202084F81C
:101B00003D00256384F83E50002070BD01EB410686
:101B1000431EB3FBF6F35B1CB3E70120C2E701EB06
:101B20004101401EB0FBF1F0401CC0F30B00B7E7D1
:101B3000A086010080841E0000093D0040420F0085
:101B400010B586B0044614216846FEF785FB13499C
:101B50002068884220D112480021026842F0020227
:101B60000260006800F002000590C0200090122082
:101B7000CDE901010320039004200490694609483F
:101B8000FFF70EFE06481030016841F400110160B5
:101B9000006800F40010059006B010BD005400402D
:101BA0003038024000040240024881680278114443
:101BB00081607047240000200B4810B5016841F493
:101BC00000710160016841F480610160016841F4C5
:101BD00080710160032000F06FF80F2000F006F81C
:101BE00000F024F8002010BD003C024070B50D4DFF
:101BF00004464FF47A712878B1FBF0F00A4909687D
:101C0000B1FBF0F001F0AAFF48B9102C07D2002276
:101C10002146501E00F030F800206C6070BD01209D
:101C200070BD000024000020300000200A4808B5E4
:101C3000016841F480410160006800F48040009038
:101C40000548001F016841F080510160006800F004
:101C50008050009008BD000044380240002809DB95
:101C600000F01F02012191404009800000F1E020B6
:101C7000C0F8001170470000F0B40E4B1B680C4612
:101C8000C3F30223C3F10705042D00D90425191D50
:101C9000072901D2002300E0DB1E012606FA05F128
:101CA000491E214099409E40761E16403143F0BCAB
:101CB00006F066B90CED00E0064900F0070208687E
:101CC0004FF6FF03184040EA0220034A1043086021
:101CD000704700000CED00E00000FA057047006856
:101CE000416200207047F0B50368586A39B19C6AB8
:101CF0004FF4827600EB144400204D1E0AE040EAC7
:101D0000024098620FE006EB8007DF59401C04EBAD
:101D10001744C0B2A842F6D344EA02404FF480729E
:101D200002EB810158500020F0BDD0F8E00404F02F
:101D3000DCBE01EBC10200EB8202D0F8E004126AC3
:101D400004F02DBE01EBC10200EB8202D0F8E004EA
:101D5000D2F8602204F07FBED0F8E00404F0C7BEE1
:101D60000A0601F00F0101EBC10100EB810101D571
:101D7000143101E001F51571006805F01BBF70B565
:101D800004460B0601F00F0000EBC00104EB8101DB
:101D90004FF001024FF0000502D54A75143103E0FF
:101DA00081F8555201F51571087094F894040128D2
:101DB00008D084F89424206805F016FC84F8945424
:101DC000002070BD022070BD70B5044601F00F0008
:101DD0002279904201D9012070BD0B0601F00F015C
:101DE00001EBC10104EB81014FF001024FF000054E
:101DF00002D54A75143103E081F8555201F5157189
:101E00008D70087094F89404012808D084F8942404
:101E1000206805F05BFD84F89454002070BD02201A
:101E200070BD10B5044690F8940401280AD0012032
:101E300084F89404080607D501F00F01206805F026
:101E40002AFF04E0022010BD206805F008FF0020F2
:101E500084F8940410BD01F00F0101EBC10100EB07
:101E60008100D0F8680270472DE9F04104460F0662
:101E700001F00F0000EBC00104EB81014FF00106FF
:101E80004FF0000502D54E75143103E081F855522C
:101E900001F51571C2F30A0208708A600B714A7865
:101EA00002B14883022B00D14D7194F894040128AB
:101EB00009D084F89464206805F0E4FA284684F890
:101EC0009454BDE8F0810220FBE710B501F00F0447
:101ED00004EBC40100EB8101C1E998230023C1F8A0
:101EE000683281F8553281F85442837901F51571D1
:101EF000012B00D1CA618279006805F03FFD002006
:101F000010BD70B504460D4601F00F0021798842DE
:101F100001D9012070BD29064FF000064FF00102E3
:101F200006D500EBC00104EB81014A75143107E0CE
:101F300005EBC50104EB810181F8556201F51571CE
:101F40008A70087094F89404012807D084F89424C7
:101F5000206805F0E7FC280702D007E0022070BDEA
:101F6000A17904F29C42206805F084FC84F8946412
:101F7000002070BD10B501F00F0404EBC40100EBAC
:101F80008101C1E9082300238B6201234B7501F80D
:101F9000144F8379012B00D1CA618279006805F062
:101FA000EDFC002010BD00002DE9FC5F0568044633
:101FB000284605F09BFE00287DD1206805F0C2FE72
:101FC000002878D0D5F80808C0F30D20C4F8D40450
:101FD000206805F0B7FE800704D52068416901F04C
:101FE00002014161206805F0ADFEC10604F29C408B
:101FF000009034D52068816921F0100181612F6A39
:1020000007F00F0000EBC00004EB8006C7F343406D
:1020100006F51576022802D0062811D01AE047F6F8
:10202000F070074216D0C7F30A1217462846F16827
:1020300005F08CFEF0683844F0607069384408E0C0
:1020400008222846009905F081FE7069C7F30A113D
:10205000084470612068816941F010018161206845
:1020600005F070FE00034FF0080B4FF0000A4FF030
:1020700001097CD50026206805F043FE074674E080
:10208000F80770D0F1B2206805F054FE8046C00712
:1020900007D005EB4611C1F8089B3146204602F0F7
:1020A000F1FC5FEA087024D505EB4611C1F808BBC6
:1020B0002068016C00E023E200EB46100191D0F8AB
:1020C000082BFB4B994205D9110403D54FF400416D
:1020D000C0F8081B204600F0F6FAF549019888423E
:1020E00007D9A079012804D120680121009A05F0C0
:1020F000C1FB5FEAC86004D505EB46111020C1F8AA
:10210000080B5FEA88701DD56869000605D5D5F80B
:10211000040840F48061C5F8041806EBC60004EB1F
:10212000800090F8571200F51570012905D180F84C
:1021300003A0F1B2204600F0E9F905EB46110220B8
:10214000C1F8080B5FEA886004D505EB4610202132
:10215000C0F8081B5FEA884005D505EB46104FF430
:102160000051C0F8081B7F08761C002F88D120681A
:1021700005F0E8FD40036ED5206805F0BBFD07467D
:10218000002666E0F80762D0F1B2206805F0C0FDD5
:102190008046C00723D006F00F01D5F8342809FA8D
:1021A00001F18A43C5F8342805EB4611C1F80899B6
:1021B000A07901280FD106EBC60004EB8000D0E91E
:1021C00007211144016236B9606A20B920680121F3
:1021D000009A05F04FFBF1B22046FFF7AAFD5FEA37
:1021E000087003D505EB4611C1F808B95FEAC8606D
:1021F00004D505EB46111020C1F808095FEA4860D4
:1022000004D505EB46104021C0F808195FEA887034
:1022100016D53146284605F03EFD06EBC60004EB18
:102220008000C17D1430012905D180F803A0F1B2EE
:10223000204600F067F905EB46110220C1F80809B5
:102240005FEA086003D53146204602F081FC7F0832
:10225000761C002F96D1206805F074FD002811DA55
:10226000D5F8040820F00101C5F8041894F8CC044E
:1022700001282BD0204600F00BFA2068416901F0BC
:1022800000414161206805F05DFD00050BD5D5F8E2
:102290000808C00702D0204600F03EFA20684169D5
:1022A00001F400614161206805F04CFDC00467D570
:1022B000D5F8040820F00100C5F8040810212068B2
:1022C00005F0E9FC00214FF67F3220E084F8CCA431
:1022D00000212046FFF702FDCFE700BF05EB4110CC
:1022E000C0F80829D0F8003923F40013C0F80039E9
:1022F000C0F8082BD0F8003B23F40013C0F8003BD3
:10230000D0F8003B43F00063C0F8003B491C207943
:102310008842E3D8D5F81C0840F00111C5F81C1814
:10232000E07B002828460DD0D0F8840840F00B014F
:10233000C5F88418D5F8440840F00B012846C5F8C4
:1023400044180DE0D0F8140842F22B010843C5F8F8
:102350001408D5F8100840F00B012846C5F81018ED
:10236000D0F8000820F4FE61C5F80018A1792068B3
:10237000009A05F07FFA2068416901F480514161BB
:10238000206805F0DFFC800415D5206805F0BAF858
:10239000206805F09EFCE07100F00EFB0146E2793A
:1023A000206805F031FD204600F05CF920684169A5
:1023B00001F400514161206805F0C4FC000707D515
:1023C000204600F069F92068416901F00801416187
:1023D000206805F0B7FC000616D5A86920F080013A
:1023E000A96101260DE000BF06EBC60004EB8000EA
:1023F00090F85702012803D1F1B22046FFF7B0FC54
:10240000761C2079B042EFD8206805F09BFCC00212
:102410001FD501264F4614E005EB4610D0F8000901
:1024200006EBC60104EB81010A7E012A08D10028CF
:1024300006DACF75F0B240F080012046FFF790FC3D
:10244000761C2079B042E7D82068416901F48011F8
:102450004161206805F076FC800234D501204A46AF
:1024600029E000BF05EB4011D1F8001B00EBC003D1
:1024700004EB830393F85862012E1BD1002919DA6B
:1024800094F8D464C1F3004106F001068E4211D1E4
:1024900083F85722A96941F08003AB616969090695
:1024A00008D4D5F8040840F40070C5F8040805E025
:1024B0000A30544F401C21798142D3D820684169A9
:1024C00001F400114161206805F03CFC400007D593
:1024D0002046FFF72AFC2068416901F080414161F4
:1024E000206805F02FFC40070AD52068456868077A
:1024F00002D52046FFF730FC20684168294341603F
:10250000BDE8FC9FD0F8E00404F04DBBD0F8E00437
:1025100004F05DBBF8B5040005D094F89504266876
:10252000002510B106E00120F8BD84F8945420463F
:1025300000F056F8032084F89504B6F1A04F00D1BE
:10254000A571206805F090F9207C8DF8000094E8D2
:102550000F0004F0E5FF0226B8BB0021206805F05B
:1025600014FC90BB002001270DE000BF00EBC00170
:1025700004EB81014F750875C8850D76CD610D623C
:10258000401CC0B24D6221798142EFD8002011E099
:1025900000EBC00104EB810181F8555281F854022F
:1025A00081F85852C1F85C52C1F86052401CC0B268
:1025B000C1F8645221798142EAD8207C8DF800006C
:1025C00094E80F0005F092F810B184F89564AAE73A
:1025D000657484F89574206805F07AF80020F8BDD9
:1025E00010B586B0044614216846FDF735FE206814
:1025F000B0F1A04F2FD119480021026842F001022A
:102600000260006800F0010005904FF4C050009097
:102610000220CDE90101032003900A2004906946BD
:102620000F48FFF7BDF80D48001D016841F080011B
:1026300001600A481430016841F48041016000687B
:10264000002200F48040059011464320FFF714FB60
:102650004320FFF703FB06B010BD000030380240F6
:102660000000024070B50446C079012570B102280F
:1026700001D0FDF71AFF2946D4F8E00404F016FB58
:10268000D4F8E004BDE8704004F0CABA0025F2E7CF
:10269000D0F8E00404F0F3BAD0F8E00404F0F9BA9A
:1026A00010B5044690F8940401280AD0012084F85B
:1026B00094046174206805F096FB002084F894046B
:1026C00010BD022010BDD0F8E02400F29C4110465D
:1026D00004F0F8BA10B50446006894F8941401297F
:1026E00009D0012184F89414C168490609D5617B99
:1026F000012902D005E0022010BD816B41F4803138
:102700008163206805F0A5FA206804F0D3FF00205B
:1027100084F8940410BD000010B50446D0F8E0041D
:1027200004F012FB2068D0F8001E41F00101C0F84F
:10273000001EE07A002804D00248016841F006013A
:10274000016010BD10ED00E02DE9F843054600687A
:102750004FF00109C1074FF0000601D1400727D50E
:10276000DFF80C81C8F86860FFF720F90746414C94
:1027700005E000BFFFF71AF9C01B022857D82068F0
:102780000001F7D468688101287A41EA007039496C
:1027900084310860C8F86890FFF708F9074604E03C
:1027A000FFF704F9C01B022841D820680001F7D5C3
:1027B0002878800752D52F484030016841F0805179
:1027C000016000682C4C00F080500090206840F4BC
:1027D00080702060FFF7EAF8074604E0FFF7E6F8AC
:1027E000C01B022823D82068C005F7D5214C7034BF
:1027F000206810F4407020D0A98901F44071814212
:102800001BD020681D4920F44070C1F800900E6074
:1028100020602068C00710D0FFF7C8F8064641F2D4
:10282000883707E0FFF7C2F8801BB84202D90320BF
:10283000BDE8F88320688007F4D5E9680D48C1F346
:1028400001220830032A0BD0016821F4F81101603D
:102850002068A989C1F30B01084320600020E7E745
:102860000268074B22F4F81219400A430260EFE7AE
:10287000000047420038024000700040400E4742CE
:10288000FFFCFF0F2DE9F0470E46050065D0DFF88D
:102890001481D8F80000F7B200F00700B04207D268
:1028A00088F80070D8F8000000F00700B04254D15A
:1028B00028683D4C810712D5400703D5206840F4B5
:1028C000E05020602878000703D5206840F460407D
:1028D00020602068A96820F0F00008432060287874
:1028E000C0072DD0304968680839012812D0022865
:1028F00013D0032811D00968890700292DDA21682F
:1029000021F0030101432160FFF750F8814641F2B5
:10291000883A0EE009688903EFE709688901ECE766
:10292000FFF744F8A0EB0901514502D90320BDE8A7
:10293000F0872068696800F00C00B0EB810FEFD1E0
:10294000D8F80010404601F00701B14207D90770DE
:10295000006800F00700B04201D00120E7E72878C6
:10296000400705D52068E96820F4E050084320605E
:102970002878000706D52068296920F4604040EADD
:10298000C100206000F03EF82168084AC1F303113D
:10299000515CC8400649086006480068FFF726F900
:1029A0000020C4E7003C02400838024092A1000821
:1029B0003000002028000020014800687047000017
:1029C000300000200448054900680968044AC1F342
:1029D0008221515CC8407047300000200838024016
:1029E000A2A100080448054900680968044AC1F327
:1029F0004231515CC8407047300000200838024026
:102A0000A2A10008154810B5006810F00C02144887
:102A100013D04110042A0FD0082A0ED10F4C241FC6
:102A20002268236802F03F025B0207D52068C0F3EA
:102A30008810A0FB010106E0084610BD2168C1F323
:102A40008811A1FB00010023FDF7BAFB2168C1F347
:102A50000141491C4900B0FBF1F010BD08380240AB
:102A60000024F4002DE9F84F04006ED02078DFF840
:102A70004C93C007A9F104054AD009F1040001688C
:102A8000C1F38101012908D00068C0F38100022848
:102A90000AD1D9F80000400206D52868800337D54E
:102AA00060680028E1D033E06068B0F5803F10D066
:102AB000B0F5A02F286810D020F480302860286856
:102AC00020F4802028606068A8B1FEF76FFF0646FA
:102AD0000DE0286840F48030F4E740F4802028605E
:102AE000F7E700BFFEF762FF801B642873D82868F1
:102AF0008003F7D50CE0FEF759FF064605E000BF5E
:102B0000FEF754FF801B6428F0D828688003F7D4B0
:102B10002078DFF8AC8280074FF0000A3ED5A74846
:102B2000001D016811F00C0F08D00068C0F381008F
:102B300002280BD1D9F80000400207D4286880078A
:102B400016D5E068012800D112E033E1E068B8B1A1
:102B50000120C8F80000FEF729FF064605E000BF87
:102B6000FEF724FF801B0228C0D828688007F7D50D
:102B70002868216920F0F80040EAC10028600DE0D3
:102B8000C8F800A0FEF712FF064604E0FEF70EFFAD
:102B9000801B02281FD828688007F7D420780007F8
:102BA00022D5864F87486169703771B10121016074
:102BB000FEF7FCFE064604E0FEF7F8FE801B022846
:102BC00009D838688007F7D50EE0C0F800A0FEF7F6
:102BD000EDFE064605E082E0FEF7E8FE801B0228D7
:102BE0007DD838688007F7D42078400768D5DFF8AB
:102BF000CCB100270BF13C0BDBF80000C0000BD47C
:102C0000DBF8001041F08051CBF80010DBF8000039
:102C1000012700F0805000906B4E3068C00510D442
:102C2000306840F480703060FEF7C0FE009005E030
:102C3000FEF7BCFE0099401A022850D83068C00543
:102C4000F6D55E4EA0686C3601280FD00528306896
:102C500010D020F001003060306820F004003060B7
:102C6000A068B8B1FEF7A2FE00900FE0306840F017
:102C70000100F4E740F004003060F7E7FEF796FE4D
:102C80000099411A41F28830814266D83068800745
:102C9000F4D50EE0FEF78AFE009007E0FEF786FE10
:102CA0000099411A41F28830814256D83068800735
:102CB000F4D42FB1DBF8001021F08051CBF80010D4
:102CC000A069C8B33D49091D0968C1F38101022902
:102CD0004AD00228504607D0C8F8600000E03CE027
:102CE000FEF764FE04463BE04746C8F86000FEF786
:102CF0005DFE064605E000BFFEF758FE801B022879
:102D00002BD828688001F7D4D4E907010843A16AC9
:102D10002E4A490802EB0141626A41EA82110843E6
:102D200094F82C1040EA0161C9F8001001203866BF
:102D3000FEF73CFE044606E03EE000BFFEF736FE2E
:102D4000001B022809D828688001F7D534E000BFAD
:102D5000FEF72CFE001B022802D90320BDE8F88FE5
:102D600028688001F4D427E00128F7D0D9F80000C2
:102D7000E26900F4800191421CD1226A00F03F0117
:102D8000914217D147F6C071626A0140B1EB821FD0
:102D900010D1A26A4FF0FF3300F4403103EB52022E
:102DA000B1EB024F06D194F82C1000F07060B0EB3C
:102DB000016F01D00120D1E70020CFE704380240A5
:102DC00000004742800E4742007000400000FFFFB5
:102DD0000068503050F8210070470068503040F8CB
:102DE0002120704710B5040002D0607F10B106E0CA
:102DF000012010BD00202077204600F041F802207D
:102E000060772068C168C943C90632D5CA214162CA
:102E1000216853204862204601F0F8FE20BB20685C
:102E20008168164A11408160216888686268104391
:102E3000D4E904231A43104388602168E0680861DC
:102E400020680169228941EA02410161204601F0BE
:102E500001FF48B921680A6C22F480220A642168C3
:102E60000A6CA3691A430A642268FF21516208B1FF
:102E700010BD00200121617710BD0000BFFF8FFF52
:102E80001FB500210091019102910391006808494A
:102E900088420CD102200090C00103906846FFF7E1
:102EA00053FC08B1FDF701FB0249012008601FBD7A
:102EB000002800403C0E474270B50446007F0B4698
:102EC000012819D00126267702206077B2B19878C0
:102ED000D97840EA014558781978000240EA413033
:102EE00005432168CA204862216853204862204671
:102EF00001F08CFED0B122E0022070BD5878C106EE
:102F000003D500F0EF000A305870D87801F072FE57
:102F10000204587801F06EFE42EA0022987801F02F
:102F200069FE0243187842EA4035DAE7074805406F
:102F300020684560204601F08DFE00B96677226862
:102F4000FF2151620021217770BD00003FFFFF008B
:102F50002DE9F0410446007F0D46012823D04FF0B3
:102F6000010884F81C8002206077206800278068B0
:102F70004FEA4060D2B1002800DBEF70A8782978D2
:102F800040EA01466878E978000240EA8150064349
:102F90002168CA204862216853204862204601F017
:102FA00035FEB8B12CE00220BDE8F081002800DB3E
:102FB000EF70287801F01EFE0204687801F01AFE16
:102FC00042EA0022A87801F015FE0243E87842EABE
:102FD0008056DDE70D48064020680660206881685D
:102FE00021F480218160D5E90301084321688A68C2
:102FF00010438860204601F02DFE08B984F81D803A
:103000002268FF2151622777CEE700007F7F7F0093
:1030100070B504460B482168C860FEF7C7FC05463A
:103020004FF47A7607E000BFFEF7C0FC401BB042C9
:1030300001D9032070BD2068C0688006F4D5002047
:1030400070BD00005F7F010010B5FDF76CF910BD89
:1030500070470000F0B5426E920F0A70426EC2F3E4
:1030600083624A70426EC2F301628A70426E120C31
:10307000CA70B0F86420120A0A7190F864204A718C
:10308000826E120DCA80826EC2F303420A72B0F8D9
:103090006820C2F3C0324A72B0F86820C2F38032AE
:1030A0008A72B0F86820C2F34032CA72B0F8682061
:1030B000C2F300320A7300264E73426C4FF400755F
:1030C000012462B1012A3AD0026847499163816BB9
:1030D00041F08051816380F834400120F0BDB0F8A8
:1030E0006820C36E9205120D42EA93720A61C26EA5
:1030F000C2F3C2620A75C26EC2F302624A75C26E40
:10310000C2F342528A75C26EC2F38242CA75C26E5F
:10311000C2F3C2320A760A69521C42650B7E03F082
:1031200007039B1C9A4042650B7A03F00F0704FAD1
:1031300007F383655B0A5A43C0E917250EE090F850
:103140006820C36E9206920A42EA13420A610A6933
:10315000521C92024265C0E91652056630F86C2F87
:10316000C2F3803201F8192F0288C2F3C6124A70E6
:10317000027802F07F028A704268D20FCA704268F9
:10318000C2F341720A714268C2F382624A714268B4
:10319000C2F383528A714268C2F34052CA710E72FE
:1031A0004268C2F300424A728288C2F3C0328A7215
:1031B0008288C2F38032CA728288C2F340320A73B4
:1031C0008288C2F300324A738288C2F381228A73F2
:1031D0008288C2F30122CA730079C0F346000874E2
:1031E0004C740020F0BD0000FF054000426C0A60F6
:1031F000826C4A60C26C8A60026DCA60426D0A616C
:10320000826D4A61C26D8A61006EC861002070479C
:1032100070B50446B0F8500000250104206802F0A3
:10322000CAFB18B1A16B0143A16304E0002120682F
:1032300002F084FA0546C5F3432070BDF8B5056B6E
:1032400004460068416B09041BD5290719D5D4E948
:103250000A56002E14D00027206802F08FFA05F8D5
:10326000010B010A05F8011B010C05F8021B000EF9
:10327000361F7F1C05F8010C082FEDD3C4E90A5650
:10328000F8BD416B4FF00006C9054FF0010744D56A
:10329000390281632068C16B4CF23A329143C163B9
:1032A0002068C16A21F00101C16228071DD515F00F
:1032B000220F09D0206802F0AFFB28B1A16B0143B7
:1032C000A1632046FFF7C4FE216840F23A508863AC
:1032D00084F834702663A80703D0204600F09CFAD7
:1032E000F8BD204600F09CFAF8BD2806FCD5A806DB
:1032F00009D5206802F090FB28B1A16B0143A163BE
:103300002046FFF7A5FEA807EED12068C16A21F08C
:103310000801C16284F83470E3E7416B490424D5A5
:10332000290722D5D4E90856002EDDD05FF000072A
:1033300015F8010B009015F8011B361F40EA01201B
:10334000009015F8021B40EA0140009015F8011C9E
:1033500040EA016000906946206802F022FA7F1C72
:10336000082FE5D3C4E90856F8BD416B40F23A2274
:103370001142F9D0416B890703D5A16B41F00201DD
:10338000A163416B090703D5A16B41F00801A1635B
:10339000416B890603D5A16B41F02001A163416B0C
:1033A000C90603D5A16B41F01001A163416B8905EA
:1033B00003D5A16B41F00801A16340F23A7181632A
:1033C0002068C16B40F23A329143C163206802F039
:1033D00023FBA16B0843A063280706D584F834704B
:1033E00026632046FFF734FEF8BD2806FCD515F00D
:1033F000300F0CD0E16B11480865E06BFDF7AAFFB8
:103400000028F1D0E06BBDE8F84002F0CDBCA80781
:103410000CD0216C0A480865206CFDF79BFF002842
:10342000E2D0206CBDE8F84002F09CBCA66384F8B2
:10343000347026632046FFF707FEF8BDA95D00083B
:10344000655D000870B504000ED094F834000025C6
:1034500018B92577204600F04DF8032084F8340091
:10346000204600F00BF808B1012070BDA56325636C
:10347000012084F83400002070BD0000FEB5002556
:10348000044676200095CDE901502B462A46294670
:10349000206802F05DF9154E46F8A05F206802F042
:1034A00069F9012535600220FEF7D8F8204602F0C0
:1034B00015FD28B184F83450A16B0143A16313E0DA
:1034C000204602F093FC0028F4D14FF400712068EC
:1034D00002F0A0F9002808D0226805499163A16B89
:1034E0000143A16384F834500120FEBD00802542D1
:1034F000FF0540002DE9F04F87B0054614216846CE
:10350000FCF7AAFE4649286888427DD145480068F4
:10351000444940F400600860086800F400600590C9
:103520004048143800683F4940F0040014390860EE
:10353000086800F004000590086840F00800086082
:103540000868022400F0080005904FF48850CDE987
:10355000000402AA002003264FF00C0882E8410173
:1035600069463148FEF71CF902AA002082E84101B1
:103570000427CDE9007469462C48FEF711F92D4C5B
:103580002B484FF00068C4E9000800204FF4806920
:10359000A060C4E90309B8024FF4804BC4E9050BED
:1035A000C4E909764FF0200A0020C4E907A07E058F
:1035B000B7102046C4E90B67FDF7AEFF08B1FCF772
:1035C00074FF2C64A5631B4C194860344830C4E96F
:1035D00000084020A0600020C4E90309C4E907A056
:1035E0000420606204F12802032082E8C1004FF445
:1035F0008051C4E9051B2046FDF78EFF08B1FCF79A
:1036000054FFEC63002200E007E011463120A5637F
:10361000FEF732FB3120FEF721FB07B0BDE8F08F4B
:10362000002C01404438024000080240000C0240D7
:10363000586402405C0300202DE9F04F87B09B46A0
:1036400016460D460446FEF7B1F900903DB194F8D8
:103650003400012807D0A06B40F000500DE0A06BB3
:1036600040F0006009E00020A063E26D06EB0B0172
:10367000914204D9A06B40F00070A0638AE003215E
:1036800084F834102168C862616C012900D0760288
:103690004FF0FF3101914FEA4B2102914FF00108A9
:1036A00003AA902102278146CDF8188082E8820281
:1036B00001A9206802F02CF8BBF1010F05D927639E
:1036C0003146206802F000F905E0C4F83080314648
:1036D000206802F012F9DFF83CA130B12268C2F88C
:1036E00038A0A16B0143A16350E0029E1FE0406B34
:1036F000000413D596B10027206802F03FF805F8C2
:10370000010B010A05F8011B010C05F8021B000E54
:10371000361F7F1C05F8010C082FEDD3FEF746F984
:1037200001460098091A1098814220D2F8B1206809
:10373000426B40F22A310A42D9D0416BC90509D502
:10374000BBF1010F06D9616C032903D002F064F9C3
:103750000028C3D12068416B090702D4416B890559
:103760001AD5C0F838A0A06B40F0080050E02168DE
:10377000C1F838A0A06B40F00040A06384F834800A
:10378000C4F83090032007B0BDE8F08F84F834808F
:10379000C4F830900120F6E7416B890705D5C0F8E1
:1037A00038A0A06B40F0020032E0416B89061BD5C7
:1037B000C0F838A0A06B40F0200029E001F0DEFF47
:1037C00005F8010B010A05F8011B010C05F8021BA5
:1037D000000E05F8010C361FFEF7E8F80099411AB3
:1037E000109881420ED268B12068416B890201D5E0
:1037F000002EE3D1216840F23A50886384F8348087
:103800000020C0E72168C1F838A0A06B40F000405C
:10381000A063BBE7FF05400010B5FCF7BDFD10BD80
:1038200010B5FCF7CBFD10BD2DE9F04F8DB09B46D8
:1038300016460D460446FEF7B9F80A903DB194F8D5
:103840003400012807D0A06B40F000500DE0A06BC1
:1038500040F0006009E00020A063E26D06EB0B0180
:10386000914204D9A06B40F00070A0637AE003217C
:1038700084F834102168C862616C012900D0760296
:103880004FF0FF3103914FEA4B2104919021CDE994
:1038900005104FF00109CDE90709824603A9206808
:1038A00001F036FFBBF1010F06D92020206331461D
:1038B000206802F0CBF805E0102020633146206834
:1038C00002F0DDF85FEA000806D02168414888630D
:1038D000A06B40EA080074E0049E27E0406B4004BF
:1038E0001CD5DEB15FF0000715F8010B009015F84C
:1038F000011B361F40EA0120009015F8021B40EA28
:103900000140009015F8011C40EA016000906946F2
:10391000206801F046FF7F1C082FE5D3FEF746F82C
:103920000A99411A1698814220D2F8B12068416B59
:1039300040F21A321142D1D0416BC90523D5BBF1F7
:10394000010F20D9616C03291DD002F065F8D0B1B8
:10395000226820499163A16B0143A16384F83490EC
:10396000C4F830A001200DB0BDE8F08F21681948DF
:103970008863A06B40EA0800A06384F83490C4F820
:1039800030A00320EFE72068416B090702D4416BA8
:10399000890505D50F498163A06B40F0080010E050
:1039A000416B890705D50B498163A06B40F002008C
:1039B00007E0416BC90606D506498163A06B40F05C
:1039C0001000A063CAE740F23A51816384F8349052
:1039D0000020C8E7FF05400070B5040009D0606A08
:1039E000002540B125616561A56294F8510040B1A0
:1039F0000CE0012070BD6068B0F5827FF4D0E56115
:103A0000F2E784F85050204600F044F8022084F891
:103A100051002068016821F040010160A0882189DF
:103A200000F4827001F404410843A18901F40061AB
:103A30000843217C01F002010843217D01F00101CE
:103A40000843218B01F400710843217F01F0380104
:103A5000084394F8201001F080010843218D01F4FF
:103A60000051084321680860A069042101EA104060
:103A700094F8241001F01001084321684860206880
:103A8000C16921F40061C1616565012084F85100BC
:103A9000002070BD10B586B0044614216846FCF7BE
:103AA000DBFB13492068884220D1124800210268BC
:103AB00042F480520260006800F4805005900D4886
:103AC0001438026842F002020260006800F002004E
:103AD0000590382000900220CDE9010103200390D9
:103AE0000520049069460448FDF75AFE06B010BD53
:103AF00000300140443802400004024070B51546D1
:103B00000E46040003D094F8490010B107E00120EC
:103B100070BD002084F84800204600F01DF804F134
:103B200008012068FCF704FD3146A2682068FCF714
:103B300033FDD4E901022946236BFCF7DBFC216845
:103B4000A06851F8202042F0010241F82020012015
:103B500084F84900002070BDFDF792BD10B5401EED
:103B6000B0F1807F01D3012010BD4FF0E0246061EF
:103B70000F21601704F004FA0020A06107202061E3
:103B8000002010BD70477047F8B50168044608680A
:103B9000CA684B6910F00F0F4FF0000559D003F0C1
:103BA000010602F49077374365D0C10705D0D105EF
:103BB00003D5616C41F001016164410705D5D90766
:103BC00003D0616C41F002016164810705D5D9071A
:103BD00003D0616C41F004016164010707D502F074
:103BE0002001314303D0616C41F008016164616CD4
:103BF00000293AD0800604D5900602D5204602F06E
:103C000098FB20684069616CC0F38010090700D4FC
:103C100060B3204602F058FB20684069400621D579
:103C20002068143050E8001F21F0400140E80012E5
:103C3000002AF5D1E06BA8B172490165E06BFDF790
:103C400089FB002811D0E06B016D01B0BDE8F040A8
:103C5000084783060FD593060DD52046BDE8F840EA
:103C600002F067BB2046FFF78EFFF8BD2046FFF746
:103C70008AFF6564F8BD266B2023012E7ED1C6061F
:103C80007CD5D6067AD508684868009048694FF018
:103C9000020640064DD5E26B106840684FF480770D
:103CA0000004000C3AD0A18D814237D9E085D0695B
:103CB000B8422DD020680C3050E8001F21F48071EC
:103CC00040E80012002AF5D12068143050E8001FA7
:103CD00021F0010140E80012002AF5D120681430DB
:103CE00050E8001F21F0400140E80012002AF5D101
:103CF00084F84230256320680C3050E8001F21F022
:103D0000100140E80012002AF5D1E06BFDF7D9FA66
:103D10006663A08DE18D401A81B206E0A18D8142DB
:103D2000A8D1D069B842A5D166632046FFF72AFF23
:103D3000F8BDA08DE18D401A81B2E08D0028F7D04A
:103D40000029F5D020680C3050E8002F22F4907242
:103D500040E80027002FF5D12068143050E8002FEC
:103D600022F0010240E80027002FF5D184F842300C
:103D7000256320680C3050E8002F00E006E022F0B8
:103D8000100240E80023002BF3D1CDE705062BD528
:103D9000150629D594F841002128C9D1A068B0F5AD
:103DA000805F01D12069B0B1206A411C2162216885
:103DB00000784860E08C401E0004000CE084B7D11D
:103DC0002068C16821F08001C1602068C16841F0AD
:103DD0004001C160F8BD206A0088C0F30800486057
:103DE000206A801C2062E5E74006F3D55006F1D535
:103DF000CA68204622F04002CA6084F8413000F0D0
:103E000021F9F8BDCD61000870B5040004D094F824
:103E10004100002510B106E0012070BD84F840503B
:103E2000204600F023F8242084F841002068C1686F
:103E300021F40051C160204602F0DCFA20680169DB
:103E400021F4904101612068416921F02A0141611A
:103E50002068C16841F40051C1606564202084F885
:103E6000410084F842006563002070BD70B586B0E3
:103E7000064614216846FCF7EFF924493068884269
:103E800042D123480025016841F01001016000681B
:103E900000F0100005901E481438016841F001013F
:103EA00001600068694600F0010005904FF4C060B1
:103EB000009002200190012002900320039007202F
:103EC00004901448FDF76CFC144C134820604FF02C
:103ED0000060C4E901054014C4E903508010656125
:103EE000C4E90650256220466562FDF715FB08B15E
:103EF000FCF7DBFAF463002211462520A663FDF7E8
:103F0000BBFE2520FDF7AAFE06B070BD00100140E3
:103F1000443802400000024040640240BC050020DA
:103F200090F84230202B01D00220704721B11AB105
:103F30000023036302F0E4BA0120704710B5084A79
:103F4000016891420BD1074C074B21784A42194432
:103F5000D2B24FF0FF3300F025F80020207010BDE2
:103F600000100140100000207404002070B50A4ABF
:103F7000016891420ED1094C4FF0FF332178C1F115
:103F80008002D5B2064A11442A4600F00BF8207888
:103F90002844207070BD0000001001401000002077
:103FA000740400202DE9F843044690F84100984637
:103FB00016460D46202802D00220BDE8F88385B1C0
:103FC0007EB100206064212084F84100FDF7EEFC02
:103FD000A6848146E684A0682027B0F5805F02D0E1
:103FE00003E00120E9E7206910B12E4600250EE02C
:103FF00000260CE08021204602F0D2FAA8B9C6B112
:1040000016F8010B21684860E08C401EE084E08CCB
:104010004B464FF00002CDF800800028EAD14FF067
:104020004001204602F0BCFA40B184F84170032000
:10403000C3E735F8020BC0F30800E3E784F84170EA
:104040000020BAE77047FEE7F0B500230A243025C8
:1040500037261F4611E000BFB4EB107F02D905EBF5
:10406000107C01E006EB107C01F813C001EB430C5F
:1040700000015B1C8CF80170DBB29342ECD3F0BD05
:104080002DE9F0410546D0F8D40205EB8000D0F8C8
:10409000C042002C1ED094F81C020F4E40B9D4F838
:1040A000180228B1607A18B93178284602F03AFE31
:1040B0000A4F2846397802F035FE607A022809D185
:1040C0003978284602F02EFE31782846BDE8F041C6
:1040D00002F028BEBDE8F081ED000020EC000020D9
:1040E00070B50546D0F8D40205EB8000D0F8C04288
:1040F000002C66D0D4F81402C4F83402D4F81802A4
:10410000C4F838022F480178284602F008FD1F281D
:104110000ED12D49D4F81002884209D194F81D120D
:104120002068814204D894F81E0208B1102809D9E9
:1041300094F81D1220230522284601F09BF9022045
:10414000607209E004F21F22284600F0F1FD002809
:10415000207A08DA052804D02846BDE87040FFF729
:104160008FBF012128E002282BD0012829D0032865
:1041700027D0E668FEB1D5F8D412284605EB8101B8
:1041800004F11002D1F8C01200291AD0D1F8183267
:10419000B34200D33346D1F83842A41BC1F83842A9
:1041A000002481F83C4204240C7208490978BDE8D7
:1041B000704002F0D6BD00212846BDE8704000F0F6
:1041C000DBB870BDED00002055534243EC000020E9
:1041D00010B50446D0F8D40204EB8000D0F8C00239
:1041E000002818D0407A022809D0090613D50128E2
:1041F00011D02046BDE81040012100F0BDB80648AE
:104200000178204602F08EFD044801782046BDE882
:10421000104002F087BD10BDEC000020ED00002032
:1042200010B50446D0F8D40204EB8000D0F8C022C8
:10423000002A17D0107A022805D0032801D00428BC
:1042400010D1002109E092F81D12204602F21F222F
:1042500000F06EFD002805DA01212046BDE810407F
:1042600000F08AB810BD10B50446D0F8D40204EBB3
:104270008000D0F8C022002A17D0107A80B101281F
:1042800013D192F81D12204602F21F2200F050FDB9
:1042900000280ADA2046BDE81040012100F06CB881
:1042A0002046BDE81040FFF71BBF10BDD0F8D41268
:1042B00000EB8100D0F8C002002801D0002101727B
:1042C0007047000070B50546D0F8D40205EB8000B9
:1042D000D0F8C042002C24D000202072607284F8F4
:1042E000610284F8600284F86202D5F8D40205EB1A
:1042F0008000D0F8C402016800208847094E284693
:10430000317802F003FC08480178284602F0FEFBF1
:1043100004F5047231782846BDE870401F2302F08E
:1043200076BC70BDED000020EC00002070B50546A5
:10433000D0F8D40205EB8000D0F8C042002C16D093
:10434000002020720120607209480178284602F09E
:1043500014FB084E2846317802F00FFB04F5047276
:1043600031782846BDE870401F2302F050BC70BD74
:10437000EC000020ED00002070B50546D0F8D40216
:1043800005EB8000D0F8C042002C18D00C48C4F8CF
:10439000300284F83C12002020720A480D2304F5F4
:1043A0000C720178284602F0DCFC074804F5047220
:1043B0001F2301782846BDE8704002F028BC70BD7C
:1043C00055534253EC000020ED0000200E4810B57C
:1043D0000C4901601521416000214FF48032816059
:1043E000C0E903124161017641768176C176017799
:1043F0004177FCF7BCFD002803D0BDE81040FCF776
:1044000054B810BD00640040740100200E4810B57F
:104410000C4901601521416000214FF48032816018
:10442000C0E903124161017641768176C176017758
:104430004177FCF79CFD002803D0BDE81040FCF755
:1044400034B810BD006800409C010020114808B538
:10445000016841F4800101600068002200F48000DE
:10446000009011463A20FDF707FC3A20FDF7F6FBD5
:10447000002211463B20FDF7FFFB3B20FDF7EEFB42
:10448000002211464520FDF7F7FBBDE80840452016
:10449000FDF7E4BB3038024010B504490448FCF78E
:1044A00006F80249491E087010BD00001D000020DA
:1044B000C8A100082DE9F04F8FB01C216846FBF71A
:1044C000CBFE1C2107A8FBF7C7FE2E484FF0040BBC
:1044D0000024C0E902B41025C0E904458461C46128
:1044E0004FF4805A0462C0E9094AC4620463446319
:1044F000DFF8949084634FF020484464C0E9008959
:104500000F26CDE9004602A90A20112781E8B10053
:10451000002269461B480694FFF7F0FA08B1FBF742
:10452000C4FF18480621503007AAC0E90214C0E9A8
:1045300004458461C4610462C0E9094A4FF48041C2
:10454000C0E90B41446384634464C0E900898DE899
:1045500050080597CDE90365FF20CDE90646CDE972
:1045600008600848CDE90C74CDE90A656946503009
:10457000FFF7C4FA002801D0FBF797FF0FB0BDE8A2
:10458000F08F0000C4010020040100A02DE9F04FCD
:1045900087B014216846FBF75FFE5E48002401687F
:1045A00041F004010160016801F004010591016816
:1045B00041F020010160016801F0200105910168CE
:1045C00041F080010160016801F0800105910168FE
:1045D00041F001010160016801F0010105910168EC
:1045E00041F002010160016801F0020105910168DA
:1045F00041F040010160016801F04001059101684E
:1046000041F010010160016801F01001059101689D
:1046100041F0080101600068012200F008003E4FEF
:104620009502059029463846FDF7BAF9DFF8ECA067
:10463000002201215046FDF7B3F9012278215046AE
:10464000FDF7AEF9DFF8D890012203214846FDF7C7
:10465000A7F9DFF8D0B04FF4004801224146584690
:10466000FDF79EF90095032601250396CDE9015437
:1046700069463846FDF794F859200090CDE9015479
:10468000694650460394FDF78BF82020CDE90005DC
:10469000CDE9024669465046FDF782F8CDE900654E
:1046A000CDE9024669464846FDF77AF804208DE8D0
:1046B000310069464846FDF773F8E8028DE831009D
:1046C00069463846FDF76CF82F024FF40410009746
:1046D000CDE9010569465846FDF762F8009769463D
:1046E0005046CDE90145FDF75BF8CDF80080039613
:1046F000CDE9015469465846FDF752F800221146AB
:104700001720FDF7B9FA1720FDF7A8FA07B0BDE8A2
:10471000F08F0000303802400014024000000240D8
:1047200000040240001802400D4810B50B4901601A
:104730000C49416000214FF480428160C0E90312BE
:1047400041618161C1610162FDF736F9002803D042
:10475000BDE81040FBF7A9BE10BD000000540040AA
:1047600064020020A086010070B586B0142168465E
:10477000FBF772FD2348002421490594C0E9001489
:104780007F218160FF21C0E9031444618461FEF749
:1047900029FB08B1FBF789FE00211A48FEF718FB38
:1047A00046F26666B04228D009258DF800503520C3
:1047B0008DF801008DF802400394012269461148EA
:1047C0000494FEF7C5FB08B1FBF76FFE06208DF8D9
:1047D00014008DF8155026208DF816008DF817401E
:1047E000012205A90748FEF767FB08B1FBF75DFE4C
:1047F000324601210348FEF7F0FA06B070BD000012
:1048000000280040B8020020064805490160002148
:1048100041608160C1600161416104218161704733
:10482000002C0140D80200200F4810B50D4901604E
:104830004FF48271416000218160C1604FF40072C9
:104840000161C0E90512C1610162416281620A2110
:10485000C162FFF7C1F8002803D0BDE81040FBF7A4
:1048600024BE10BD003001401C0400200C4810B5CF
:104870000A4901604FF4E1314160002181600C225E
:10488000C160C0E904128161C161FFF7BDFA00286F
:1048900003D0BDE81040FBF708BE10BD001001407A
:1048A0007405002010B500220F49104802F052F89C
:1048B00008B1FBF7FAFD0E490C4802F0D5FB08B130
:1048C000FBF7F3FD0B49094802F03CFB08B1FBF78D
:1048D000ECFD064802F04CFC002803D0BDE8104077
:1048E000FBF7E3BD10BD0000400000207810002061
:1048F000B400002090000020FEE7000008B501226F
:104900001749184804F002FC010027D00D2901D0F6
:1049100015A01AE01FA003F023FB4FF400600090E5
:10492000264B002202210E4804F04AF9010001D072
:1049300023A00AE02CA003F013FB01220849094838
:1049400004F0E4FB010004D031A0BDE8084003F00E
:1049500007BB38A0BDE8084003F002BB3EA0F9E762
:104960001D0000201C0E0020E58F91E7949FE58537
:10497000B6E4BB96E99499E8AFAFEFBC8CE99499A3
:10498000E8AFAFE4BBA3E7A081203D2025640D0A7A
:10499000000000000D0AE6B2A1E69C89E69687E4D5
:1049A000BBB6E7B3BBE7BB9F2CE5BC80E5A78BE6B6
:1049B000A0BCE5BC8FE58C960D0A00001C0600200B
:1049C000E6A0BCE5BC8FE58C96E5A4B1E8B4A5EF04
:1049D000BC8CE99499E8AFAFE4BBA3E7A081203D8C
:1049E0002025640D0A000000E6A0BCE5BC8FE58C24
:1049F00096E68890E58A9FEFBC8CE5BC80E5A78BA6
:104A0000E9878DE696B0E68C82E8BDBD5C720A004F
:104A1000E58F91E7949FE99499E8AFAFEFBC8CE9FB
:104A20009499E8AFAFE4BBA3E7A081203D202564C3
:104A30000D0A00002A2A2A20E69687E4BBB6E7B3CF
:104A4000BBE7BB9FE68C82E8BDBDE68890E58A9F08
:104A5000202A2A2A0D0A0000E69687E4BBB6E7B3AF
:104A6000BBE7BB9FE68C82E8BDBDE68890E58A9FE8
:104A70000D0A0000FEE700000148FDF795BA0000AE
:104A8000DC1700202DE9F04103680D4604461E6C3A
:104A900003EB4511D1F8080B94F806E04FF40047FA
:104AA0004FF0200C04F29C42BEF1010F09D0DFF858
:104AB00098E0764539D1020432D500BFC1F8087BB1
:104AC0003FE0224B5FEA007E04D59E4239D90004C4
:104AD000F4D436E05FEA806E02D5C1F808CB30E04E
:104AE00010F0280F2DD19E4201D90004E6D405EB29
:104AF000C50004EB8000D1F8101BD0F87432C1F36C
:104B00001201591AC0F8681200F51570ADB90369A1
:104B10001BB1C2681144C1600FE0012120680AE0A6
:104B200080060AD5C1F808CB07E035B9D4F864028D
:104B300018B90021184602F09DFEE9B22046FDF7A3
:104B400001F90020BDE8F0810A31544F0A30544F7A
:104B50002DE9F84F0E4601EBC60100EB81048146BA
:104B60000568D4E909101434884202D90120BDE84F
:104B7000F88F081AA168814200D20846C01C870835
:104B800005EB46181BE000BFA0EB010AA0685045EA
:104B900000D282460AF10300870899F806000090C7
:104BA0001FFA8AF3F2B22846E16803F0A1F9E1683E
:104BB00001EB0A00E060616901EB0A006061D8F86E
:104BC000180980B2B84205D3D4E90401814201D268
:104BD0000028D9D1D4E90401884208D806F00F0191
:104BE00001208840D5F834188143C5F834180020D6
:104BF000BDE77047002102E00A38C0B2491C0A280C
:104C0000FAD2090740EA1160704700002DE9F0412F
:104C1000044600680025C168490618D4C16841F0FF
:104C20008001C160FCF7C2FE06464FF47A78042783
:104C300007E000BFFCF7BAFE801B404501D967774B
:104C400001252068C068400601D4002DF2D0284616
:104C5000BDE8F08170B5044600680025C16821F008
:104C60008001C16020688068800606D42046FEF777
:104C7000CFF910B1042060770125284670BD70B5CA
:104C8000D0F8D4424FF0FF3600EB8404D4F8C05281
:104C900005EB011404F519743DB11A4463689A4296
:104CA00005D92123052200F0E5FB304670BD002028
:104CB00070BD000070B50446D0F8D402134604EB72
:104CC00080024FF0FF35D2F8C00280B1D0F81862F0
:104CD0007EB15E78F60716D0997871B180290FD031
:104CE00090F81D1224230522204600F0C3FB28461D
:104CF00070BD90F81D122023F5E706220A490FE047
:104D000008220A490CE0D2F8C42201EBC1011B7948
:104D1000D26902EB81010A79521D934200D81A46EA
:104D200000F0FEFB002070BD1A01002020010020D1
:104D30002DE9F0411646D0F8D4224FF0FF3500EBB4
:104D40008202D2F8C082B8F1000F51D033786F4F91
:104D50000024252B71D011DC1B2B32D007DC0BB3C8
:104D6000032B24D0122B27D01A2B19D14AE01C2B4D
:104D700070D01E2B3DD0232B12D17EE09E2B6AD00B
:104D800008DC282B68D02A2B67D02F2B71D05A2B08
:104D900006D153E0A02B6DD0A82B6CD0AA2B6BD0E2
:104DA000202322E03246BDE8F04100F089BB3246C4
:104DB000BDE8F04100F01ABB3246BDE8F041FFF714
:104DC00079BF98F86222012A04D1327902F00302F5
:104DD000022A7CD0317901F0030001280FD002288B
:104DE0000AD0C84380070AD07BE0052200F042FBCE
:104DF00075E0307918B1012088F8620271E088F816
:104E000062426EE00846D2F8C4120425C968884799
:104E100028B13F48817841F08001817003E0B87883
:104E200020F08000B8703079042800D805462A4662
:104E300037491CE02046BDE8F08123E00846D2F85F
:104E4000C4120825C96888470028F87806D040F0C1
:104E5000800005E04DE01AE01EE027E020F0800031
:104E6000F870307A082800D8054628492A46404676
:104E700049E025E038E014E01DE03246BDE8F041AD
:104E800000F042BA3246BDE8F04100F0A0B9324627
:104E9000BDE8F04100F0DEB93246BDE8F04100F077
:104EA000E5B83246BDE8F04100F037B93246BDE81A
:104EB000F04100F045BB3246BDE8F04100F0B0BB28
:104EC000737808EB011202F519729B0701D52423B0
:104ED0008BE7D3689268FFF7D2FE002801DA2846F4
:104EE000A9E7C8F80C40A5E73246BDE8F04100F05C
:104EF0004FBAB6F8031040464ABA002A9AD0082A98
:104F000000D90822034900F00BFB93E72C01002095
:104F100028010020340100202DE9F0470746D0F891
:104F2000D402894607EB80004FF0FF38D0F8C0620A
:104F300006EB091404F51974E6B12188E5684FF40D
:104F400000724D43954200D31546B5FBF1F1D0F800
:104F5000C4028BB206F11001D0F810C0A2688A46D4
:104F60004846E047002808DA11230422494638461B
:104F700000F080FA4046BDE8F0870F482B465246C5
:104F80000178384601F0EDFE2088A168B5FBF0F00D
:104F90000844A0602088E168B5FBF0F0081AE060E2
:104FA000D6F83802401BC6F83802E06808B903207A
:104FB00030720020DFE70000EC0000202DE9F05FF8
:104FC0008A46D0F8D412804600EB81004FF0FF39BA
:104FD000D0F8C06206EB0A1404F51974E6B1218812
:104FE000E5684FF400774D43BD4200D33D46B5FB25
:104FF000F1F1D0F8C4028BB206F11001D0F814C060
:10500000A2688B465046E047002808DA03230422B2
:105010005146404600F02EFA4846BDE8F09F2088F1
:10502000A168B5FBF0F00844A0602088E168B5FBFA
:10503000F0F0081AE060D6F83802401BC6F83802D3
:10504000E36863B120884343BB4200D33B46064834
:105050005A460178404601F0DAFD0020DDE70021E4
:105060004046FFF789F9F8E7ED0000202DE9F04709
:105070000746D0F8D402884607EB80001646D0F8E1
:10508000C0424FF0FF3904EB081505F519754CB314
:10509000217AB1BB94F81C1209062DD594F862123E
:1050A000022905D0D0F8C40281684046884730B153
:1050B0003A2302224146384600F0DCF912E0D6F8E5
:1050C0000200717900BA20F0FF000843A860B6F82A
:1050D0000700414643BAEB603846AA68FFF7CFFDA8
:1050E000002802DA4846BDE8F0872988E868484386
:1050F000D4F81812884205D0202394F81D120522F6
:10510000D9E701E0022020724FF40070E0604146D0
:105110003846BDE8F047FFF7FFBE2DE9F0470746E8
:10512000D0F8D402884607EB80001646D0F8C0427B
:105130004FF0FF3904EB081505F5197564B3217AB2
:10514000C9BB94F81C12090630D594F862120229E2
:1051500005D0D0F8C40281684046884730B13A2370
:1051600002224146384600F085F915E056F8020F54
:1051700000BAF17820F0FF000843A860706841464B
:1051800000BA20F0FF03F0790343EB603846AA68C9
:10519000FFF775FD002802DA4846BDE8F087298848
:1051A000E8684843D4F81812884205D0202394F8C0
:1051B0001D120522D6E701E0022020724FF4007094
:1051C000E06041463846BDE8F047FFF7A5BE2DE94F
:1051D000F0410646D0F8D402884606EB80004FF036
:1051E000FF37D0F8C04204EB081505F5197544B136
:1051F000D0F8C4022A46291D43684046984710BB90
:1052000002E03846BDE8F08194F8620202281AD024
:105210006868401E000E20746868401E000C6074B0
:10522000A888401E000AA0742879401EE07400205F
:10523000207560752888000AA0752878E075082018
:10524000E0600020DEE73A2302224146304600F0CB
:1052500011F9D6E72DE9F0470746D0F8D402894680
:1052600007EB80001646D0F8C0424FF0FF3804EB41
:10527000091505F5197544B1D0F8C4022A46291D4F
:1052800043684846984790B902E04046BDE8F08739
:1052900094F8620202280AD0D6F80A00717B00BA9C
:1052A00020F0FF000843E0600020014609E03A23B7
:1052B00002224946384600F0DDF8E6E72218401C95
:1052C0001174E2688242F9D86868401E000E2075A9
:1052D0006868401E000C6075A888401E000AA07512
:1052E0002879401EE075217661762888000AA0762C
:1052F0002878E076D6F80A00717B00BA20F0FF002B
:105300000843E0600020C1E72DE9FC410546D0F8E4
:10531000D4020F4605EB80004FF0FF36D0F8C042B4
:1053200044B1D0F8C4026A4601A943683846984798
:1053300030BB02E03046BDE8FC8194F862020228EE
:105340001ED0002001462218401C80B211740C2887
:10535000F9D30820E0740198401E020E2275020C59
:105360006275020AA275E075022020766176BDF8AA
:105370000000010AA176E0760C20E0600020DAE768
:105380003A2302223946284600F074F8D2E700009A
:1053900010B5D0F8D41200EB8100D0F8C04284B12F
:1053A00018211148FAF758FF20680F4BC100083147
:1053B000080E1870080C5870080A9870D9700022EE
:1053C00007E04FF0FF3010BD03EBC2004272521CE9
:1053D000D2B220689042F7D208318AB20249204600
:1053E00000F09EF8002010BDC01C002030B5D0F8A1
:1053F000D4124FF0FF3400EB8101D1F8C01231B369
:10540000D1F818322BB3002004460B18401CC0B250
:105410001C741228F9D3702008740C20C87591F8F8
:10542000600291F8613298421CD001EBC003401C2D
:1054300093F840528D7493F844520D7793F84532A7
:10544000C0B24B7781F86002042809D00AE02046F8
:1054500030BD91F81D122023052200F00BF8F6E76D
:1054600081F860421220C8601079122800D8C86004
:10547000002030BDD0F8D41200EB8100D0F8C0027B
:1054800000281CD090F8611200EBC10181F8402285
:1054900090F8611200EBC10181F8443290F861226A
:1054A000002100EBC20282F8451290F86122521CE2
:1054B000D2B280F86122042A01D180F861127047CB
:1054C0002DE9F0410546D0F8D402884605EB80006E
:1054D0004FF0FF37D0F8C042E4B1D4F8181239B118
:1054E00094F81D12202305222846FFF7C3FF11E080
:1054F00094F862120526022905D0D0F8C40281680A
:105500004046884748B13A23022241462846FFF7E1
:10551000B1FF26723846BDE8F0810020E060FAE76E
:1055200010B508B1C26007E04FF0FF3010BD521E49
:1055300092B284188B5C2374002AF8D1002010BD2D
:105540002DE9F0470646D0F8D402894606EB8000E4
:105550001746D0F8C0424FF0FF3804EB091505F5A7
:105560001975DCB3217A29B149463046BDE8F047C8
:10557000FFF724BDD4F8181299B394F81C12090649
:1055800037D4D0F8C40281684846884728B13A2306
:105590000EE03046FFF76EFF20E0D6F8D40206EBAF
:1055A0008000D0F8C402C1684846884718B1272354
:1055B00002224946EDE7D7F80200797900BA20F0D7
:1055C000FF000843A860B7F80700494643BAEB60FC
:1055D0003046AA68FFF753FB002803DA4046BDE8CF
:1055E000F08706E02888EB684343D4F81802984215
:1055F00004D0202394F81D120522CAE74FF400704E
:10560000834200D3034601202072044804F11002B3
:105610000178304601F0FBFA0020E0E7ED000020C1
:105620002DE9F0470646D0F8D4028A4606EB800002
:105630001746D0F8C0424FF0FF3904EB0A1505F5C4
:10564000197594B3217A29B151463046BDE8F04727
:10565000FFF7B4BCD4F8181219B194F81C1209065B
:1056600007D594F81D12202305223046FFF702FFCC
:1056700032E0D0F8C4028168504688474FF00508F0
:1056800008B13A230AE0D6F8D40206EB8000D0F83D
:10569000C402C1685046884740B1272302225146C0
:1056A0003046FFF7E7FE84F8088015E057F8020F50
:1056B00000BAF97820F0FF000843A86078685146E6
:1056C00000BA20F0FF03F8790343EB603046AA6884
:1056D000FFF7D5FA002802DA4846BDE8F0872888A7
:1056E000EB684343D4F818029842BAD14FF40070E3
:1056F000834200D3034601202072044804F11002C3
:105700000178304601F083FA0020E6E7ED00002042
:105710000A6842624A688262D1E902231A43D1E9E7
:1057200004310B43C16A1A4321F0F7011143C162EE
:1057300000207047006800F003007047084440698B
:10574000704700000148FDF779BD0000D802002035
:1057500070B50DF1100C11439CE870002343194300
:1057600029434268314347F6FF639A430A43426044
:10577000002070BD0321016000207047D0F8800038
:1057800070470A688260D1E901231A43D1E90331E5
:105790000B43C1681A436FF30B011143C160002032
:1057A00070470968C0F880100020704710B585B0B8
:1057B00004463720CDE900104020029000200390DD
:1057C0004FF48060049069462046FFF7DAFF41F20B
:1057D00088323721204600F06BF905B010BD00007B
:1057E00010B504460A4885B001432920CDE90010D0
:1057F00040200290002003904FF48060049069469E
:105800002046FFF7BEFF204600F00AFA05B010BDA3
:105810000000108010B585B004461020CDE90010BE
:1058200040200290002003904FF48060049069466D
:105830002046FFF7A6FF41F288321021204600F0F3
:1058400037F905B010BD000030B585B0002405461D
:10585000009401944FF480600294CDE903406946BE
:105860002846FFF78EFF0B484FF4FA510068B0FB53
:10587000F1F041F288314843401E03D24FF000401E
:1058800005B030BD696B0906F6D5C520A863204672
:10589000F6E700003000002010B585B004464FF454
:1058A000D5700090082001904020029000200390C5
:1058B0004FF48060049069462046FFF762FF20465F
:1058C00000F014FA05B010BD10B585B004461220E2
:1058D000CDE9001040200290002003904FF480603A
:1058E000049069462046FFF74CFF41F288321221AE
:1058F000204600F0DDF805B010BD10B585B00446B7
:105900001120CDE9001040200290002003904FF4B8
:105910008060049069462046FFF733FF41F28832E9
:105920001121204600F0C4F805B010BD10B585B0B7
:1059300004460720CDE9002040200290002003907B
:105940004FF48060049069462046FFF71AFF41F249
:1059500088320721204600F0ABF805B010BD10B525
:1059600085B0044600210220CDE90010C020CDE919
:1059700002014FF48060049069462046FFF701FF62
:10598000204600F025F905B010BD10B585B00446DD
:105990000920CDE90010C0200290002003904FF4B0
:1059A0008060049069462046FFF7EBFE204600F039
:1059B0000FF905B010BD10B585B004460D20CDE936
:1059C000001040200290002003904FF4806004906B
:1059D00069462046FFF7D5FE41F288320D21204668
:1059E00000F066F805B010BD30B585B00C46054630
:1059F00000210320CDE900104020CDE90201000183
:105A0000049069462846FFF7BCFE2246032128463B
:105A100000F028F905B030BD10B585B0044600216E
:105A20000C20CDE900104020CDE9020100010490D6
:105A300069462046FFF7A5FE034A0C21204600F0E8
:105A400037F805B010BD000000E1F50510B585B0D0
:105A500004461920CDE90010402002900020039058
:105A60004FF48060049069462046FFF78AFE41F2B9
:105A700088321921204600F01BF805B010BD10B582
:105A800085B004461820CDE9001040200290002087
:105A900003904FF48060049069462046FFF771FE42
:105AA00041F288321821204600F002F805B010BDFE
:105AB000454B10B51B684FF4FA54B3FBF4F3534352
:105AC0005B1E02D24FF0004010BD426B12F0450F3A
:105AD000F6D01205F4D4426B520703D5042181633A
:105AE000084610BD426BD20702D00121816305E058
:105AF000C52282630269D2B28A4201D0012010BD60
:105B00000021FFF71BFE3149084201D1002010BDE2
:105B1000002802DA4FF0007010BD410001D540208E
:105B200010BD810001D5802010BDC10002D54FF409
:105B3000807010BD010102D54FF4007010BD41010D
:105B400002D54FF4806010BDC10102D54FF4006052
:105B500010BD010202D54FF4805010BD410202D5A4
:105B60004FF4005010BD810202D54FF4804010BDAB
:105B7000C10202D54FF4004010BD410302D54FF4DD
:105B8000003010BD810302D54FF4802010BDC10349
:105B900002D54FF4002010BD010402D54FF480104F
:105BA00010BD410402D54FF4001010BD810402D590
:105BB0004FF4800010BD000702D54FF4000010BD67
:105BC0004FF4803010BD00003000002008E0FFFDE1
:105BD00012494FF4FA520968B1FBF2F141F28832EE
:105BE0005143491E02D24FF000407047426B12F001
:105BF000450FF6D01205F4D4416B490703D50421B3
:105C0000816308467047416BC90703D00121816356
:105C100008467047C521816300207047300000208E
:105C20000F494FF4FA520968B1FBF2F141F28832A0
:105C30005143491E02D24FF000407047426B12F0B0
:105C4000450FF6D01205F4D4416B490703D5042162
:105C5000816308467047C5218163002070470000BA
:105C60003000002030B5204B4FF4FA541B68B3FBD2
:105C7000F4F341F2883463435B1E02D24FF00040DC
:105C800030BD446B14F0450FF6D02405F4D4436BBB
:105C90005B0703D504218163084630BD436BDB07F6
:105CA00002D00121816303E00369DBB28B4201D0A2
:105CB000012030BDC52181630021FFF73FFD10F4B5
:105CC000604F04D0410406D54FF4005030BD000CA5
:105CD0001080002030BD000402D54FF4805030BD4C
:105CE0004FF4803030BD00003000002014494FF4E4
:105CF000FA520968B1FBF2F141F288325143491E70
:105D000002D24FF000407047426B12F0450FF6D0C0
:105D10001205F4D4416B490703D504218163084679
:105D20007047416BC90703D0012181630846704762
:105D3000416B490601D54021816300207047000076
:105D40003000002010B5064C01202070FAF7F2FA5E
:105D500018B9207820F001002070207810BD0000D4
:105D60003C00002010B5846B40F23A5021688863F3
:105D70002046FDF74DFA012184F8341000212163FB
:105D8000062801D0052805D12068FFF745FEA16B44
:105D90000843A063A06B0028204602D0FDF758F905
:105DA00010BDFDF751F910BD10B5846B40F23A50AB
:105DB000216888632046FDF72BFA012184F834100E
:105DC00000212163062801D0052805D12068FFF7AE
:105DD00023FEA16B0843A063A06B0028204602D0DD
:105DE000FDF736F910BDFDF72FF910BD10B590B0D5
:105DF00004460120ADF838002068FFF79BFC00281E
:105E000054D0606C032842D02068FFF7A8FD00281A
:105E10004AD100212068FFF791FC606704212068C7
:105E2000FFF78CFCA06708212068FFF787FCE0677C
:105E30000C212068FFF782FCC4F88000606C032806
:105E400025D00EA92068FFF7CFFD00282CD1606C6B
:105E500003281CD0BDF83800206501042068FFF736
:105E600094FD002820D100212068FFF767FC6066C0
:105E700004212068FFF762FCA06608212068FFF774
:105E80005DFCE0660C212068FFF758FC20670421C8
:105E90002068FFF753FC000DE06403A92046FDF7DE
:105EA000D9F830B14FF0805010B010BD4FF0806085
:105EB000FAE7B4F85000002302042068FFF736FD2B
:105EC0000028F1D104F1100007C88DE8070094E81C
:105ED0000F00FFF73DFC0020E6E700002DE9F84F3A
:105EE0000026044600963546B0460068FFF7ACFC35
:105EF000002827D12068FFF7CFFC4FF0805B4FF0E0
:105F000001094FF6FF7748B1A6642068FFF79CFCB3
:105F1000002817D1A06C012802D020E0C4F84890D6
:105F200000212068FFF742FC58B918E000212068E2
:105F3000FFF73CFC002805D151462068FFF750FCD4
:105F400010B15846BDE8F88F00212068FFF7F6FB36
:105F500005464FEAD0780098401C009002E0DFF838
:105F60002CA00098B84202D2B8F1000FDED0009801
:105F7000B84202D34FF08070E4E7680002D5C4F85D
:105F8000449000E066640020DCE70000000010C1DF
:105F900070B5064C054601202070FAF7D7F918B9FC
:105FA0002846FFF7CFFE2070207870BD3C0000200F
:105FB00010B5124888B014460078C00702D00320FC
:105FC00008B010BDC1B1012905D0022908D00329AC
:105FD0000CD00420F4E76846FAF7A6F906980AE020
:105FE0006846FAF7A1F90798208005E06846FAF7B5
:105FF0009BF90798400A20600020E1E73C00002060
:1060000070B51D46164608460124A31E2A46314691
:10601000FAF7B2F928B900BFFAF78CF90028FBD1DA
:106020000024204670BDFFF78DBE000070B51D46F0
:10603000164608460124A31E2A463146FAF7AEF951
:1060400028B900BFFAF776F90028FBD100242046D2
:1060500070BD000030B589B00D4614466946084849
:10606000FDF7C4F838B14FF480302860C0112080AB
:1060700009B0002030BD049828600598F7E70000BB
:10608000D802002000207047002070470020704791
:106090000020704708B542F2107000900648FDF7E6
:1060A000CBFA08B1032008BD0348FDF7B1F8042876
:1060B000FAD1002008BD0000D802002008B542F245
:1060C000107000900648FDF7AFFB08B1032008BD33
:1060D0000348FDF79DF80428FAD1002008BD000010
:1060E000D802002070470178407841EA00207047CC
:1060F00010B5FBF759FD08490868401C0860B0F569
:106100007A7F07D300200860BDE8104008210348CB
:10611000FBF73EBC10BD0000140000200000024050
:1061200030B593B030216846FAF796F814210CA8E0
:10613000FAF792F81F480025016841F0805101608C
:10614000006800F0805011901B48016841F48041C4
:1061500001600068022400F4804011900520009046
:106160004FF480300190012002908005CDE9064077
:1061700004200890A820CDE9090407200B90684668
:10618000FCF770FC08B172B6FEE70CA90F2081E89D
:1061900031004FF4A0500F904FF480501090052123
:1061A0000CA8FCF76FFB002801D072B6FEE713B015
:1061B00030BD0000403802400070004002480168D5
:1061C00041F470010160704788ED00E010B5806B0C
:1061D0000021C185FDF7D7FC10BD70B5846B206828
:1061E000406994F84110C0F3C0100025212904D162
:1061F00018B1E584204600F08EF82068406994F8D4
:106200004210C0F38010222904D118B1E585204640
:1062100000F05AF8606C40F0100060642046FDF712
:10622000B2FC70BD10B50146806B096809684FF07B
:106230000002C9052ED4C28501680C3151E8003F27
:1062400023F4807341E80034002CF5D10168143147
:1062500051E8003F23F0010341E80034002CF5D160
:106260000168143151E8003F23F0400341E8003455
:10627000002CF5D1202180F84210016B012909D1B1
:1062800001680C3151E8003F23F0100341E800346D
:10629000002CF5D14263016B012902D0FDF74EFEBF
:1062A00010BD818DFDF76EFC10BD10B5806B012116
:1062B0004163016B012902D0FDF758FE10BD818DAD
:1062C0004908FDF75FFC10BD01680C3151E8002F53
:1062D00022F4907241E80023002BF5D101681431BB
:1062E00051E8002F22F0010241E80023002BF5D1F4
:1062F000016B012909D101680C3151E8002F22F00E
:10630000100241E80023002BF5D1202180F8421033
:1063100000210163704701680C3151E8002F22F021
:10632000C00241E80023002BF5D1202180F8411064
:10633000704708B590F84210222901D0022008BD0C
:1063400082684FF480539A4201D1016921B1816A78
:106350009A421BD04AB10AE00268816A5268C2F3CD
:1063600008020A80816A891C08E0026972B1026829
:10637000526802F07F020A70816A491C8162C18DF5
:10638000491E0904090CC18503D01BE0026852684C
:10639000F1E70168CA6822F02002CA600168CA6891
:1063A00022F48072CA6001684A6922F001024A61DF
:1063B000202180F8421000214163026B012A03D0A2
:1063C000FDF7BCFD002008BD016301680C3151E8F8
:1063D000002F22F0100241E80023002BF5D10168C4
:1063E0000A68D20602D50A6849680091818DFDF7D6
:1063F000C9FBE7E770B5044600680169E26821F46B
:106400004051114301612169A068E2690843616953
:10641000114308432168CA6849F20C639A43024356
:10642000CA6020684169A26921F440711143416149
:1064300031492068884202D03049884202D1FCF7B5
:10644000D1FA01E0FCF7BEFAE269002319216425C4
:106450003226B2F5004F626828D0A0FB0101930FED
:106460009200F9F7ADFE0146B0FBF5F06FF01802AF
:10647000504301EB800006EB0010B0FBF5F000F09C
:10648000F002B1FBF5F002EB0012B1FBF5F06FF09A
:106490001803584301EB800006EB0010B0FBF5F049
:1064A00000F00F0021681044886070BDA0FB01015E
:1064B00092185B41F9F784FE0146B0FBF5F002014A
:1064C000B1FBF5F06FF01803584301EB800006EBC9
:1064D000C000B0FBF5F000F0F80002EB4002B1FBA9
:1064E000F5F0584301EB800006EBC000B0FBF5F07F
:1064F00000F00700D6E70000001001400014014042
:1065000038B58162044682850020134660642222E9
:1065100084F84220E56B1F4AEA63E56B1E4A2A6451
:10652000E56B1E4AEA64E26B10650A462168E06B7F
:10653000091DFBF75BF830B110206064202084F85F
:106540004200012038BD2068016840680090206941
:1065500048B120680C3050E8001F41F4807140E8D9
:106560000012002AF5D12068143050E8001F41F0D5
:10657000010140E80012002AF5D12068143050E8EB
:10658000001F41F0400140E80012002AF5D1002030
:1065900038BD000025620008AB620008DB6100081E
:1065A0002DE9F843984617460D460446089E24E018
:1065B000701C22D0FBF7FAF9A0EB0800B0421AD801
:1065C000CEB12068C168490717D5802D15D0402D60
:1065D00013D00168C94309070FD40168002540683A
:1065E00000902046FFF770FE0820606484F8405059
:1065F0000120BDE8F8830320FBE72068006835EA46
:10660000000004D00020B842D2D00020F1E70120E1
:10661000F9E7000010B50448FDF7B6FABDE81040F0
:10662000014801F079BC00007405002010B5D0F8D5
:10663000B82200245268904700B10324204610BDC0
:106640000020704700207047134610B50A4600210D
:1066500000F0DDFA002010BD134610B50A460021F7
:1066600000F07FFB002010BD10B50446802100F033
:1066700059FB2046BDE81040002100F053BB10B587
:106680000521C0F8941200231A46194600F0BFFAFB
:10669000002010BD10B50223C0F89432426182611F
:1066A000134641620A46002100F05BFB002010BD4A
:1066B00010B50421C0F8941200231A46194600F0C0
:1066C00050FB002010BD000010B50A46024903A08F
:1066D00000F00DF9004810BD541300204D53432025
:1066E000436F6E666967000012200880004870479B
:1066F0006000002010B50A46024903A000F0F7F838
:10670000004810BD541300204D534320496E74655A
:1067100072666163650000000420088000487047CD
:106720005C00002010B50A46024903A000F0DFF823
:10673000004810BD5413002053544D6963726F65B7
:106740006C656374726F6E696373000010B50A46FE
:10675000024903A000F0CBF8004810BD54130020FC
:1067600053544D3332204D6173732053746F7261F3
:106770006765000010B51A2008800A480168001DEE
:106780000468001D0068081809D008220649FDF7B2
:106790005BFC0549042210312046FDF755FC0248F8
:1067A000801E10BD107AFF1F76000020F8B5044649
:1067B0000020ADF8000048880D46010A08295FD284
:1067C000DFE801F05E0409175E5E3C45D4F8B412C0
:1067D000207C0A6819E0207C02260028D4F8B80240
:1067E00005D0C16A684688470146467039E0816A2B
:1067F000F8E7C0B2062843D2DFE800F0030A10141D
:10680000181CD4F8B402426805E0694690471CE0C1
:10681000D4F8B402826892B3207CF6E7D4F8B402CC
:10682000C268F8E7D4F8B4020269F4E7D4F8B40215
:106830004269F0E7D4F8B4028269ECE7207CF0B951
:10684000D4F8B802416B68468847014609E0207CCD
:10685000A8B9D4F8B802016B6846884701460720FA
:106860004870EA888AB1BDF8000040B1824200D980
:106870000246ADF800202046FFF70CFFF8BDFFE709
:1068800029462046FFF7F0FEF8E72046FFF710FF05
:10689000F4E778B50E4642880178002504468A421E
:1068A00012D9ADF800100AE0694600F019F84178F5
:1068B000052904D181780546B14205D000256188BB
:1068C000BDF800209142EFD8284678BD014600204F
:1068D00002E0401CC0B2491C0A78002AF9D1704776
:1068E0000A8803781A440A8001780844704770B512
:1068F00016460D46002820D00446FFF7E7FF022188
:1069000001EB40014FF40070814204D82046FFF7AC
:10691000DDFF4000801C30803078287003206870D4
:106920000220002206E02954401CC0B22A54401C18
:10693000C0B2641C21780029F5D170BD01004FF070
:10694000000004D0012901D0022901D003207047A2
:106950000120704778B10023C0F8B832C0F8C432C3
:10696000C0F8D03209B1C0F8B412012180F89C12ED
:10697000027000F0D9B80320704710B5D0F8C802F3
:10698000FBF722FABDE81040FFF7D8BF10B5D0F8EA
:10699000C802FBF7F4F9BDE81040FFF7CFBF70B5B0
:1069A0000446002521B194F89C02032846D050E00B
:1069B000D4F8941204F11400022939D18189426873
:1069C0008A420AD9511A41608289016911440161E0
:1069D00042682046FFF740FE0FE0914214D1006864
:1069E000884211D3D4F8981288420DD20022114661
:1069F0002046FFF731FEC4F8985200231A46194684
:106A0000204600F004F913E094F89C02032808D112
:106A1000D4F8B802C16821B1C4F8D452C168204684
:106A200088478021204600F07DF92046FFF727FEA9
:106A300094F8A00268B184F8A0520AE0D4F8B80231
:106A4000426932B1C4F8D4524269204690470028C6
:106A500000D1002070BD10B50446002221B194F889
:106A60009C02032834D03EE0D4F8941204F5AA70B6
:106A7000032938D1818943688B420ED9591A416064
:106A8000828901691144016142688089824200D88B
:106A900002462046FFF7D8FD25E094F8AA0210F040
:106AA0001F0003D0012802D0022800D0002294F851
:106AB0009C02032808D1D4F8B802016921B1C4F8B6
:106AC000D4220169204688472046FFF7F1FD0AE0FD
:106AD000D4F8B802836933B1C4F8D422826920465D
:106AE0009047002800D1002010BD0020704710B54D
:106AF0000024012180F89C12D0F8B82222B15268FB
:106B00000179904700B10324204610BD10B5D0F89C
:106B1000C802FBF786F9BDE81040FFF70FBFD0F8B9
:106B2000C802FBF798B9000010B5017839BB1549C8
:106B30000222C1F8E004C0F8C8124FF0A04008607B
:106B400004200871CA71002088714A728872C87264
:106B500008738873C8730846FBF7DCFC08B1F9F7C3
:106B6000A4FC80210748FBF7BAF840220021054821
:106B7000FBF7B9F8802201210248FBF7B4F80020A6
:106B800010BD0000DC1700200A0601F07F01D0F8DC
:106B9000C80201EBC10100EB810001D5807D704787
:106BA00090F85602704710B5D0F8D42200EB82025C
:106BB000D2F8B82222B190F89C32032B02D004E024
:106BC000032010BD126A02B19047002010BD10B51D
:106BD000D0F8D42200EB8202D2F8B82222B190F889
:106BE0009C32032B02D004E0032010BD526A02B194
:106BF0009047002010BD10B51C461346D0F8C802BF
:106C00002246FBF731F9BDE81040FFF797BE10B5FB
:106C1000D0F8C802FBF759F9BDE81040FFF78EBE67
:106C20002DE9F04100260125044680F89C52C4F865
:106C300094626660C4F8A46280F8A062D0F8B802DA
:106C400030B1426822B100212046904700B10326AE
:106C50000022402311462046FFF7CDFF402784F84D
:106C60006351A4F860713B46002280212046FFF763
:106C7000C2FF84F8235027843046BDE8F08190F8A5
:106C80009C12042903D190F89D1280F89C120020D8
:106C9000704710B590F89C12032905D1D0F8B812AE
:106CA00011B1C96901B18847002010BD01740020ED
:106CB000704710B5D0F8C802FBF7F2FCBDE81040F1
:106CC000FFF73CBE70B5044600F2AA20054600F06E
:106CD000B5F90120C4F89402B4F8B002C4F89802DF
:106CE00094F8AA0210F01F010AD001290ED002293F
:106CF00012D000F080012046BDE8704000F012B8CC
:106D000029462046BDE8704000F034BA29462046A6
:106D1000BDE8704000F077BB29462046BDE87040D2
:106D200000F0BEBA10B5D0F8C802FBF7EAF8BDE82B
:106D30001040FFF703BE10B5D0F8C802FBF7CAFC3D
:106D4000BDE81040FFF7FABD90F89C12042903D06B
:106D500090F89C1280F89D12042180F89C1200206B
:106D6000704710B5D0F8C802FBF704F9BDE8104031
:106D7000FFF7E4BD10B5FDF753FA002010BD10B5C4
:106D8000FDF771FA002010BD70B51C4D04466978FE
:106D9000FFF7FCFD6878002600F00F0000EB800094
:106DA00004EB800080F8636129782046FFF7EEFD50
:106DB000287800F00F0000EB800004EB800080F8E2
:106DC0002360D4F8D40204EB8000D0F8C00290B164
:106DD0002046FDF76BFAD4F8D40204EB8000D0F81B
:106DE000C00200F049FBD4F8D40204EB8000C0F8E4
:106DF000C062C4F8BC62002070BD0000EC0000203E
:106E00000A210180004870471001002070B5054636
:106E100081210848FFF73DFD044601210548FFF7A1
:106E200038FD402104B1A18000B18180202028805C
:106E3000004870BDF000002070B50546812109486A
:106E4000FFF727FD044601210648FFF722FD4FF416
:106E5000007104B1A18000B1818020202880014808
:106E600070BD0000F000002070B505468121084883
:106E7000FFF70FFD044601210548FFF70AFD4021F9
:106E800004B1A18000B1818020202880004870BD1D
:106E9000F00000202DE9F04104464FF4217000F08D
:106EA000EDFA78B3D4F8D412254D04EB8101012614
:106EB000C1F8C002C4F8BC02207C68B3402302229F
:106EC00069782046FFF797FE6878402300F00F00AE
:106ED00000EB800004EB800080F8636102222978D7
:106EE0002046FFF788FE287800F00F0000EB8000B6
:106EF00004EB800080F823602046FDF7E3F90020D2
:106F0000BDE8F081FFE7D4F8D412002004EB810142
:106F1000C1F8C0020220F3E74FF400773B4602229B
:106F200069782046FFF767FE68783B4600F00F005F
:106F300000EB800004EB800080F86361CEE7000086
:106F4000EC00002039B1D0F8D42200EB8200C0F868
:106F5000C4120020704703207047F8B50646D0F8E9
:106F6000D4020C4606EB80010025D1F8C072ADF8C2
:106F7000005037B1207810F0600226D0202A43D18B
:106F800001E00320F8BD6278FE2A02D0FF2A3BD13F
:106F900011E062889ABBE288012A35D1000633D518
:106FA000D1F8C40280698047022800D9022001225A
:106FB000394638601FE0618809BBE188F9B90006ED
:106FC00022D43046FDF7B2F923E0607830B10128D1
:106FD00024D00A2809D00B2816D111E096F89C027B
:106FE000032811D10222694605E096F89C02032885
:106FF0000AD10122391D3046FFF74CFB09E003E0BE
:1070000096F89C02032806D021463046FFF72CFB59
:1070100003252846F8BDA0787860FAE796F89C0228
:107020000328F6D160880028F3D121793046FFF794
:107030006DFD21793046FDF7CBF8EAE770B50546DE
:1070400011F8010B2870087868704C1C2046FFF777
:107050004AF86880A41C2046FFF745F8A880A01CC9
:10706000FFF741F8E88070BD38B504460020ADF860
:107070000000A1B1C4F8B812D4F8D40204EB800027
:10708000D0F8B802C16A19B168468847C4F8D0027E
:10709000D4F8D802401CC4F8D802002038BD032020
:1070A00038BD02460020D2F8B832002B02D01B684F
:1070B00010461847704700002DE9F04188462B4ED6
:1070C0008978002504463170012906D941462046B9
:1070D000FFF7CAFA0320BDE8F08194F89C0202276A
:1070E00002280CD003281DD041462046FFF7BCFAE9
:1070F00031782046FFF79AFA03252846EBE789B353
:1071000020466160FFF7CDFF050004D041462046D0
:10711000FFF7AAFA1DE02046FFF7CAFA032084F819
:107120009C02EAE7C1B1606888421BD0C1B2204628
:10713000FFF77CFA317820466160FFF7B2FF050067
:1071400010D041462046FFF78FFA21792046FFF7FD
:107150006DFA84F89C72D0E784F89C7220466160D6
:10716000FFF764FA2046FFF7A3FAC6E7B000002055
:10717000FFF7E1BD2DE9F0410A78002512F0600229
:107180000CD0202A01D0402A7DD1D0F8D42200EBA7
:107190008202D2F8B8229268904731E04B78002200
:1071A00001260A2B6FD2DFE803F041666E586E08A5
:1071B000056E2D29FFF7FAFA67E004468888D8B9EA
:1071C000C888C8B94888802816D200F07F0794F88C
:1071D0009C02032810D084F89E7239462046FFF79F
:1071E00068FD2046FFF764FA1FB1022084F89C0274
:1071F0004BE084F89C6248E0204644E0FFF75CFFE7
:10720000054642E0CB88012B3DD190F89C32012B02
:1072100004D0022B02D0032B35D104E0826001227E
:1072200000F1080116E00122011D13E090F89C22F4
:10723000012A03D0022A01D0032A24D1CA88022AB3
:1072400021D1C660D0F8A41209B10321C160022285
:1072500000F10C01FFF71EFA17E04A88012A02D05C
:10726000022A03D00FE0C0F8A46216E08988090A58
:1072700080F8A01211E090F89C32012B08D0022B6C
:1072800006D0032B04D0FFF7EFF92846BDE8F081C4
:1072900049880129F9D1C0F8A422FFF709FAF4E7D7
:1072A0002DE9F041054608780C790E464FF00008AC
:1072B00010F060000BD0202801D040286BD121466F
:1072C0002846FFF7BDF9FF2800D0D8B398E07078C2
:1072D000C8B3012824D003285DD195F89C02022868
:1072E00002D0032857D10CE0002C54D0802C52D06F
:1072F00021462846FFF716FD80212846FFF712FD9C
:107300007EE0708840B93CB1802C05D0C88818B99F
:1073100021462846FFF706FD2846FFF7C9F96FE02A
:1073200095F89C020228DFD0032866D1708888BBBC
:10733000600603D021462846FFF71FFB2846FFF7CB
:10734000B7F9BCE700E00AE0C5F8D402D5F8B80206
:107350008268FAB1314628469047804650E095F859
:107360009C020027022802D0032846D114E00CB169
:10737000802C42D1200604F07F0000EB800005EB5A
:10738000800101D5143101E001F5AA71022201F852
:107390000E7F2EE034E030E0200604F00F0000EB1A
:1073A000800005EB80000AD590F8230028B304F094
:1073B0007F0000EB800005EB800614360AE090F8B1
:1073C0006301D0B104F07F0000EB800005EB800684
:1073D00006F5AA764CB1802C07D021462846FFF747
:1073E000D3FB10B10120B07300E0B773022206F1A5
:1073F0000E012846FFF74EF902E02846FFF734F960
:107400004046BDE8F08170B50546087800240E4678
:1074100010F0600003D0202801D0402827D195F833
:107420009C02012803D0022801D003281FD1B08874
:10743000C1B201291AD8C1B22846FFF703F9FF28C3
:107440000CD058B9D5F8B8128A683AB1C5F8D40248
:107450008A68314628469047044600E00324F088B5
:10746000204307D12846FFF723F903E03146284699
:10747000FFF7FAF8204670BD7047000000487047DB
:107480005415002070B50A78012302F00F054E78DC
:10749000AB401B4CD0F81C58012E17D045EA0343D3
:1074A000C0F81C3800EB4210D0F8002B12040BD4AB
:1074B000D0F8002B0B890979C3F30A031A4344EA75
:1074C00081410A43C0F8002B002070BD9BB21D43D0
:1074D000C0F81C5800EB4210D0F800391B04F3D45C
:1074E000D0F800390D890979C5F30A0589042B43C1
:1074F00041EA82510B432343C0F80039E4E700001E
:1075000000800010D0F800196FF30A01C0F80019CC
:10751000D0F8041841F48071C0F8041800207047B6
:1075200070B50D460446C2F3072104981E46012992
:107530001BD0E06840F04000E060204600F032F8E8
:10754000C6F307210029A16B26D021F48031A16365
:10755000C5F30741012907D1A16841F00601A160E7
:10756000A16841F02001A16070BDA16B21F48031C0
:10757000A163E1680A4A1140E160E16821F4401129
:10758000E160C0B2012803D1E06840F48010E060FF
:10759000204600F007F8DBE741F48031D7E7000030
:1075A000BFFFBDFF08B5002100914FF07061009A48
:1075B000521C00928A4210D80269002AF7DA0A2285
:1075C0000092521E0092FCD1026942F00102026157
:1075D000009A521C00928A4201D9032008BD026918
:1075E000D207F5D1002008BD30B54C780A780123C8
:1075F00000EB4212012C2CD0D2F8004B002C0BDAFD
:10760000D2F8004B44F00064C2F8004BD2F8004BB3
:1076100044F08044C2F8004BD0F83C580C7804F099
:107620000F0403FA04F425EA0444C0F83C48D0F8F7
:107630001C48097801F00F018B4024EA0341C0F88F
:107640001C18D2F8000B19490840C2F8000B0020A2
:1076500030BDD2F80049002C0BDAD2F8004944F0D2
:107660000064C2F80049D2F8004944F08044C2F8EE
:107670000049D0F83C480D7805F00F0503FA05F5F0
:10768000ADB2AC43C0F83C48D0F81C48097801F0D2
:107690000F018B4099B28C43C0F81C48D2F8000906
:1076A00003490840C2F80009D1E700000078F3EF71
:1076B000007833ECD0F8001E21F00301C0F8001E62
:1076C000D0F8041821F00201C0F804180020704717
:1076D000D0F8001E21F00301C0F8001ED0F80418F5
:1076E00041F00201C0F80418002070472DE9F04F66
:1076F00000250E46044617462846294604EB80021C
:10770000C2F80411401C0F28F8D3C3F307405FEA06
:107710000009204616D0806B20F40012A263A06BF3
:1077200040F40022A263084688462146C4F8000EB1
:10773000C7F30720012817D00846D1F8001841F0F8
:10774000030118E0D0F8040840F00202C4F804284D
:10775000A06B40F40012A263A06B20F40022A2638D
:10776000A06B20F48022DDE7300E0846D1F8001827
:1077700001D041F00101C0F80018102100F08BFA8F
:1077800000B10125204600F06AFA00B1012540460B
:10779000C4F81088C4F81488C4F81C8800214FF07D
:1077A000006B4FF0904E4FF67F3AF2B215E000BFFB
:1077B00004EB4113D3F800C9BCF1000F06DA11B194
:1077C000C3F800E904E0C4F800B901E0C3F8000917
:1077D000C3F81009C3F808A9491C8A42E8D8002157
:1077E00015E000BF04EB4113D3F800CBBCF1000F50
:1077F00006DA11B1C3F800EB04E0C4F800BB01E005
:10780000C3F8000BC3F8100BC3F808AB491C8A423D
:10781000E8D8D4F8101821F48072C4F81028A061B8
:107820006FF080406061C6F3074018B9A06940F06E
:107830001000A061A0690A490843A061C7F307408E
:1078400018B1A06940F00800A061B9F1010F03D19F
:10785000A06904490843A0612846BDE8F08F0000F4
:1078600000383C8004000040816821F00101816003
:107870000020704710B5036C134CA34203D9D0F815
:10788000003B002B1EDB0023C0F8103BD0F8103B60
:1078900043F40023C0F8103BD0F8103B43F018032A
:1078A000C0F8103BD0F8103B43F0C043C0F8103B89
:1078B000012907D1C0F8142BD0F8001B41F080211A
:1078C000C0F8001B002010BD0A30544F4A780B78D6
:1078D000012A00EB43100BD0D0F8002B22F4001249
:1078E000C0F8002B0979032914D0022912D017E01F
:1078F000D0F8002922F40012C0F8002909790329E0
:1079000001D002290CD1D0F8001941F08051C0F803
:10791000001905E0D0F8001B41F08051C0F8001BB1
:10792000002070470A784B78D1B200EB4110012B50
:1079300012D0D0F8001B002906DB2AB1D0F8001BBA
:1079400021F08041C0F8001BD0F8001B41F4001169
:10795000C0F8001B00207047D0F80019002906DB92
:107960002AB1D0F8001921F08041C0F80019D0F8F0
:10797000001941F40011C0F80019EBE7F8B50C78D4
:107980004F788B4DE3B26FF0604600EB4313012F4D
:1079900029D0D3F8107B6FF31207C3F8107BD3F80C
:1079A000107B2F40C3F8107B002C7DD00D69002D7B
:1079B0007BD08C6825446D1EB5FBF4F5ADB26C43ED
:1079C0000C62D3F8104B06EAC5452C43C3F8104BA4
:1079D000D3F8104B0D6AC5F312052C43C3F8104BB6
:1079E000012A70D0CBE00F69EFB1D3F810796FF3B3
:1079F0001207C3F81079D3F810792F40C3F8107923
:107A00000CB30F698D682F447F1EB7FBF5F5D3F8D3
:107A10001079ADB206EAC5463743C3F810790E793E
:107A2000012E1CD02AE0D3F810692E40C3F810694B
:107A3000D3F8105945F40025C3F81059D3F810595C
:107A40006FF3120520E00E698D68AE4200D90D611A
:107A5000D0F8105945F40026C0F810690EE0D3F8AC
:107A6000106926F0C046C3F81069D3F810694FF0CA
:107A7000C04707EA45752E43C3F81069D3F810597B
:107A80000E69C6F312063543C3F81059012A1BD0FC
:107A900000EB4413D3F8004944F00444C3F8004910
:107AA0000C79012C31D001E044E057E00A695AB367
:107AB000D0F83428097801F00F03012199400A43D6
:107AC000C0F8342871E056E0CA691AB100EB4413DB
:107AD000C3F81429097901290ED1D0F80818C9056D
:107AE00000EB4411D1F8002902D442F0005201E029
:107AF00042F08052C1F8002900EB4410D0F8001980
:107B000041F00441C0F800194FE0D0F80848E405FE
:107B1000D3F8004902D444F0005401E044F080540A
:107B2000C3F8004900920A8A93B20A78C96800F043
:107B3000DFF93AE00C690CB18C680C618C680C625E
:107B4000D0F8105BC4F312042543C0F8105BD0F8E2
:107B5000104B44F40024C0F8104B41E7D3F8104B0D
:107B60008D68C5F312052C43C3F8104BD3F8104BA6
:107B700044F4002432E7CA680AB1C3F8142B097927
:107B800001290CD1D0F80808C005D3F8000B02D4A5
:107B900040F0005001E040F08050C3F8000BD3F8F3
:107BA000000B40F00440C3F8000B0020F8BD0000BB
:107BB000FFFF07E038B50022009213464D780A789F
:107BC00042F2107400EB4212012D19D0D2F8005B82
:107BD000002D3CDAD2F8005B45F00065C2F8005B8E
:107BE0000A7800EB4212D2F8005B45F08045C2F8FB
:107BF000005B009A521C0092A24221D9012326E088
:107C0000D2F80059002D22DAD2F8005945F000656B
:107C1000C2F800590A7800EB4212D2F8005945F038
:107C20008045C2F80059009A521C0092A242E5D841
:107C30000A7800EB4212D2F80029002AF3DB06E0B2
:107C40000A7800EB4212D2F8002B002AD1DB18464A
:107C500038BD816841F0010181600020704708B59E
:107C600000214FF070620091009B5B1C00939342D7
:107C70000AD80369002BF7DA0091102101610099FD
:107C8000491C0091914201D9032008BD0169C90630
:107C9000F5D4002008BD18B500224FF070630092A3
:107CA000009C641C00949C420CD80469002CF7DAF8
:107CB0000092202242EA811101610099491C009141
:107CC000994201D9032018BD01698906F5D4002025
:107CD00018BDD0F8080810F0060004D0022803D020
:107CE000062801D00F20704702207047406900F03D
:107CF00001007047D0F81818D0F81C08084080B26E
:107D00007047D0F81818D0F81C080840000C7047CD
:107D100010B5D0F81038D0F8342801F00F0400EB7B
:107D20004110E24002F00102D0F8080943EAC21211
:107D3000104010BD00EB4111D1F8081BD0F8140819
:107D400008407047416980690840704730B5034674
:107D50000846940802F00301002203F5805303E073
:107D60001D6840F8045B521CA242F9D300290BD0D5
:107D70001C680022D50024FA05F3491E521C090490
:107D800000F8013B090CF5D130BD70B50446C06860
:107D9000002520F0C040E060012901D079B120E049
:107DA000E06840F00050E0600A20F9F757FC606995
:107DB0000A3510F0010F10D1C82DF5D30DE0E068A1
:107DC00040F08040E0600A20F9F748FC60690A351D
:107DD00010F0010F01D0C82DF5D3C82D01D000201F
:107DE00070BD012070BDD0F8002822F4FE62C0F8FA
:107DF0000028D0F800284FF4FE6303EA01110A437B
:107E0000C0F8002800207047022A3ED1264A274B9E
:107E10000A449A4201D20F2138E0254A254B0A44F0
:107E20009A4201D20E2131E0234A244B0A449A425D
:107E300001D20D212AE0224A224B0A449A4201D261
:107E40000C2123E0204A214B0A449A4201D20B2103
:107E50001CE01F4A1F4B0A449A4201D20A2115E036
:107E60001D4A1E4B0A449A420FD31D4A1D4B0A4419
:107E70009A4201D2082109E01B4A11441B4A91424F
:107E800001D2072102E0062100E00921C26822F4A4
:107E90007052C260C2684FF4705303EA81210A43F2
:107EA000C260002070470000405327FF00350C00DF
:107EB000401E1BFF40420F0000DC0BFF804F1200F2
:107EC000808CF9FE20D6130060B6E5FE60E3160054
:107ED00000D3CEFE40771B00C05BB3FEC0912100F3
:107EE00000CA91FE20753800E05459FEE09C410024
:107EF00010B5029C74B9DB1C9C0800EB0230002317
:107F000000F5805004E000BF51F8042B02605B1CB8
:107F1000A342F9D3002010BD0C4A0168914214D14C
:107F20000A68D243D20610D46FF010020A600849E2
:107F300009684968084B4A4206490978521A1944A7
:107F4000D2B24FF0FF33FCF72DB87047001001405C
:107F5000BC0500201000002074040020FEE7000093
:107F60000FB4054B10B503A9044A029800F028F895
:107F700010BC5DF814FB0000699B00083C01002068
:107F80000907090E002804DB00F1E02080F8001446
:107F9000704700F00F0000F1E02080F8141D7047DA
:107FA00002E008C8121F08C1002AFAD170477047C2
:107FB000002001E001C1121F002AFBD17047000020
:107FC0002DE9FF4F8DB00F460546002606E0252817
:107FD0000BD0DDE90F1290476D1C761C2878002825
:107FE000F5D111B03046BDE8F08F0024A246A1467D
:107FF0000122EC4900E0044315F8013F203B02FA5E
:1080000003F00842F7D128782A2810D06FF02F0209
:108010002878A0F13001092914D80AEB8A0102EB73
:10802000410144F0020400EB010A6D1CF0E701CFAE
:108030005FEA000A03D544F40054CAF1000A44F090
:1080400002046D1C28782E2817D115F8010F44F072
:1080500004042A280ED06FF02F022878A0F13001F6
:1080600009290AD809EB890102EB410100EB01095A
:108070006D1CF2E757F8049B6D1C28786C280FD014
:1080800006DC4C2817D068280DD06A2814D104E0EB
:10809000742810D07A280FD10DE044F400140AE0BF
:1080A00044F4801401E044F440146978814202D120
:1080B00004F580146D1C6D1C2A786E2A1FD00CDC10
:1080C000632A31D004DC002A8BD0582A11D1A3E0D6
:1080D000642A68D0692A0CD165E0732A2ED004DCAA
:1080E0006F2A73D0702A04D19BE0752A6FD0782A4A
:1080F0006ED01046DDE90F129047761C50E1C4F3B4
:108100000250022806D0032809D0042801CF09D044
:10811000066045E101CFF117C0E9006140E101CF00
:1081200006803DE106703BE117F8040B8DF8000076
:1081300000208DF80100EB46012003E057F804BB56
:108140004FF0FF3061074FF0000102D40DE008F15D
:108150000101884649450FDA8045F8DB1BF8081015
:108160000029F4D108E008F1010188468142FADBD8
:108170001BF808100029F6D1DDE90F23AAEB08004F
:108180008146214600F036F9304400EB080604E051
:10819000DDE90F121BF8010B9047B8F10108F7D287
:1081A00021464846F7E00A21C4F302534FF0000B82
:1081B0000891022B04D001CFC117032B09D00AE08C
:1081C000FF1D27F00707F7E8020108E032E01FE093
:1081D00020E000B2C117042B01D140B2C117031E29
:1081E00071F1000307DA4FF0000CD0EB0C006CEBE0
:1081F00001012D2302E0230504D52B238DF8243023
:10820000012303E0E30701D02023F7E7984658E075
:108210000A2110E010210EE010204FF0000B089012
:108220000CE010214FF0000B44F004044FF008095B
:10823000089103E008214FF0000B0891C4F30253AA
:10824000022B04D001CF0021032B06D006E0FF1D36
:1082500027F00707F7E8020103E080B2042B00D102
:10826000C0B24FF0000823072BD5702A07D0DDF8E5
:1082700020C08CF0100C5CEA0B0C05D00EE0402303
:108280008DF82430012308E050EA010306D03023A2
:108290008DF824308DF8252002239846DDF820C083
:1082A0008CF0080C5CEA0B0C0BD150EA010301D1F5
:1082B000630706D530238DF824304FF00108A9F16B
:1082C0000109582A04D038A20B9208AA0A920BE09E
:1082D0003AA2F9E75B46089AF7F772FF0B9B9B5CA3
:1082E0000A9A521E0A92137050EA0102F2D10A98B9
:1082F000ADEB000000F1200B600702D524F48034C0
:1083000001E04FF00109D94502DDA9EB0B0000E0C7
:10831000002000EB0B0141440890AAEB010AE003A6
:1083200006D4DDE90F232146504600F063F80644E9
:108330004FF0000908E009A911F80900DDE90F1262
:10834000904709F10109761CC145F4DBE0030CD527
:10835000DDE90F232146504600F04CF8064404E0C6
:10836000DDE90F1230209047761C0899481E0890CE
:108370000029F5DC08E00A980A990078491C0A915E
:10838000DDE90F129047761CBBF10001ABF1010B48
:10839000F1DC21465046DDE90F2300F019F80644D0
:1083A0006D1C1BE609280100303132333435363775
:1083B0003839616263646566000000003031323331
:1083C00034353637383941424344454600000000D1
:1083D0002DE9F041044600251E461746880404D4C2
:1083E00005E039462020B0476D1C641EF9D52846AB
:1083F000BDE8F0812DE9F041044600251E46904677
:10840000C80301D5302700E02027880404D505E003
:1084100041463846B0476D1C641EF9D52846BDE874
:10842000F081000010B504460020E070401EE062BC
:10843000204601F002FD08B1042010BD04F22E20F8
:1084400001F0ACFCA0F52A41553901D0032010BD44
:1084500094F83000E92805D0EB2814D194F83200C4
:10846000902810D104F1660001F08DFC0749B1EBB2
:10847000002F06D004F1820001F085FC04498842F7
:1084800001D1002010BD022010BD00000046415463
:1084900046415433F0B50022144D134605EB021447
:1084A00026685EB10768BE4209D166688768BE4229
:1084B00005D1A4684669B44204D000E00123521CEF
:1084C000022AEBD3022A01D069B904E04BB9022990
:1084D00007D01220F0BD05EB02108089B0F5807F37
:1084E00001D00020F0BD1020F0BD00004C10002095
:1084F00030B50021054B0C4603EB0112156885428F
:1085000000D11460491C0229F6D330BD4C10002064
:108510000268490AC06A5289B1FBF2F1001D04C821
:108520001AB1914203D3891AF8E700207047006816
:10853000084470474269891E921E8A4201D8002071
:108540007047826A408901FB002070472DE9F041A5
:1085500005680F00804606D001F012FB022809D200
:108560000120BDE8F081EE6816B16869B04207D815
:10857000012605E0411CF4D069698142F1D83E46EC
:1085800034466869641CA04202D80224022E0AD331
:108590002146404601F0F4FA38B10128E1D0411CEF
:1085A000DFD0B442EDD10020DBE74FF0FF3632469A
:1085B0002146284601F05AFC30B957B122463946C7
:1085C000284601F053FC20B101280FD00124204699
:1085D000C7E7EC60D5E90401891E884201D8401E36
:1085E0002861287940F001002871F0E73446EEE771
:1085F0002DE9F0410E4624300D6804460B2220215F
:1086000001F014FC0020014608232A5C401C202AAB
:1086100012D92F2A0BD05C2A09D02E2A01D09942D8
:1086200014D30B2B34D02E2A32D10CE0401C2B5CFF
:108630002F2BFBD05C2BF9D02844306041B320783D
:10864000E52831D032E008210B23DEE7A2F18107D3
:108650007D2F13D82F5C401CA7F1400CBCF13F0FBD
:1086600004D3A7F1800CBCF17F0F11D2A3F1010C50
:1086700061450DD26254491C675413E00FA700E016
:108680007F1C97F800C0BCF1000F04D09445F7D1CF
:108690000620BDE8F081A2F16107192F01D8203A28
:1086A000D2B26254491CB0E705202070202A01D8BC
:1086B000042000E00020E0720020EAE7222A2B2CB0
:1086C0003A3B3C3D3E3F5B5D7C7F0000401E022804
:1086D00012D20A4901EB00118889B0F5807F05D0DC
:1086E00008B1401E80B2888110B103E00020FAE793
:1086F0000020086000207047022070474C100020C6
:108700002DE9F04104460021056800F017F9002822
:1087100026D12846E16901F090FB02001FD1206AB2
:10872000017899B1C17A01F03F01A171C17A0907BD
:108730000FD404F124010B2610F8013B11F8017B42
:10874000DB1B761E04D0002BF6D002E0042206E0EC
:108750002BB10021204600F005F80200D9D01046C8
:10876000BDE8F0812DE9F047054647690468C06916
:108770008946203710B1B7F5001F02D30420BDE8A9
:10878000F087F90560D1401CE861A9694FF0000845
:1087900029B16089401E10EA572F05D054E0208986
:1087A000B0EB571F1DD94FE0284601F0E9F9064606
:1087B00001281BD9701C33D06069B0423ED8B9F192
:1087C000000F0ED02846A969FFF7C0FE06000BD0A7
:1087D000012E0BD0701C23D0204601F093FCF8B979
:1087E00006E0C5F81C80C9E70720C8E70220C6E7F5
:1087F0004FF40072002104F1300001F017FB4FF03C
:10880000000831462046FFF795FE4FF00109E0626F
:108810000DE000BF84F80390204601F073FC08B11E
:108820000120ACE7E06A08F10108401CE0626189C0
:108830004145EFD8E16AA1EB0800E06231462046ED
:10884000AE61FFF777FEE861C7F3080020443030DF
:108850006F612862002092E770B504460E4604203E
:10886000256821E0284601F0E8FA10BB226A117859
:10887000B1B1D27AE52902F03F02A2710AD02E29C5
:1088800008D00F2A06D022F0200108290AD00021A2
:10889000B14210D000212046FFF764FF20B108E06C
:1088A000042006E00121F3E7E1690029DAD100287C
:1088B00001D00021E16170BD70B504460021066859
:1088C00000F03CF80DE03046E16901F0B6FA50B92D
:1088D000206A0078E52809D040B101212046FFF741
:1088E00041FF0028EFD0042807D007E03046E169B7
:1088F00001F0A3FA050003D00FE0072005460CE0C5
:1089000020220021206A01F091FA0B2204F12401B7
:10891000206A01F081FA0120F070284670BD70B520
:1089200005680446C169284601F087FA002804D189
:10893000226AE52111700121E97070BD2DE9F04135
:1089400007680E460546B1F5001F36D2F00634D151
:108950006E61AC6824B93878032805D37C6A1CB1F1
:1089600078894FEA402812E03889B0EB561F24D9A5
:10897000786A12E0284601F003F90446401C1AD038
:10898000022C1AD37869A04217D9A6EB08064645EF
:108990002146EFD23846FFF7CDFDC5E9064060B16C
:1089A00000EB5620E861C6F30800384430302862F6
:1089B0000020BDE8F0810120FBE70220F9E700007C
:1089C00070B5094C05460020615D00290AD104EB11
:1089D000850160194968007A09688847002801D133
:1089E0000121615570BD00006C10002030B4054CB1
:1089F000231804EB80001B7A406804691846A446DB
:108A000030BC60476C10002030B4054D2C1805EBCD
:108A10008000247A406885682046AC4630BC6047B8
:108A20006C100020044A111802EB8000097A40689B
:108A300042680846104700006C10002030B4054D15
:108A40002C1805EB8000247A4068C5682046AC46A7
:108A500030BC60476C10002038B5044600F0C3FD00
:108A600000280CD16946204601F075FB002806D18C
:108A70002069FFF72BFE002801D10021216038BDBD
:108A800038B50446694601F066FB002808D1216923
:108A900021B10846FFF71AFE002801D1002121600C
:108AA00038BD2DE9F74787B014468A46002269464B
:108AB00007A800F0F5FE5FEA000958D10098206091
:108AC0000098D0E90417BA1E914202D8CAF80010E3
:108AD0004DE001784FF00008012901D0066A19E045
:108AE00002240190214601A801F04AF8411C03D05C
:108AF000012803D028B106E0012000E002208146D1
:108B00002CE008F101080098641C40698442E9D314
:108B100024E05DB93146761C009801F08EF95FEAD9
:108B200000091BD1009C4FF4007530340098007888
:108B30000228204604D001F026F9000108D009E0FF
:108B400001F02CF908B908F10108A41CAD1E03E0DE
:108B500008F10108241D2D1F7F1EDAD1CAF80080FC
:108B60000098C0F81080017941F0010101710AB04C
:108B70004846BDE8F0872DE9FC41002590460746B0
:108B800004464E1E11E001AB01226946404600F04A
:108B900043FC019801280AD19DF800000D2804D05B
:108BA0006D1C04F8010B0A2801D0B542EBDB002054
:108BB000207015B13846BDE8FC810020FBE70000BD
:108BC0002DE9FF4F91B01D4614464FF4007611A8D1
:108BD000DDF8788001F066F8002803DA0B2015B084
:108BE000BDE8F08FF54951F8201009B100220A7054
:108BF000C0B20490FFF7E4FEC10701D00320EEE706
:108C0000400701D50A20EAE70EAA03210498FFF7DE
:108C1000EDFE38B90E9828B1B0F5004F02D8411ECC
:108C2000084201D001200E90B24624B154453AD3F7
:108C3000B4F1807F37D8601E044234D1B8FBFAFB10
:108C4000B4FBFAF75FEA4B202C4610907ED00CAABA
:108C500001210498FFF7CAFE002878D11298000776
:108C60006FEAA0104FEA90690C9848456ED3A0EBCC
:108C7000090086460C90802868D3802F13D812985C
:108C80004FF6F5728007129840F6F57307D500F09D
:108C9000070002287ED01298C0077BD001E0C007F1
:108CA00001D0022696E0132099E73D000DD1002067
:108CB0004FEA5E480125DFF808C301E06D00401C63
:108CC0003CF8101009B14145F8D9BEFBF5F00AEBAC
:108CD0008001C91DB1FBFAF8202103910021079101
:108CE000904233D9B749884230D828E0B4490020AF
:108CF00001254FEA1E3C0E3901E06D00401C31F8A1
:108D00001080B8F1000F01D0E045F6D9BEFBF5F0B8
:108D1000984203D9042101EB400006E0012600EB54
:108D200040000321401C01EB50005044401EB0FBAA
:108D3000FAF8012081030390B1FBFAF00790039940
:108D400009EB010000EB0801059001E055E034E17A
:108D5000079808440E9900EB010C491EACF1010C78
:108D60002CEA010CACEB0001032E1AD008EB010831
:108D700000EB0511A1EB090171453ED80399079855
:108D8000AEEB0101A1EB0801081AB0FBF5F0019070
:108D9000032E00E024E00ED0022E13D0012E2AD0A4
:108DA0002DE0DDF80CC08C44CDF80CC0DDF814C00B
:108DB00061440591DCE7904221D8F7B96F087FF450
:108DC00074AF1AE0904211D93FB94020B0EB450F83
:108DD00003D36F003D0099D188E71298800707D52B
:108DE000032662E76F00802FF4D906E0984206D888
:108DF000002FF7D001E0984201D90E20EFE652464D
:108E00000021204601F012F80B226FA1204601F04C
:108E100003F8514604F10B0001F02BF96573039838
:108E200081B204F10E0001F024F901202074032E18
:108E30000ED0514604F1110001F01BF90C99B1F567
:108E4000803F07D289B204F1130001F012F905E066
:108E50000021EFE704F1200001F003F9F82060752C
:108E60003F2104F1180001F004F9FF2104F11A0078
:108E700001F0FFF8494604F11C0001F0F2F88027E8
:108E8000032E27D000F0DBFE014604F1270001F09D
:108E9000E8F81FFA88F104F1160001F0EAF884F806
:108EA0002470292084F8260013224AA104F12B0003
:108EB00000F0B2FF04F5FF704AF65521089001F06A
:108EC000D8F801234A4621460498FFF7B7FD002849
:108ED00073D124E000F0B3FE014604F1430001F039
:108EE000C0F8414604F1240001F0BBF8022104F16E
:108EF0002C0001F0B6F8012104F1300001F0B9F8BE
:108F0000062104F1320001F0B4F8292084F8407001
:108F100084F84200132234A104F14700C8E7032E6D
:108F200032D1012309F1060221460498FFF786FD9C
:108F300052460021204600F079FF3049204601F0DA
:108F400090F82F4904F5F27001F08BF8019904F5BF
:108F5000F470491E01F085F8022104F5F67001F065
:108F600080F84AF65521089801F083F8012309F1A9
:108F7000070221460498FFF761FD012309F1010270
:108F800021460498FFF75AFD00212046109A00F070
:108F90004DFF6FF00701032E02D0012E32D032E0D8
:108FA000204601F05EF84FF0FF31201D01F059F826
:108FB0006FF0704104F1080026E073E038000020F3
:108FC000B8A10008F5FFFF0FEBFE904D53444F533F
:108FD000352E30004E4F204E414D4520202020465A
:108FE00041542020202020004E4F204E414D45204E
:108FF000202020464154333220202000525261412B
:10900000727241614049204601F02BF847465846AC
:109010005F4500D8384680460346DDE90402214614
:10902000FFF70CFDF0BB52460021204600F0FEFE8B
:109030000598B7EB080740440590E8D1032E00D00F
:10904000079D58465D4501D9074600E02F46DDE9FA
:1090500004023B462146FFF7F1FC18BB0598ED1BC7
:1090600038440590EDD1032E05D00C98B0F5803F23
:1090700003D3062604E00C2602E0022E38D0012697
:109080001298000736D452460021204600F0CEFE4A
:109090004AF65521089800F0ECFF04F5DF75002032
:1090A000287000E02EE001216970A970E8702E712F
:1090B0000C9909EB010043F6C161B0FBF1F0FE2110
:1090C00069713F2141EA9001A971E871494605F1B2
:1090D000080000F0C6FF05F10C000C9900F0C1FF7C
:1090E0000123002221460498FFF7A8FC50B901E0B3
:1090F0000426C5E7002211460498FFF777FC0028F4
:109100003FF47DAD01206AE5F8FFFF002DE9F7414E
:1091100081B0904602980090684600F0C3FD0400BC
:1091200003D50B2004B0BDE8F0810D4E002756F8A2
:1091300024501DB12846FFF7DBF92F700198002855
:1091400000D0077046F8240002D0B8F1010F01D01A
:109150000020E7E7002201A902A800F0A1FBE1E757
:10916000380000202DE9F74392B005000BD002F043
:109170003F063246694613A800F092FB04004FF008
:10918000000804D0ECE0092015B0BDE8F083009899
:10919000049004A8139900F0ADFC04000ED19DF8D2
:1091A0003F00000601D5062408E0700801D0012127
:1091B00000E0002104A8FFF76DF9044616F01C0F2B
:1091C0005DD04FF00109C4B1042C10D100206749D3
:1091D00002E0401C022804D201EB00121268002AAF
:1091E000F7D1022807D004A8FFF766FB044646F033
:1091F00008065CB1B4E01224B2E09DF8160010F04D
:10920000110F47D1700701D50824A9E0300747D5D1
:1092100000F015FD07460C9839460E3000F021FF8E
:109220000C983946163000F01CFF0C982021C172B2
:109230000C99009800F094FD074600220C990098C4
:1092400000F0FBFE0C9800211C3000F00AFF009992
:1092500081F8039017B3D1F82C900022394604A866
:1092600000F0B1FE04007BD14946009800F0E5FD16
:1092700004000098A7F10107C7600DD070E0ECBBB7
:109280009DF81600C10601D5042469E0B10703D595
:10929000C00701D0072463E0300701D546F040063F
:1092A0000098C06A68620C98A862700801D0012119
:1092B00000E0002104A800F013FD2861B8B30C9968
:1092C000009800F04DFDA8600C981C3000F05BFD8C
:1092D000C5F82C80E86000992960009905F13000FC
:1092E0004FF40072C988A9802E7585F81580C5F8DD
:1092F000208000218146C5F8188000E030E000F0B1
:1093000095FDB0062ED5EE6866B3AE610098A968EB
:10931000408947020FE0284600F032FC0146012850
:1093200000D80224481C03D0F61B24B105E01BE042
:109330000124F61B01E0BE42EDD8E96184B9F005D5
:1093400010D00098FFF7F6F870B100EB56222A62B1
:109350000098012349464078FFF756FB10B10124DD
:10936000C5F8008020460FE70224F9E74C100020E2
:1093700073B582B0050009D00022694603A800F049
:109380008FFA04004FF0000603D02FE0092004B04C
:1093900070BD009929602846039900F0ABFB0400DA
:1093A00014D195F82F00000607D4A879C0061CD563
:1093B000296A009800F0D4FCA8600098C188A980B0
:1093C00028460021FFF7BAFA040002D0042C0CD082
:1093D0000CE0A86838B10021284600F081FC286123
:1093E00028B9122402E02E6101E005242E602046F7
:1093F000CDE710B594B004460020CDE900100290EE
:1094000002E0641C00F0A7FD217868460029F8D12D
:1094100000F0C4FD14B010BD2DE9FE4F88460021B8
:10942000196099461546044602A900F094FE0028EA
:1094300012D1607D00280FD1207DC0070BD0E168DC
:10944000A0690127081A4FF0020A04F1300B854287
:1094500000D9054684E00720BDE8FE8FA169C80554
:1094600066D102984089401E10EA512611D129B1D7
:10947000E06A28B12046FFF74BF805E0A06803E05A
:109480002046E16900F07CFB02281BD3411C4AD036
:10949000E061E1690298FFF74DF898B1304401901E
:1094A000680A009025D0029932184889824201D971
:1094B000801B0090DDE9003248784146FFF7A4FAAE
:1094C00088BB03E084F815A00220C5E7207D0006D4
:1094D0000CD5216A0198081A0099884206D208EB37
:1094E00040204FF40072594600F096FC0098460266
:1094F0002CE0226A0198824218D0207D00060AD50D
:109500000298012359464078FFF798FA58B9207D10
:1095100000F07F0020750298012359464078019A97
:10952000FFF772FA10B16775012095E70198206284
:10953000208BC0F30800C0F50076AE4200D92E465D
:10954000011932464046303100F066FCA069B04453
:109550003044A061D9F800008119AD1BC9F8001092
:10956000002D7FF47BAF002076E738B50C4605462A
:10957000694600F0F0FD002813D1014628468CB161
:10958000FFF76AF9042801D000280AD121462846AD
:1095900000F057FB00212846FFF7E4F8042800D12B
:1095A000002038BDFFF7CAF938BD33B58DB00D4680
:1095B000002269460DA800F073F9040010D1684636
:1095C0000D9900F097FA04000AD19DF82F000006CB
:1095D00001D5062404E01DB12946684600F031FBA0
:1095E0000FB0204630BDF8B50446694600F0B3FD23
:1095F00000280ED1217D4A060BD508060ED500980D
:10960000226A0123407804F13001FFF717FA08B10C
:109610000120F8BD207D00F07F00207500F00FFBD9
:109620000646616A009800F008FC0028F1D1A56A9E
:109630002946E87A40F02000E872A268206800F02D
:10964000FCFC05F11C00E16800F00BFD314605F162
:10965000160000F006FD002105F1120000F009FDE2
:1096600000980121C17000F009FD217D01F0BF01CA
:109670002175F8BD11B59BB002220CA91BA800F002
:109680000FF90C990091002810D168461B9900F041
:1096900031FA00280AD102216846FEF7FBFE0028B5
:1096A00004D19DF82F00000602D506201CB010BD85
:1096B0009DF80600C00701D00720F7E708990C982D
:1096C00000F04EFB04469DF80600C00610D50C982D
:1096D0000E90002110940EA8FFF730F90028E5D174
:1096E00000210EA8FFF7B8F80028E5D00428DDD146
:1096F0006846FFF714F90028D8D134B1002221467A
:10970000684600F060FC0028D0D10C9800F0B6FC50
:10971000CCE72DE9FE4F04460020884618609946A4
:10972000154602A9204600F016FD002806D1607DEE
:10973000002803D1207D800702D40720BDE8FE8FDA
:10974000A069012742194FF0020A04F1300B82424E
:1097500000D2C5439BE0A169C80575D10298408934
:10976000401E10EA512618D129B1E06A38B12046CE
:10977000FEF7CEFE07E0A06838B9002100E0E169FD
:109780002046FEF7E3FE00287DD001282DD0411CA5
:1097900054D0E061A16801B9A060207D00060BD51E
:1097A0000298226A012340785946FFF747F9A0BB87
:1097B000207D00F07F002075E1690298FEF7BAFE77
:1097C00098B130440190680A009027D0321802986E
:1097D00041898A4201D9891B0091DDE90032407834
:1097E0004146FFF72BF9C0B903E084F815A0022029
:1097F000A4E7216A0198081A009988420AD208EB66
:1098000040214FF40072584600F006FB207D00F026
:109810007F0020750098460228E00FE0216A019839
:1098200081420FD0E168A06988420BD202980123DF
:1098300059464078019AFFF7E7F818B1677501209B
:109840007CE701E001982062208BC0F30800C0F59E
:109850000076AE4200D92E46204432464146303092
:1098600000F0DAFA207D40F080002075A069B04455
:109870003044A061E168884200D80846E060D9F829
:109880000000811900E005E0AD1BC9F80010002DB3
:109890007FF461AF207D40F04000207500204DE74F
:1098A0002DE9FF41002790460E460F6000F0FAF9BF
:1098B000050003D50B2004B0BDE8F0818A4850F8BC
:1098C00025409CB13460207808F0FE0620B1607815
:1098D000FFF7A8F8C1070BD02770E8B2B846607050
:1098E000FFF76EF8C10708D00320E4E70C20E2E799
:1098F0000EB1400704D40020DDE71EB1400701D5BA
:109900000A20D8E7002631462046FEF78BFD0228C4
:1099100022D100254FEA0D0704EB051090F8F21153
:1099200000F5F77019B1083000F02DFA00E00020C2
:1099300047F825006D1C042DEED3002557F825604F
:1099400036B131462046FEF76DFD022801D203E014
:1099500003206D1C042DF1D3042809D002286DD2F8
:1099600004F13B0000F01AFAB0F5007F66D101E087
:109970000120A0E704F1460000F010FA18B904F144
:10998000540000F000FAA06194F84050A570012D39
:1099900001D0022D52D1454394F83D006081E8B3D7
:1099A000411E08424AD104F1410000F0F7F920813C
:1099B000000743D104F1430000F0F0F9070004D19F
:1099C00004F1500000F0DFF9074604F13E0000F01A
:1099D000E5F9010032D02389481900EB13129742B0
:1099E0002CD3B81A6789B0FBF7F0B8B103274FF64C
:1099F000F57C604500D8022740F6F57C604500D82C
:109A00000127801C3244A26231446061C4E90761CD
:109A1000032F15D013B12944616200E00EE0022F3C
:109A20001FD000F0010100EB400001EB500000BF2F
:109A3000A16900F2FF10B1EB502F14D20D203AE7CC
:109A400004F15A0000F0AAF90028F7D12089002873
:109A5000F4D104F15C0000F096F960626069800066
:109A6000E6E74000E4E74FF0FF302061E06080204F
:109A70002071032F2CD104F1600000F08FF9012830
:109A800026D1711C204600F0D8F908BB84F8048068
:109A900004F22E2000F082F9A0F52A41553917D1A1
:109AA00004F1300000F06FF91049884210D104F53C
:109AB000057000F068F90E49884209D104F5067076
:109AC00000F061F9206104F5077000F05CF9E060D6
:109AD00005492770091F0888401C0880E08020463F
:109AE000FEF706FD07E700003800002052526141F2
:109AF0007272416173B504460568019801E0401C2B
:109B0000019001782F29FAD05C29F8D00021A160BA
:109B100001980078202806D2802084F82F00204663
:109B2000FEF70CFF7CBD01A92046FEF761FD002871
:109B3000F8D12046FEF7E4FD94F82F1028B1042850
:109B4000F0D14907EED405207CBD4907FCD4A079AB
:109B5000C006F8D5A08AC0F3080041192846303164
:109B600000F0FEF8A060DEE713B54FF0FF330122EE
:109B700069460248FAF716FA00981CBD74050020E1
:109B80002DE9F04104680D4602290BD36069A84213
:109B900008D920784FF0FF36012807D002282BD0B3
:109BA000032839D001263046BDE8F081206A05EB54
:109BB000550700EB5721204600F03FF90028F2D16D
:109BC000C7F3080020447F1C90F83080206A00EB27
:109BD0005721204600F031F90028E4D1C7F30800EE
:109BE000204490F8301048EA0120E90701D0060926
:109BF000D9E7C0F30B06D6E7206A00EB1521204613
:109C000000F01BF90028CED1E8B204EB4000303060
:109C100000F0C4F80646C6E7206A00EBD5112046DE
:109C200000F00BF90028BED140F2FF1000EA8500D9
:109C30002044303000F0A7F820F07046B3E7002051
:109C400070472DE9F041002305464B72C0690C4670
:109C5000002825D000210A462E26286A805C521C46
:109C600020280AD0052800D1E520092A02D167184A
:109C7000491C7E726718491C78720B2AEDD3601854
:109C80004372286AC07A2072286A1C3000F07BF880
:109C90002060286A163000F076F8E080000CA08082
:109CA000BDE8F08110B504464FF0FF302268002A6D
:109CB00013D0114600E0491C0B78212B0ED33A2B10
:109CC000F9D112F8013B303B0A2B06D28A4204D16B
:109CD000002B02D1491C1846216010BD002010BD88
:109CE000F0B502461D4BD2F80050002003EB0014E3
:109CF0002668AE4207D166689768BE4203D1A46861
:109D00005669B44202D0401C0228EFD3022814D175
:109D1000002002E0401C022804D203EB0014246857
:109D2000002CF7D102280ED003EB001425609568B3
:109D300065605269A2600022A281002903EB001134
:109D4000898902D019B10020F0BD491C01E04FF40F
:109D5000807103EB0012401C9181F0BD4C1000207B
:109D600070B506460D4601F11A0000F017F80446DA
:109D70003078032805D105F1140000F00FF844EA0B
:109D80000044204670BDC178827842EA01214278C1
:109D9000007842EA012140EA0120704741780078CA
:109DA00040EA012070470000F7F706FFFCF7B8F91A
:109DB000FAF7ECFBFAF74AFBFAF758FDFAF7D4FC8E
:109DC000FAF7B2FCFAF730FDFAF700FBFAF71EFBE0
:109DD000FAF770FBFAF760FBFAF716FDFAF762FD87
:109DE00008A0FEF7BDF80A480068C16841F01001FC
:109DF000C1604FF4807207490548FAF791F8F6F709
:109E0000BFFEFEE7756172743120696E69740000EF
:109E10007405002074040020002A05D011F8013BCD
:109E200000F8013B521EF9D1704700005FFA81F142
:109E300000F8011B521EFBD1704770B50446C06A82
:109E40000D460026A8420FD0204600F05BF9060020
:109E50000AD1607801232A4604F13001FEF7D4FDCF
:109E600008B1751E0126E562304670BD2DE9F04748
:109E7000022617460D460446022969D36069A842A6
:109E800066D920784FF00109012804D0022836D085
:109E900003285DD143E0216A05EB550801EB582109
:109EA0002046FFF7CAFF060052D1C8F3080020443D
:109EB000303008F10108E90704D00178FAB262F302
:109EC0001F1100E03946017084F80390216A204692
:109ED00001EB5821FFF7B1FF060039D1C8F30800A4
:109EE00020443030E90702D0C7F3071105E00178BC
:109EF000C7F3032201F0F0011143017026E0206A4C
:109F000000EB15212046FFF798FF060020D1E8B2AC
:109F100004EB4000B9B2303000F0ABF816E0206A34
:109F200000EBD5112046FFF788FF060010D140F264
:109F3000FF1000EA8500204430300546FFF723FF7C
:109F400067F31B000146284600F08BF884F8039065
:109F50003046BDE8F087F8B50E4604460A2902D11E
:109F60000D21FFF7F8FF6568002D16DB60196D1CE9
:109F700006733D2D0DDB6B462A4604F10C0120686B
:109F8000FFF7C7FB0098A84201D1002501E04FF080
:109F9000FF356560A068401CA060F8BD38B5426818
:109FA0000446002A0CDB6B4604F10C012068FFF725
:109FB000B0FB28B960680099884201D1A06838BD1B
:109FC0004FF0FF3038BD2DE9F041056813460E46CD
:109FD000074602292DD36869B0422AD93BB14FF018
:109FE000FF3219462846FFF741FF00281FD13146AE
:109FF0003846FFF7C5FD040018D0012C19D0601CAD
:10A0000019D0002231462846FFF730FF00280ED134
:10A01000D5E90410821E914205D2491C2961297993
:10A0200041F0010129712646B042E0D80020BDE888
:10A03000F0810220FBE70120F9E770B50C460646E7
:10A04000154691B204F11A0000F013F83078032895
:10A0500006D1290C04F11400BDE8704000F009B8E5
:10A0600070BD0170090A4170090A8170090AC17046
:10A0700070470170090A41707047000070B50446CE
:10A0800000F040F8050036D1207803282CD1207943
:10A09000012829D1420204F1300000210646FFF7D1
:10A0A000C5FE4AF6552104F22E20FFF7E2FF1349C0
:10A0B0003046FFF7D6FF124904F50570FFF7D1FFD0
:10A0C00004F506702169FFF7CCFF04F50770E1681D
:10A0D000FFF7C7FFE2690123521CE2626078314654
:10A0E000FEF7ACFC00202071002260781146FEF7DC
:10A0F0007DFC00B10125284670BD0000525261412F
:10A10000727241612DE9F0410446C0780027F8B130
:10A11000E56A04F13001607801232A468846FEF79B
:10A120008DFC08B1012713E00020E070206AA169CE
:10A13000281A88420CD2A67808E0A06901230544B9
:10A1400060782A464146FEF779FC761E022EF4D24C
:10A150003846BDE8F08170B50E4604004FF00905A1
:10A160000CD0206850B1017841B1A188C2889142D9
:10A1700004D14078FEF756FCC00703D000203060C1
:10A18000284670BD00252068F9E700061016000675
:10A190001016000000000000000001020304060782
:10A1A000080900000000010203040100040010007F
:10A1B000400000010002000001000200040008004D
:10A1C0001000200000000000915F000827600008D8
:10A1D000016000082D600008B15F000800800202E5
:10A1E0001F00000053544D202020202050726F6427
:10A1F000756374202020202020202020302E303134
:10A2000020A200080000002040010000D002000849
:10A21000CCA2000840010020983B0000B07F00085D
:10A22000012432018210BB24F41813E966140819C2
:10A23000671B0825041A4D041A75041AC9141AF567
:10A2400004170403090412013202164083042A573A
:10A250001D0201020335031A1A031389601B0855F6
:10A26000041A8D041A91041A95041ABD041A85045F
:10A2700013DCA1420813956E1408896D4C085B6FBE
:10A2800010411A75101A7F04C11A39281A0D041AC0
:10A2900069041A01041A817C1409022020080101B2
:10A2A00004C0320904200B0208065005070581028C
:10A2B000402C070501074B0A06B029DC190A1A8051
:0CA2C000021B08200139B3021206000046
:040000050800018965
:00000001FF
