:020000040800F2
:10000000000800209D0100084F560008AB2600089C
:100010004D56000895040008B95E00080000000075
:100020000000000000000000000000003959000836
:10003000A905000800000000515600083D590008BD
:10004000B7010008B7010008B7010008B7010008B0
:10005000B7010008B7010008B7010008B7010008A0
:10006000B7010008B7010008B7010008B701000890
:10007000B7010008B7010008B7010008B701000880
:10008000B7010008B7010008B7010008A50400087F
:1000900099040008B7010008B7010008F30500083B
:1000A000B7010008B7010008B7010008B701000850
:1000B000B7010008B7010008B7010008B701000840
:1000C000B7010008B7010008B7010008B701000830
:1000D000B70100085D5E0008B7010008B70100081D
:1000E000B7010008B7010008B7010008B701000810
:1000F000B7010008B7010008B7010008B701000800
:10010000B7010008B7010008B7010008B7010008EF
:10011000B7010008B7010008B7010008B7010008DF
:10012000B7010008B7010008F9040008B70100088A
:10013000B7010008B7010008B7010008B7010008BF
:10014000B7010008B7010008B7010008B7010008AF
:10015000B7010008B7010008B7010008B70100089F
:10016000B7010008B7010008B7010008B70100088F
:10017000B7010008B7010008B7010008000000003F
:10018000B7010008B7010008DFF80CD000F070F9E3
:10019000004800473D6500080008002006488047E9
:1001A00006480047FEE7FEE7FEE7FEE7FEE7FEE75C
:1001B000FEE7FEE7FEE7FEE7055A000889010008B2
:1001C0002DE9F05F0546002092469B46884606468C
:1001D000814640241BE0284641464746224600F01F
:1001E000D9F853465A46C01A914110D311461846C1
:1001F000224600F0C0F82D1A67EB01084F46224650
:100200000120002100F0B7F817EB00094E41201E35
:10021000A4F10104DFDC484631462A464346BDE8E6
:10022000F09FD2B201E000F8012B491EFBD27047CB
:100230000022F6E710B513460A4604461946FFF7B2
:10024000F0FF204610BD2DE9FE4F81EA030404F0C3
:10025000004421F0004100944FF0000B23F00043D4
:1002600050EA01045ED052EA03045BD0C3F30A549F
:10027000C1F30A552C44A4F2F3340194A0FB0254B8
:10028000C1F3130141F48011C3F3130343F480134A
:1002900001FB024400FB034E840A970A44EA81549E
:1002A00047EA8357A4FB076802958D0A05FB07857B
:1002B0004FEA932C04FB0C542705029D4FEA065885
:1002C00047EA1637B5EB08056EEB070C870E920E62
:1002D00047EA811742EA8312A7FB0201B6EB0B0142
:1002E00064EB00042B0D43EA0C335E1844EB1C5006
:1002F000DA465146E7FB0201C5F313044FEA0B331C
:1003000043EA14534FEA0432019C43EA0603A4F182
:100310000C040294009CCDE900B400F05AF803B03C
:10032000BDE8F08F00200146F9E70EB540F23341F9
:1003300002910021CDE900110A460B4600F049F870
:1003400003B000BDC1F30A5210B5C1F3130140F26E
:10035000FF3341F480119A4201DA002010BD40F2CF
:1003600033439A42A2F2334203DC524200F012F8C5
:1003700010BD904010BD202A04DB203A00FA02F1A3
:10038000002070479140C2F1200320FA03F3194383
:1003900090407047202A04DB203A21FA02F0002125
:1003A000704721FA02F3D040C2F120029140084385
:1003B0001946704710B5141E73F1000408DA401C8A
:1003C00041F1000192185B411A4301D120F0010074
:1003D00010BD2DE9F04D92469B4611B1B1FA81F264
:1003E00002E0B0FA80F220329046FFF7C4FF0446E4
:1003F0000F4640EA0A0041EA0B0153465A460843B9
:1004000013D0114653EA010019D0C8F140025046FA
:10041000FFF7C0FF05460E46504659464246FFF7D5
:10042000AAFF084305D0012004E020463946BDE874
:10043000F08D0020054346EAE0762C4337430A98C6
:100440006305E40AA0EB08000022FD0A44EA4754D1
:100450000A3002D500200146E9E70105101969417B
:10046000DDE9084500196941BDE8F04DA2E700004B
:10047000064C074D06E0E06840F0010394E80700F1
:1004800098471034AC42F6D3FFF782FE64AD000803
:1004900084AD0008FEE70000014800F09CB90000B0
:1004A00098000020014800F096B900009800002054
:1004B0001CB54FF6FF7002F0F9F80B4C1F200BA192
:1004C00020601020CDE900010A48282378224188C5
:1004D00000881239283889B280B204F025FE4FF422
:1004E000784020601CBD000000000020436C656166
:1004F0007200000054000020014800F06FBC0000B2
:100500009C03002001681823CAB2103AB2FBF3F230
:10051000054B6FF30901032A9B5CC36500D9091DD4
:10052000816508467047000044AD000810B50146DB
:1005300000208B698A6A4FF0C07453B1B3F5005F35
:1005400015D072B1012A0CD0022A0AD0032A09D18F
:1005500004E01AB1012A06D0022A03D1C96AC901EE
:1005600000D5012010BDC96AA142FAD010BD002AF1
:10057000F7D0012AF2D0022AF3D0032AF3D010BD1B
:1005800030B50468256825F480252560046863601B
:100590008368402B036803D099600068C26030BD57
:1005A0009A600068C16030BD70472DE9F0470025B2
:1005B0008A46044600F1010900F10208C71C0AEB53
:1005C0000506B1B2204602F0E7F8B1B21FFA89F091
:1005D00002F0E2F8B1B21FFA88F002F0DDF8B1B231
:1005E000B8B202F0D9F86D1CEDB2042DE7D3BDE826
:1005F000F0874FF4807000F0F9BD72B6FEE700009E
:1006000030B5B3F5804F05D06FF0704140F822103F
:10061000002030BD8C690B688D6823434C68898944
:10062000240144EA0524234343EA014150F82230DF
:10063000014C23401943E9E70000F0CF10B50A68E8
:1006400050F8223023F0010340F822308C68082C47
:1006500023D000234A682243CC681C430B69224301
:100660001A434B690E4C1A43CB691A430B6A1A435F
:100670004B6A1A438B6A1A43CB6A1A430B6B1A43B1
:100680008B691343CA6B09681A4350F82130A3439E
:10069000134340F82130002010BD4023DAE700006A
:1006A0007FFF0F0030B5D1E9003443EA04138C68B2
:1006B0008D89240244EA054423430C8A074D00EB4C
:1006C000820005EB045423430C7D6D0105EB0464AB
:1006D000896923430B434360002030BD0000F0FFD5
:1006E000704770B590F82040012C05D0022C03D043
:1006F000416A41F4802128E0046809B32469A40711
:1007000020D04FF4D874056804EB01142D5915F06E
:100710000405956005682D591AD0ED0855600568E7
:100720002C5904F00204D4604FF4DA74056804EB29
:1007300001142E5906F00F06082E0CD308250DE0E3
:10074000E468DCE7416A41F400114162012070BDB8
:100750006D0D1560E3E72D5905F00F05156105686E
:100760002D59C5F30725956105682C59240C546152
:100770004FF4DC72046802EB0112A4581C70046888
:10078000A458240A5C700468A458240C9C70046863
:10079000A258120EDA704FF4DE72046802EB0112F6
:1007A000A4581C710468A458240A5C710468A458F5
:1007B000240C9C710468A258120EDA71006829B1E9
:1007C000016941F020010161002070BDC16841F064
:1007D0002001C160F8E72DE9F05F054600680024BC
:1007E0004669D0F804908768D0F80CB0D0F810A013
:1007F000D0F81880F10748D0F90714D001218160A2
:10080000B80703D5284600F065FA0CE0780702D552
:100810004FF4006407E0380702D54FF4805402E03B
:10082000284600F056FAF80516D529684FF480706E
:100830008860B80503D5284600F071FA0CE0780509
:1008400002D544F4005407E0380502D544F480444E
:1008500002E0284600F062FAF80316D529684FF442
:1008600080308860B80303D5284600F05AFA0CE0BF
:10087000780302D544F4004407E0380302D544F479
:10088000803402E0284600F04BFA300707D55FEAD3
:10089000CB6004D52968102044F40074C860700748
:1008A0004FF0080707D55FEA0B7004D52868C760CA
:1008B000284600F09FF9B00706D52868C068800771
:1008C00002D0284600F098F9700607D55FEACA60A2
:1008D00004D52968102044F480640861B00607D567
:1008E0005FEA0A7004D528680761284600F0EEF92F
:1008F000F00606D528680069800702D0284600F077
:10090000E6F9B00308D55FEAC96005D5296810206B
:100910004860284600F0DCF9F00307D55FEA09706B
:1009200004D528684760284600F0FCF9300446D515
:100930005FEA497040D5F00504D55FEAC87001D080
:1009400044F00104B00504D55FEA887001D544F095
:100950000204700504D55FEA487001D544F0040430
:10096000300529D518F0700F26D008F07000402807
:1009700015D006DC102809D020280AD0302816D13E
:100980000AE050280ED0602811D10EE044F008048F
:100990000DE044F010040AE044F0200407E044F0C5
:1009A000400404E044F0800401E044F480742868CA
:1009B000816921F070018161296804204860002C60
:1009C00005D0686A204368622846FFF789FEBDE8C3
:1009D000F09F70B5040003D094F8200010B104E03B
:1009E000012070BD204600F081F82068016841F0C8
:1009F0000101016000F010FD0546052604E000F04D
:100A00000BFD401B0A2811D820684068C007F6D0AB
:100A10002068016821F00201016000F0FDFC05463C
:100A20000BE000F0F9FC401B0A2806D9606A40F48C
:100A30000030606284F82060D2E720684068800758
:100A4000EFD4207E0128206801683DD021F080018C
:100A50000160607E01282068016838D021F04001E3
:100A60000160A07E01282068016833D021F02001B8
:100A70000160E07E0128206801682ED041F010015D
:100A80000160207F01282068016829D021F0080139
:100A90000160607F01282068016824D021F00401F2
:100AA0000160D4E902010843D4E904121143084368
:100AB0006168491E08432168C86100206062012006
:100AC00084F82000002070BD41F08001C0E741F0B3
:100AD0004001C5E741F02001CAE721F01001CFE74E
:100AE00041F00801D4E741F00401D9E72DE9F043D2
:100AF00087B0044614216846FFF79AFB394B3A4801
:100B0000DFF8DC801968D4F800C0374A02250326D4
:100B10000927DFF8D89010300024491CC44530D193
:100B20001960012907D1016841F000710160006876
:100B300000F000700590106840F00200106010682E
:100B400002AB00F0020005904FF44070CDE90005C3
:100B500083E8D0006946484600F054FB0022114665
:100B6000132000F0BFFD132000F0AEFD002211465F
:100B7000142000F0B7FD142000F0A6FD07B0BDE87A
:100B8000F083DFF86C80C445F8D1D0F800C04CF099
:100B9000806CC0F800C0D0F800C001290CF0806C57
:100BA000CDF814C0196007D1016841F000710160EF
:100BB000006800F000700590106840F002001060BE
:100BC000106802AB00F0020005904FF44050CDE9F0
:100BD000000583E8D0006946484600F013FBCDE7E6
:100BE000006400402400002030380240000402402D
:100BF00000680040704700007CB522496D46A1F1B5
:100C00001C0488421DD12B4622460021FFF769FDB6
:100C1000002815D11CA005F01DFA20A0216805F0C0
:100C200019FA20A005F016FA002420A0295D05F08D
:100C300011FA641CE4B2082CF7D31EA005F00AFADE
:100C40007CBD104928318842FAD1A1F144022B46DB
:100C50000021FFF746FD0028F2D117A005F0FAF9B0
:100C60000EA0216805F0F6F90EA005F0F3F90024B6
:100C70000EA0295D05F0EEF9641CE4B2082CF7D350
:100C8000DBE700009800002043414E3120526563AD
:100C90006569766564200D0A0000000049443A2524
:100CA00023780A00446174613A00000030782530EE
:100CB000327820000A00000043414E322052656322
:100CC0006569766564200D0A000000007047704772
:100CD000704770470649884201D106A004E00449E4
:100CE0002831884202D108A005F0B4B9704700004D
:100CF0009800002043414E312053656E64206461AA
:100D00007461206F6B0D0A0043414E322053656EB3
:100D1000642064617461206F6B0D0A007047704736
:100D20007047704770472DE9F0410446876D00F029
:100D300073FB064694F835000025022806D0802073
:100D4000606584F834500120BDE8F08120680168B6
:100D500021F0160101602068416921F080014161A4
:100D6000206C08B9A06C20B12068016821F008014E
:100D700001602068016821F0010101600CE000F0D1
:100D80004BFB801B052807D920206065032084F8D1
:100D9000350084F83450D7E720680068C007EED1EA
:100DA00094F85C103F208840B860012084F835003A
:100DB00084F834500020C7E790F83510022903D09A
:100DC0008021416501207047052180F835100068B9
:100DD000016821F001010160002070472DE9F8430E
:100DE00004464FF00009CDF8009063484FF41651C7
:100DF000A56D0068B0FBF1F72E6894F85C10082030
:100E000000FA01F131420FD021680A6852070BD570
:100E10000A6822F004020A6094F85C108840A86016
:100E2000606D40F00100606594F85C104FF00108BF
:100E300008FA01F0304208D021684969090604D552
:100E4000A860606D40F00200606594F85C100420BA
:100E50008840304208D021680968890704D5A86015
:100E6000606D40F00400606594F85C1010208840CC
:100E7000304218D021680968090714D5A860206895
:100E80000168490304D50068000308D5A16C07E098
:100E90000168C90503D4016821F008010160216CD3
:100EA00009B12046884794F85C10202088403042E1
:100EB00031D021680968C9062DD5A86094F835009D
:100EC00005282068016806D0490347D5006800035B
:100ED0001DD4616C1CE021F016010160206841699D
:100EE00021F080014161206C08B9A06C20B120681C
:100EF000016821F00801016094F85C103F208840EF
:100F0000A86084F8358084F83490216D1FE0E16B8F
:100F100009B120468847606D00282BD0606DC0075E
:100F200014D0052084F835002068016821F0010103
:100F300001600098401C0090B84203D82068006807
:100F4000C007F6D184F8358084F83490E16C00292C
:100F500010D001B02046BDE8F04308470168C9053C
:100F6000D5D4016821F01001016084F8358084F83F
:100F70003490CCE7BDE8F8834C0000202DE9F04127
:100F8000044600F049FA06465CB1022084F83500B8
:100F9000002584F834502068016821F001010160C7
:100FA0000DE00120BDE8F08100F036FA801B052835
:100FB00005D920206065032084F83500F2E7206819
:100FC0000068C007F0D12268116820480140D4E9C8
:100FD00001031843D4E903363343184363691843C4
:100FE000A3691843E3691843236A18430843616AF5
:100FF000042903D1D4E90B13194308431060206876
:101000004069666A20F0070130460E430127042834
:101010000CD1A06A0643E06A40B12046FFF786FA89
:1010200020B14020606584F83570BAE720684661D9
:101030002046FFF767FA94F85C203F2191408160D9
:10104000656584F835700020ACE700003F8010F043
:101050002DE9F0410446866D90F834000025012802
:101060000DD0012084F8340094F835700020012F51
:1010700007D084F8340002252846BDE8F08102201C
:10108000FBE7022784F8357060652046FFF778FAA1
:1010900094F85C103F208840B0602068016841F0FF
:1010A00016010160206C20B12068016841F0080140
:1010B00001602068016841F001010160DCE7000087
:1010C00070B5044600F0A8F90546601C02D004483B
:1010D0000078044400F0A0F9401BA042FAD370BD90
:1010E00040000020F0B587B014216846FFF7A0F853
:1010F0002048016800293AD1012101601E480024DE
:10110000016841F0010101600068022500F0010062
:1011100005904FF23F00CDE9000502AA03260C27F7
:1011200082E8D0006946154800F06CF841F23F4073
:10113000CDE9000502AA694682E8D000104800F017
:1011400061F84FF68370CDE9000502AA694682E88E
:10115000D0000C4800F056F84FF63370CDE900058A
:1011600002AA694682E8D000074800F04BF807B0B1
:10117000F0BD00002C00002038380240001402406E
:101180000018024000100240000C02400A4930B42E
:101190000B680A4A54681B1BC82B0AD9096851609E
:1011A000B0F5807F03D006A030BC04F053BF09A087
:1011B000FAE730BC704700004800002038000020EB
:1011C0006B65795F6F6B20707265737365642075F2
:1011D000700A00006B65795F6F6B207072657373C6
:1011E000656420646F776E0A00000000044910B542
:1011F0000A68024202D00860FFF7C8FF10BD000075
:10120000143C01402DE9F84FDFF8BCA10022012574
:1012100003264FF00F090AF1040BAAF1040E00BFD8
:101220000B6805FA02F42340A34270D10F7907F04E
:101230000307012F01D0022F16D187684FEA420819
:1012400006FA08FC27EA0C07D1F80CC00CFA08FCD7
:101250004CEA070CC0F808C04768A7430C79C4F3F0
:10126000001494403C4344600C79E443A4070AD042
:10127000C4684FEA420C06FA0CF7BC438F6807FAC1
:101280000CF72743C7600C7904F00304022C12D139
:10129000D40800EB840CDCF820405707FF0E09FA55
:1012A00007F824EA0804D1F8108008FA07F848EA99
:1012B0000408CCF8208004684FEA420C06FA0CF7C8
:1012C000BC430F7907F0030707FA0CF727430760C1
:1012D0004C6814F4403F70D03C4C276847F480477A
:1012E0002760246822F0030704F480440094384CFB
:1012F00007EB040CDCF8084897074FEA177809FA5F
:1013000008F7BC43334FB84202D1002724E054E031
:10131000314FB84201D101271EE0304FB84201D110
:10132000022719E02E4FB84201D1032714E02D4FB8
:10133000B84201D104270FE02B4FB84201D1052755
:101340000AE02A4FB84201D1062705E0284FB842EB
:1013500001D1072700E0082707FA08F72743CCF850
:101360000878DAF800405746D1F804C09C435FEA99
:10137000CC2C00D51C433C60DBF800405F46D1F824
:1013800004C09C435FEA8C2C00D51C433C60DEF813
:1013900000407746D1F804C09C435FEA8C3C00D5FE
:1013A0001C433C60084F083F3C68D1F804C09C4394
:1013B0005FEACC3C00D51C433C60521C102AFFF471
:1013C0002FAFBDE8F88F0000083C014044380240D0
:1013D00000300140000002400004024000080240CA
:1013E000000C0240001002400014024000180240AD
:1013F000001C02400069084000D00120704742698B
:1014000021EA02030A4043EA0241816170470AB1BE
:10141000816170470904FBE701488068704700005C
:101420004000002070B5040025D094F83D00002550
:1014300020B984F83C50204600F0B8F8242084F805
:101440003D002068016821F0010101602068016809
:1014500041F4004101602068016821F4004101600D
:1014600000F0AAFA4D4A6168914201D84C4900E067
:101470004C49884201D2012070BD4B492368B0FB22
:10148000F1F15E6826F03F060E435E6063689342AA
:1014900006D94FF4967359434FF47A73B1FBF3F1C5
:1014A0002368491C1E6A26F03F06314319626168B1
:1014B000914210D84900401EB0FBF1F2521CC2F319
:1014C0000B02042A01D2042022E0B0FBF1F0401C00
:1014D000C0F30B001CE0A268F2B301EBC10303EB05
:1014E0000116431EB3FBF6F35B1C43F480431B055C
:1014F00049D092B301EBC10202EB0111401EB0FBD7
:10150000F1F0401CC0F30B0040F4804040F4004078
:101510002168CA694CF6FF739A431043C861D4E945
:10152000071001432068026822F0C00211430160E5
:10153000D4E9030101432068826848F2FF339A43EB
:1015400011438160D4E9050108432168CA6822F08B
:10155000FF021043C86001E00EE016E02068016859
:1015600041F0010101602564202084F83D002563DD
:1015700084F83E50002070BD01EB4106431EB3FBD2
:10158000F6F35B1CB3E70120C2E701EB4101401E0B
:10159000B0FBF1F0401CC0F30B00B7E7A0860100E0
:1015A00080841E0000093D0040420F0010B586B047
:1015B000044614216846FEF73BFE13492068884222
:1015C00020D112480021026842F002020260006845
:1015D00000F002000590C02000901220CDE901012A
:1015E000032003900420049069460948FFF70AFE8F
:1015F00006481030016841F400110160006800F4F1
:101600000010059006B010BD005400403038024074
:1016100000040240024881680278114481607047EA
:10162000400000200B4810B5016841F400710160D2
:10163000016841F480610160016841F480710160DA
:10164000032000F06FF80F2000F006F800F024F8F7
:10165000002010BD003C024070B50D4D04464FF413
:101660007A712878B1FBF0F00A490968B1FBF0F013
:1016700000F0A6FD48B9102C07D200222146501ECA
:1016800000F030F800206C6070BD012070BD0000DB
:10169000400000204C0000200A4808B5016841F4D1
:1016A00080410160006800F4804000900548001F00
:1016B000016841F080510160006800F080500090A6
:1016C00008BD000044380240002809DB00F01F027A
:1016D000012191404009800000F1E020C0F8001194
:1016E00070470000F0B40E4B1B680C46C3F3022396
:1016F000C3F10705042D00D90425191D072901D2BE
:10170000002300E0DB1E012606FA05F1491E2140F8
:1017100099409E40761E16403143F0BC04F0AABCAE
:101720000CED00E0064900F0070208684FF6FF03E1
:10173000184040EA0220034A104308607047000046
:101740000CED00E00000FA052DE9F84305460068BD
:101750004FF00109C1074FF0000601D1400727D51E
:10176000DFF80C81C8F86860FFF756FE0746414C69
:1017700005E000BFFFF750FEC01B022857D82068C5
:101780000001F7D468688101287A41EA007039497C
:1017900084310860C8F86890FFF73EFE074604E011
:1017A000FFF73AFEC01B022841D820680001F7D598
:1017B0002878800752D52F484030016841F0805189
:1017C000016000682C4C00F080500090206840F4CC
:1017D00080702060FFF720FE074604E0FFF71CFE44
:1017E000C01B022823D82068C005F7D5214C7034CF
:1017F000206810F4407020D0A98901F44071814222
:101800001BD020681D4920F44070C1F800900E6084
:1018100020602068C00710D0FFF7FEFD064641F2A9
:10182000883707E0FFF7F8FD801BB84202D9032094
:10183000BDE8F88320688007F4D5E9680D48C1F356
:1018400001220830032A0BD0016821F4F81101604D
:101850002068A989C1F30B01084320600020E7E755
:101860000268074B22F4F81219400A430260EFE7BE
:10187000000047420038024000700040400E4742DE
:10188000FFFCFF0F2DE9F0470E46050065D0DFF89D
:101890001481D8F80000F7B200F00700B04207D278
:1018A00088F80070D8F8000000F00700B04254D16A
:1018B00028683D4C810712D5400703D5206840F4C5
:1018C000E05020602878000703D5206840F460408D
:1018D00020602068A96820F0F00008432060287884
:1018E000C0072DD0304968680839012812D0022875
:1018F00013D0032811D00968890700292DDA21683F
:1019000021F0030101432160FFF786FD814641F28A
:10191000883A0EE009688903EFE709688901ECE776
:10192000FFF77AFDA0EB0901514502D90320BDE87C
:10193000F0872068696800F00C00B0EB810FEFD1F0
:10194000D8F80010404601F00701B14207D90770EE
:10195000006800F00700B04201D00120E7E72878D6
:10196000400705D52068E96820F4E050084320606E
:101970002878000706D52068296920F4604040EAED
:10198000C100206000F038F82168084AC1F3031153
:10199000515CC8400649086006480068FFF75CFED5
:1019A0000020C4E7003C0240083802404CAD00086B
:1019B0004C000020440000200448054900680968E4
:1019C000044AC1F38221515CC84070474C0000209A
:1019D000083802405CAD0008044805490068096801
:1019E000044AC1F34231515CC84070474C000020AA
:1019F000083802405CAD0008154810B5006810F0CA
:101A00000C02144813D04110042A0FD0082A0ED11A
:101A10000F4C241F2268236802F03F025B0207D5A7
:101A20002068C0F38810A0FB010106E0084610BD45
:101A30002168C1F38811A1FB00010023FEF7C0FB60
:101A40002168C1F30141491C4900B0FBF1F010BD10
:101A5000083802400024F4002DE9F84F04006ED04D
:101A60002078DFF84C93C007A9F104054AD009F1AA
:101A700004000168C1F38101012908D00068C0F3A6
:101A8000810002280AD1D9F80000400206D5286852
:101A9000800337D560680028E1D033E06068B0F596
:101AA000803F10D0B0F5A02F286810D020F48030EF
:101AB0002860286820F4802028606068A8B1FFF7BB
:101AC000ABFC06460DE0286840F48030F4E740F4B3
:101AD00080202860F7E700BFFFF79EFC801B64288A
:101AE00073D828688003F7D50CE0FFF795FC06460D
:101AF00005E000BFFFF790FC801B6428F0D8286841
:101B00008003F7D42078DFF8AC8280074FF0000A1A
:101B10003ED5A748001D016811F00C0F08D00068E1
:101B2000C0F3810002280BD1D9F80000400207D48D
:101B30002868800716D5E068012800D112E033E15B
:101B4000E068B8B10120C8F80000FFF765FC064660
:101B500005E000BFFFF760FC801B0228C0D82868A2
:101B60008007F7D52868216920F0F80040EAC10015
:101B700028600DE0C8F800A0FFF74EFC064604E020
:101B8000FFF74AFC801B02281FD828688007F7D47B
:101B90002078000722D5864F87486169703771B178
:101BA00001210160FFF738FC064604E0FFF734FC32
:101BB000801B022809D838688007F7D50EE0C0F8E6
:101BC00000A0FFF729FC064605E082E0FFF724FCB1
:101BD000801B02287DD838688007F7D4207840071A
:101BE00068D5DFF8CCB100270BF13C0BDBF8000027
:101BF000C0000BD4DBF8001041F08051CBF800108E
:101C0000DBF80000012700F0805000906B4E306838
:101C1000C00510D4306840F480703060FFF7FCFBE2
:101C2000009005E0FFF7F8FB0099401A022850D811
:101C30003068C005F6D55E4EA0686C3601280FD01E
:101C40000528306810D020F001003060306820F0A6
:101C500004003060A068B8B1FFF7DEFB00900FE031
:101C6000306840F00100F4E740F004003060F7E72E
:101C7000FFF7D2FB0099411A41F28830814266D8C1
:101C800030688007F4D50EE0FFF7C6FB009007E050
:101C9000FFF7C2FB0099411A41F28830814256D8C1
:101CA00030688007F4D42FB1DBF8001021F08051A8
:101CB000CBF80010A069C8B33D49091D0968C1F3FC
:101CC000810102294AD00228504607D0C8F8600096
:101CD00000E03CE0FFF7A0FB04463BE04746C8F8C5
:101CE0006000FFF799FB064605E000BFFFF794FB95
:101CF000801B02282BD828688001F7D4D4E907017B
:101D00000843A16A2E4A490802EB0141626A41EA8E
:101D10008211084394F82C1040EA0161C9F80010C0
:101D200001203866FFF778FB044606E03EE000BF7E
:101D3000FFF772FB001B022809D828688001F7D53D
:101D400034E000BFFFF768FB001B022802D9032024
:101D5000BDE8F88F28688001F4D427E00128F7D087
:101D6000D9F80000E26900F4800191421CD1226A96
:101D700000F03F01914217D147F6C071626A0140FD
:101D8000B1EB821F10D1A26A4FF0FF3300F4403153
:101D900003EB5202B1EB024F06D194F82C1000F085
:101DA0007060B0EB016F01D00120D1E70020CFE7D8
:101DB0000438024000004742800E47420070004055
:101DC0000000FFFF0068503050F8210070470068A5
:101DD000503040F82120704710B5040002D0607FD9
:101DE00010B106E0012010BD00202077204600F051
:101DF00041F8022060772068C168C943C90632D51E
:101E0000CA214162216853204862204603F02CFC1D
:101E100020BB20688168164A11408160216888686B
:101E200062681043D4E904231A4310438860216890
:101E3000E068086120680169228941EA0241016184
:101E4000204603F035FC48B921680A6C22F4802250
:101E50000A6421680A6CA3691A430A642268FF2194
:101E6000516208B110BD00200121617710BD000052
:101E7000BFFF8FFF1FB500210091019102910391D7
:101E80000068084988420CD102200090C0010390EC
:101E90006846FFF759FC08B1FEF7AFFB0249012085
:101EA00008601FBD002800403C0E474270B5044644
:101EB000007F0B46012819D0012626770220607783
:101EC000B2B19878D97840EA01455878197800027B
:101ED00040EA413005432168CA2048622168532006
:101EE0004862204603F0C0FBD0B122E0022070BD62
:101EF0005878C10603D500F0EF000A305870D87842
:101F000003F0A7FB0204587803F0A3FB42EA002287
:101F1000987803F09EFB0243187842EA4035DAE7EE
:101F20000748054020684560204603F0C1FB00B922
:101F300066772268FF2151620021217770BD000081
:101F40003FFFFF002DE9F0410446007F0D460128C8
:101F500023D04FF0010884F81C80022060772068AD
:101F6000002780684FEA4060D2B1002800DBEF70A4
:101F7000A878297840EA01466878E978000240EAC2
:101F8000815006432168CA20486221685320486274
:101F9000204603F069FBB8B12CE00220BDE8F081D7
:101FA000002800DBEF70287803F053FB0204687808
:101FB00003F04FFB42EA0022A87803F04AFB0243F9
:101FC000E87842EA8056DDE70D4806402068066062
:101FD0002068816821F480218160D5E903010843EC
:101FE00021688A6810438860204603F061FB08B9C5
:101FF00084F81D802268FF2151622777CEE7000018
:102000007F7F7F0070B504460B482168C860FFF7EA
:1020100003FA05464FF47A7607E000BFFFF7FCF9B4
:10202000401BB04201D9032070BD2068C068800603
:10203000F4D5002070BD00005F7F010070B5040082
:1020400009D0606A002540B125616561A56294F8F8
:10205000510040B10CE0012070BD6068B0F5827F96
:10206000F4D0E561F2E784F85050204600F044F8DF
:10207000022084F851002068016821F040010160CD
:10208000A088218900F4827001F404410843A189E9
:1020900001F400610843217C01F002010843217D25
:1020A00001F001010843218B01F400710843217FF5
:1020B00001F03801084394F8201001F08001084332
:1020C000218D01F40051084321680860A0690421B2
:1020D00001EA104094F8241001F01001084321682F
:1020E00048602068C16921F40061C1616565012013
:1020F00084F85100002070BD10B586B0044614214C
:102100006846FEF795F813492068884220D11248A6
:102110000021026842F480520260006800F480509E
:1021200005900D481438026842F00202026000680F
:1021300000F002000590382000900220CDE9010156
:10214000032003900520049069460448FFF75AF8DD
:1021500006B010BD00300140443802400004024087
:1021600070B515460E46040003D094F8490010B12E
:1021700007E0012070BD002084F84800204600F0F0
:102180001DF804F108012068FEF758FA3146A268EC
:102190002068FEF787FAD4E901022946236BFEF78F
:1021A0002FFA2168A06851F8202042F0010241F87E
:1021B0002020012084F84900002070BDFEF792BF66
:1021C00010B5401EB0F1807F01D3012010BD4FF04B
:1021D000E02460610F21601703F04CFF0020A06134
:1021E00007202061002010BD70477047F8B50168D6
:1021F00004460868CA684B6910F00F0F4FF00005DD
:1022000059D003F0010602F49077374365D0C10737
:1022100005D0D10503D5616C41F00101616441072E
:1022200005D5D90703D0616C41F0020161648107D3
:1022300005D5D90703D0616C41F004016164010741
:1022400007D502F02001314303D0616C41F0080151
:102250006164616C00293AD0800604D5900602D5ED
:10226000204603F08AFC20684069616CC0F380104E
:10227000090700D460B3204603F04AFC2068406997
:10228000400621D52068143050E8001F21F040019D
:1022900040E80012002AF5D1E06BA8B1724901654F
:1022A000E06BFEF789FD002811D0E06B016D01B0F5
:1022B000BDE8F040084783060FD593060DD52046AC
:1022C000BDE8F84003F059BC2046FFF78EFFF8BD8B
:1022D0002046FFF78AFF6564F8BD266B2023012E98
:1022E0007ED1C6067CD5D6067AD5086848680090A7
:1022F00048694FF0020640064DD5E26B1068406811
:102300004FF480770004000C3AD0A18D814237D978
:10231000E085D069B8422DD020680C3050E8001F0D
:1023200021F4807140E80012002AF5D120681430B1
:1023300050E8001F21F0010140E80012002AF5D109
:102340002068143050E8001F21F0400140E80012DE
:10235000002AF5D184F84230256320680C3050E81B
:10236000001F21F0100140E80012002AF5D1E06BB7
:10237000FEF7D9FC6663A08DE18D401A81B206E0BC
:10238000A18D8142A8D1D069B842A5D1666320460B
:10239000FFF72AFFF8BDA08DE18D401A81B2E08DD4
:1023A0000028F7D00029F5D020680C3050E8002F25
:1023B00022F4907240E80027002FF5D120681430F5
:1023C00050E8002F22F0010240E80027002FF5D14D
:1023D00084F84230256320680C3050E8002F00E07C
:1023E00006E022F0100240E80023002BF3D1CDE7F5
:1023F00005062BD5150629D594F841002128C9D109
:10240000A068B0F5805F01D12069B0B1206A411C9D
:102410002162216800784860E08C401E0004000CB6
:10242000E084B7D12068C16821F08001C1602068D4
:10243000C16841F04001C160F8BD206A0088C0F366
:1024400008004860206A801C2062E5E74006F3D55A
:102450005006F1D5CA68204622F04002CA6084F8CE
:10246000413000F021F9F8BD155A000870B504009C
:1024700004D094F84100002510B106E0012070BDA1
:1024800084F84050204600F023F8242084F84100CE
:102490002068C16821F40051C160204603F0CEFBE2
:1024A0002068016921F4904101612068416921F0AF
:1024B0002A0141612068C16841F40051C16065642E
:1024C000202084F8410084F842006563002070BD3C
:1024D00070B586B0064614216846FDF7A9FE24496A
:1024E0003068884242D123480025016841F010013C
:1024F0000160006800F0100005901E481438016863
:1025000041F0010101600068694600F0010005909A
:102510004FF4C0600090022001900120029003203F
:102520000390072004901448FEF76CFE144C1348E7
:1025300020604FF00060C4E901054014C4E9035075
:1025400080106561C4E90650256220466562FEF789
:1025500015FD08B1FEF751F8F4630022114625205D
:10256000A663FFF7BFF82520FFF7AEF806B070BDF1
:102570000010014044380240000002404064024024
:102580009C03002090F84230202B01D0022070479D
:1025900021B11AB10023036303F0D6BB01207047B9
:1025A00010B5084A016891420BD1074C074B2178BE
:1025B0004A421944D2B24FF0FF3300F025F8002010
:1025C000207010BD00100140340000205402002093
:1025D00070B50A4A016891420ED1094C4FF0FF33A1
:1025E0002178C1F18002D5B2064A11442A4600F092
:1025F0000BF820782844207070BD000000100140C6
:1026000034000020540200202DE9F843044690F8DD
:102610004100984616460D46202802D00220BDE80B
:10262000F88385B17EB100206064212084F84100E8
:10263000FEF7F2FEA6848146E684A0682027B0F566
:10264000805F02D003E00120E9E7206910B12E4647
:1026500000250EE000260CE08021204603F0C4FB9C
:10266000A8B9C6B116F8010B21684860E08C401E7D
:10267000E084E08C4B464FF00002CDF8008000284B
:10268000EAD14FF04001204603F0AEFB40B184F8A0
:1026900041700320C3E735F8020BC0F30800E3E7FD
:1026A00084F841700020BAE77047FEE770B50A4928
:1026B0000646002408884D8821464543204602F0FE
:1026C00047FC02F073FDB0B2044901E00880641CCD
:1026D000AC42FBD370BD0000540000200020006C11
:1026E0002DE9F04F2B492C260A46887192884FF429
:1026F000305A4FF4285B4FF4487541F6631E2B2780
:102700004FF02A0C4FF0F00845F210594FF4A07426
:102710004FF4F073B8B10C80A1F802804A4532D171
:10272000A1F808A0A1F80AB0380288810D804B807A
:10273000A2F5A640103801D10B804C80BDE8F04FC7
:10274000002002F045BBA1F800804C804A4507D12B
:10275000A1F808A0A1F80AB04FF42C50888105E038
:1027600072450E8105D14F81A1F80CC00B804D80C0
:1027700002E0A1F80AC08F81A2F5A6401038DDD191
:102780000C804B80DAE70E81A1F80AC072458F8178
:10279000CCD0CDE75400002000B502F0D9FB02F008
:1027A00005FD024802490088088000BD00000020A5
:1027B0000020006C2DE9F0419046304A0D46044659
:1027C000060A918810462F0A4089A1F5AA43103BBA
:1027D0000FD0A1F5C853633B24D002F0DBFC304698
:1027E00002F0CCFCE0B202F0C9FC908902F0D2FC0D
:1027F00036E002F0CFFC304602F0C0FC5089401CAD
:1028000080B202F0C7FCE0B202F0B8FC908902F09E
:10281000C1FC384602F0B2FC9089401C80B202F044
:10282000B9FC20E0917919B91188091B491E8CB2B5
:1028300002F0B0FC260A304602F0A0FCE0B202F042
:102840009DFC304602F09AFCE0B202F097FC9089C1
:1028500002F0A0FC384602F091FCE8B202F08EFCD7
:10286000384602F08BFCE8B202F088FC044910897B
:102870000880891CA1F80080BDE8F0815400002088
:10288000FE1F006C2DE9F05FD32002F083FC02F004
:102890006DFAFE4A908002F069FA908002F066FAC2
:1028A0004FF6FF7A0AEA0020908002F05FFA9188E2
:1028B00049F241390843908047F2897545F2103654
:1028C00045F2105441F66317484564D0042002F0E5
:1028D00061FC02F04BFA908002F048FA908002F01E
:1028E00045FA0AEA0020D046908002F03FFA91882B
:1028F0000843A0F505419080523949D0A8424AD0FA
:10290000D42002F047FC02F031FA908002F02EFA57
:10291000908002F02BFA08EA0020908002F026FA5C
:10292000918808439080B04235D04FF45A4002F06D
:1029300031FC02F01BFA90804FF45B4002F02AFC5D
:1029400002F014FA08EA002090804FF45C4002F094
:1029500021FC02F00BFA918808439080B0F5004FFB
:102960007ED0A04217D0A12002F014FC02F0FEF9A4
:10297000908002F0FBF908EA0020908002F0F6F95E
:1029800091880843A0F5AE419080613902D002E001
:10299000958000E0978090469188BDA003F05AFB97
:1029A000B8F8040048457DD1CF2002F0F3FB0020A9
:1029B00002F0E4FBC12002F0E1FB302002F0DEFB7C
:1029C000ED2002F0E7FB642002F0D8FB032002F0C8
:1029D000D5FB122002F0D2FB812002F0CFFBE820D1
:1029E00002F0D8FB852002F0C9FB102002F0C6FBE4
:1029F0007A2002F0C3FBCB2002F0CCFB392002F09E
:102A0000BDFB2C2002F0BAFB002002F0B7FB342003
:102A100002F0B4FB022002F0B1FBF72002F0BAFB97
:102A2000202002F0ABFBEA2002F0B4FB002002F011
:102A3000A5FB002002F0A2FBC02002F0ABFB1B2094
:102A400002F09CFBC12002F0A5FB012002F096FBE6
:102A5000C52002F09FFB302002F090FB302000E008
:102A6000B8E002F08BFBC72002F094FBB72002F025
:102A700085FB362002F08EFB482002F07FFB3A20D7
:102A800002F088FB552002F079FBB12002F082FBB6
:102A9000002002F073FB1A2002F070FBB62002F057
:102AA00079FB00E098E00A2002F068FBA22002F027
:102AB00065FBF22002F06EFB002002F05FFB262097
:102AC00002F068FB012002F059FBE02002F062FBFB
:102AD0000F2002F053FB2A2002F050FB282002F0C6
:102AE0004DFB082002F04AFB0E2002F047FB0820B5
:102AF00002F044FB542002F041FBA92002F03EFB0F
:102B0000432002F03BFB0A2002F038FB0F2002F0CA
:102B100035FB002002F032FB002002F02FFB0020EA
:102B200002F02CFB002002F029FBE12002F032FB36
:102B3000002002F023FB152002F020FB172002F0FA
:102B40001DFB072002F01AFB112002F017FB0620E4
:102B500002F014FB2B2002F011FB562002F00EFBBA
:102B60003C2002F00BFB052002F008FB102002F0D5
:102B700005FB0F2002F002FB3F2002F0FFFA3F208E
:102B800002F0FCFA0F2002F0F9FA2B2002F002FB0F
:102B9000002002F0F3FA002002F0F0FA012002F027
:102BA000EDFA3F2002F0EAFA2A2002F0F3FA0020C0
:102BB00002F0E4FA002002F0E1FA002002F0DEFA6E
:102BC000EF2002F0DBFA112002F0E4FA7820FEF7A1
:102BD00077FADDE09480DEE6A8427CD1112002F095
:102BE000D9FA7820FEF76CFA362002F0D3FA0020EA
:102BF00002F0C4FA3A2002F0CDFA052002F0BEFA43
:102C0000B22002F0C7FA0C2002F0B8FA0C2002F051
:102C1000B5FA002002F0B2FA332002F0AFFA332006
:102C200002F0ACFAB72002F0B5FA352002F0A6FAAD
:102C3000BB2002F0AFFA322002F0A0FAC02002F06E
:102C4000A9FA0C2002F09AFAC22002F0A3FA01209D
:102C500002F094FAC32002F09DFA102002F08EFADE
:102C6000C42002F097FA202002F088FAC62002F071
:102C700091FA0F2002F082FAD02002F08BFAA42001
:102C800002F07CFAA12002F079FA07E0540000205B
:102C90004C43442049443A25780D0A00E02002F0D4
:102CA00079FAD02002F06AFA002002F067FA0220D6
:102CB00002F064FA072002F061FA0A2002F05EFADC
:102CC000282002F05BFA322002F058FA442002F089
:102CD00055FA422000E05EE002F050FA062002F0D1
:102CE0004DFA0E2002F04AFA122002F047FA1420A0
:102CF00002F044FA172002F041FAE12002F04AFA09
:102D0000D02002F03BFA002002F038FA022002F054
:102D100035FA072002F032FA0A2002F02FFA2820B2
:102D200002F02CFA312002F029FA542002F026FA9F
:102D3000472002F023FA0E2002F020FA1C2002F0B5
:102D40001DFA172002F01AFA1B2002F017FA1E20B3
:102D500002F014FA2A2002F01DFA002002F00EFA06
:102D6000002002F00BFA002002F008FAEF2002F037
:102D700005FA2B2002F00EFA002002F0FFF90020E5
:102D800002F0FCF9012002F0F9F93F2002F0F6F917
:102D9000292001F0FABEB0427ED1ED2002F0FAF90E
:102DA000012002F0EBF9FE2002F0E8F9EE2002F03B
:102DB000F1F9DE2002F0E2F9212002F0DFF9F12042
:102DC00002F0E8F9012002F0D9F9DF2002F0E2F97F
:102DD000102002F0D3F9C42002F0DCF98F2002F0B9
:102DE000CDF9C62002F0D6F9002002F0C7F9E220A2
:102DF00002F0C4F9E22002F0C1F9E22002F0BEF9CB
:102E0000BF2002F0C7F9AA2002F0B8F9B02002F002
:102E1000C1F90D2002F0B2F9002002F0AFF90D2047
:102E200002F0ACF9002002F0A9F9112002F0A6F995
:102E3000002002F0A3F9192002F0A0F9002002F00E
:102E40009DF9212002F09AF9002002F097F92D2037
:102E500002F094F9002002F091F93D2002F08EF981
:102E6000002002F08BF95D2002F088F9002002F0CA
:102E700085F95D2002F082F9002002F07FF9B1208F
:102E800002F088F9802002F079F9002002F076F94A
:102E90008B2002F073F900E0FDE3002002F06EF9F0
:102EA000962002F06BF9002002F068F9B22002F0DF
:102EB00071F9002002F062F9002002F05FF90220AF
:102EC00002F05CF9002002F059F9032002F056F9F3
:102ED000002002F053F9B32002F05CF9002002F068
:102EE0004DF9002002F04AF9002002F047F90020D5
:102EF00002F044F9002002F041F9002002F03EF90E
:102F0000002002F03BF9002002F038F9002002F026
:102F100035F9002002F032F9002002F02FF90020EC
:102F200002F02CF9002002F029F9002002F026F925
:102F3000002002F023F9002002F020F9002002F026
:102F40001DF9002002F01AF9002002F017F9002004
:102F500002F014F9002002F011F9002002F00EF93D
:102F6000002002F00BF9002002F008F9B42002F072
:102F700011F98B2002F002F9002002F0FFF89620F0
:102F800002F0FCF8002002F0F9F8A12002F0F6F8B7
:102F9000002002F0F3F8B52002F0FCF8022002F065
:102FA000EDF8002002F0EAF8032002F0E7F8002034
:102FB00002F0E4F8042002F0E1F8002002F0DEF86C
:102FC000B62002F0E7F8002002F0D8F8002002F066
:102FD000D5F8B72002F0DEF8002002F0CFF800208C
:102FE00002F0CCF83F2002F0C9F8002002F0C6F849
:102FF0005E2002F0C3F8002002F0C0F8642002F066
:10300000BDF8002002F0BAF88C2002F0B7F80020DA
:1030100002F0B4F8AC2002F0B1F8002002F0AEF8F3
:10302000DC2002F0ABF8002002F0A8F8702002F0DB
:10303000A5F8002002F0A2F8902002F09FF80020EE
:1030400002F09CF8EB2002F099F8002002F096F8CC
:10305000DC2002F093F8002002F090F8B82002F093
:1030600099F8002002F08AF8002002F087F800208A
:1030700002F084F8002002F081F8002002F07EF8CF
:10308000002002F07BF8002002F078F8002002F027
:1030900075F8BA2002F07EF8242002F06FF80020C4
:1030A00002F06CF8002002F069F8002002F066F8E7
:1030B000C12002F06FF8202002F060F8002002F03A
:1030C0005DF8542002F05AF8002002F057F8FF2073
:1030D00002F054F8002002F051F8C22002F05AF831
:1030E0000A2002F04BF8002002F048F8042002F019
:1030F00045F8002002F042F8C32002F04BF83C20D3
:1031000002F03CF8002002F039F83A2002F036F8DC
:10311000002002F033F8392002F030F8002002F0ED
:103120002DF8372002F02AF8002002F027F83C2082
:1031300002F024F8002002F021F8362002F01EF8F8
:10314000002002F01BF8322002F018F8002002F0F4
:1031500015F82F2002F012F8002002F00FF82C20B2
:1031600002F00CF8002002F009F8292002F006F81D
:10317000002002F003F8262002F000F8002001F001
:10318000FDFF242001F0FAFF002001F0F7FF2420CA
:1031900001F0F4FF002001F0F1FF232001F0EEFF29
:1031A000002001F0EBFF3C2001F0E8FF002001F0DF
:1031B000E5FF362001F0E2FF002001F0DFFF3220C2
:1031C00001F0DCFF002001F0D9FF2F2001F0D6FF35
:1031D000002001F0D3FF2C2001F0D0FF002001F0EF
:1031E000CDFF292001F0CAFF002001F0C7FF2620F3
:1031F00001F0C4FF002001F0C1FF242001F0BEFF58
:10320000002001F0BBFF242001F0B8FF002001F0F6
:10321000B5FF232001F0B2FF002001F0AFFFC42072
:1032200001F0B8FF622001F0A9FF002001F0A6FF25
:10323000052001F0A3FF002001F0A0FF842001F091
:103240009DFF002001F09AFFF02001F097FF002081
:1032500001F094FF182001F091FF002001F08EFF93
:10326000A42001F08BFF002001F088FF182001F05E
:1032700085FF002001F082FF502001F07FFF002039
:1032800001F07CFF0C2001F079FF002001F076FFB7
:10329000172001F073FF002001F070FF952001F06E
:1032A0006DFF002001F06AFFF32001F067FF0020AE
:1032B00001F064FFE62001F061FF002001F05EFFF5
:1032C000C52001F067FF322001F058FF002001F017
:1032D00055FF442001F052FF002001F04FFF652010
:1032E00001F04CFF002001F049FF762001F046FF7D
:1032F000002001F043FF882001F040FF002001F092
:103300003DFFC62001F046FF202001F037FF0020DE
:1033100001F034FF172001F031FF002001F02EFFF3
:10332000012001F02BFF002001F028FFC72001F051
:1033300031FF002001F022FF002001F01FFF0020DC
:1033400001F01CFF002001F019FFC82001F022FF4E
:10335000002001F013FF002001F010FF002001F019
:103360000DFF002001F00AFFC92001F013FF00202B
:1033700001F004FF002001F001FF002001F0FEFE3B
:10338000002001F0FBFE002001F0F8FE002001F01B
:10339000F5FE002001F0F2FE002001F0EFFE00201B
:1033A00001F0ECFE002001F0E9FE002001F0E6FE55
:1033B000002001F0E3FE002001F0E0FE002001F01B
:1033C000DDFE002001F0DAFE002001F0D7FEE02053
:1033D00001F0E0FE162001F0D1FE002001F0CEFE4B
:1033E0001C2001F0CBFE002001F0C8FE212001F0DE
:1033F000C5FE002001F0C2FE362001F0BFFE002015
:1034000001F0BCFE462001F0B9FE002001F0B6FE3E
:10341000522001F0B3FE002001F0B0FE642001F064
:10342000ADFE002001F0AAFE7A2001F0A7FE0020E8
:1034300001F0A4FE8B2001F0A1FE002001F09EFE11
:10344000992001F09BFE002001F098FEA82001F0D9
:1034500095FE002001F092FEB92001F08FFE0020C1
:1034600001F08CFEC42001F089FE002001F086FEF0
:10347000CA2001F083FE002001F080FED22001F07E
:103480007DFE002001F07AFED92001F077FE0020B9
:1034900001F074FEE02001F071FE002001F06EFEEC
:1034A000F32001F06BFE002001F068FEE12001F046
:1034B00071FE162001F062FE002001F05FFE1C206C
:1034C00001F05CFE002001F059FE222001F056FEC2
:1034D000002001F053FE362001F050FE002001F0E4
:1034E0004DFE452001F04AFE002001F047FE52202B
:1034F00001F044FE002001F041FE642001F03EFE98
:10350000002001F03BFE7A2001F038FE002001F09F
:1035100035FE8B2001F032FE002001F02FFE9920B5
:1035200001F02CFE002001F029FEA82001F026FE6B
:10353000002001F023FEB92001F020FE002001F060
:103540001DFEC42001F01AFE002001F017FECA2063
:1035500001F014FE002001F011FED22001F00EFE59
:10356000002001F00BFED82001F008FE002001F041
:1035700005FEE02001F002FE002001F0FFFDF32037
:1035800001F0FCFD002001F0F9FDE22001F002FE57
:10359000052001F0F3FD002001F0F0FD0B2001F00B
:1035A000EDFD002001F0EAFD1B2001F0E7FD002009
:1035B00001F0E4FD342001F0E1FD002001F0DEFD2A
:1035C000442001F0DBFD002001F0D8FD4F2001F088
:1035D000D5FD002001F0D2FD612001F0CFFD0020DB
:1035E00001F0CCFD792001F0C9FD002001F0C6FDFD
:1035F000882001F0C3FD002001F0C0FD972001F0FC
:10360000BDFD002001F0BAFDA62001F0B7FD0020AD
:1036100001F0B4FDB72001F0B1FD002001F0AEFDD6
:10362000C22001F0ABFD002001F0A8FDC72001F091
:10363000A5FD002001F0A2FDD12001F09FFD00209A
:1036400001F09CFDD62001F099FD002001F096FDCF
:10365000DD2001F093FD002001F090FDF32001F04A
:103660008DFD002001F08AFDE32001F093FD05208F
:1036700001F084FD002001F081FD0A2001F07EFDB3
:10368000002001F07BFD1C2001F078FD002001F0FE
:1036900075FD332000E0FAE201F070FD002001F03A
:1036A0006DFD442001F06AFD002001F067FD50200F
:1036B00001F064FD002001F061FD622001F05EFD7B
:1036C000002001F05BFD782001F058FD002001F0A2
:1036D00055FD882001F052FD002001F04FFD97209C
:1036E00001F04CFD002001F049FDA62001F046FD4F
:1036F000002001F043FDB72001F040FD002001F063
:103700003DFDC22001F03AFD002001F037FDC72049
:1037100001F034FD002001F031FDD12001F02EFD3B
:10372000002001F02BFDD52001F028FD002001F044
:1037300025FDDD2001F022FD002001F01FFDF3201A
:1037400001F01CFD002001F019FDE42001F022FD34
:10375000012001F013FD002001F010FD012001F017
:103760000DFD002001F00AFD022001F007FD002000
:1037700001F004FD2A2001F001FD002001F0FEFC13
:103780003C2001F0FBFC002001F0F8FC4B2001F094
:10379000F5FC002001F0F2FC5D2001F0EFFC0020C0
:1037A00001F0ECFC742001F0E9FC002001F0E6FCE3
:1037B000842001F0E3FC002001F0E0FC932001F004
:1037C000DDFC002001F0DAFCA22001F0D7FC002093
:1037D00001F0D4FCB32001F0D1FC002001F0CEFCBC
:1037E000BE2001F0CBFC002001F0C8FCC42001F099
:1037F000C5FC002001F0C2FCCD2001F0BFFC002080
:1038000001F0BCFCD32001F0B9FC002001F0B6FCB3
:10381000DD2001F0B3FC002001F0B0FCF32001F04A
:10382000ADFC002001F0AAFCE52001F0B3FC002073
:1038300001F0A4FC002001F0A1FC002001F09EFC9E
:10384000002001F09BFC022001F098FC002001F018
:1038500095FC292001F092FC002001F08FFC3C2017
:1038600001F08CFC002001F089FC4B2001F086FC6B
:10387000002001F083FC5D2001F080FC002001F0BD
:103880007DFC742001F07AFC002001F077FC84209C
:1038900001F074FC002001F071FC932001F06EFC3B
:1038A000002001F06BFCA22001F068FC002001F078
:1038B00065FCB32001F062FC002001F05FFCBE203B
:1038C00001F05CFC002001F059FCC42001F056FC22
:1038D000002001F053FCCD2001F050FC002001F04D
:1038E0004DFCD32001F04AFC002001F047FCDC2015
:1038F00001F044FC002001F041FCF32001F03EFC0B
:10390000002001F03BFCE62001F044FC112001F016
:1039100035FC002001F032FC342001F02FFC0020A7
:1039200001F02CFC562001F029FC002001F026FCBF
:10393000762001F023FC002001F020FC772001F02C
:103940001DFC002001F01AFC662001F017FC00208D
:1039500001F014FC882001F011FC002001F00EFCA5
:10396000992001F00BFC002001F008FCBB2001F0C5
:1039700005FC002001F002FC992001F0FFFB002073
:1039800001F0FCFB662001F0F9FB002001F0F6FBE2
:10399000552001F0F3FB002001F0F0FB552001F071
:1039A000EDFB002001F0EAFB452001F0E7FB0020E1
:1039B00001F0E4FB432001F0E1FB002001F0DEFB1D
:1039C000442001F0DBFB002001F0D8FBE72001F0F0
:1039D000E1FB322001F0D2FB002001F0CFFB5520AB
:1039E00001F0CCFB002001F0C9FB762001F0C6FB02
:1039F000002001F0C3FB662001F0C0FB002001F0B5
:103A0000BDFB672001F0BAFB002001F0B7FB672087
:103A100001F0B4FB002001F0B1FB872001F0AEFB08
:103A2000002001F0ABFB992001F0A8FB002001F081
:103A3000A5FBBB2001F0A2FB002001F09FFB992019
:103A400001F09CFB002001F099FB772001F096FB30
:103A5000002001F093FB442001F090FB002001F0D6
:103A60008DFB562001F08AFB002001F087FB23200C
:103A700001F084FB002001F081FB332001F07EFB8C
:103A8000002001F07BFB452001F078FB002001F0D5
:103A900075FBE82001F07EFB002001F06FFB0020A9
:103AA00001F06CFB992001F069FB002001F066FB3E
:103AB000872001F063FB002001F060FB882001F00B
:103AC0005DFB002001F05AFB772001F057FB00203E
:103AD00001F054FB662001F051FB002001F04EFB89
:103AE000882001F04BFB002001F048FBAA2001F0E8
:103AF00045FB002001F042FBBB2001F03FFB002012
:103B000001F03CFB992001F039FB002001F036FB6D
:103B1000662001F033FB002001F030FB552001F05E
:103B20002DFB002001F02AFB552001F027FB00208F
:103B300001F024FB442001F021FB002001F01EFBDA
:103B4000442001F01BFB002001F018FB552001F080
:103B500015FB002001F012FBE92001F01BFBAA205D
:103B600001F00CFB002001F009FB002001F006FB36
:103B7000002001F003FB002001F00CFBAA2001F063
:103B8000FDFACF2001F006FB002001F0F7FA00203B
:103B900001F0F4FA002001F0F1FA002001F0EEFA51
:103BA000002001F0EBFA002001F0E8FA002001F01B
:103BB000E5FA002001F0E2FA002001F0DFFA00202F
:103BC00001F0DCFA002001F0D9FA002001F0D6FA69
:103BD000002001F0D3FA002001F0D0FA002001F01B
:103BE000CDFA002001F0CAFA002001F0C7FAF02057
:103BF00001F0D0FA002001F0C1FA502001F0BEFA25
:103C0000002001F0BBFA002001F0B8FA002001F01A
:103C1000B5FAF32001F0BEFA002001F0AFFAF92066
:103C200001F0B8FA062001F0A9FA102001F0A6FA76
:103C3000292001F0A3FA002001F0A0FA3A2001F0B7
:103C4000A9FA552001F09AFA112001F0A3FA642094
:103C5000FDF736FA292001F09DFA352001F09AFA95
:103C6000002001F08BFA512001F094FAFF2001F0BE
:103C700085FA532001F08EFA2C2001F07FFA5520AE
:103C800001F088FA822001F079FA2C20FDE3A042AD
:103C90007ED14FF470435521184601F091FA4FF24E
:103CA0000105AA21284601F08BFA4FF2020B52219E
:103CB000584601F085FA0821A81C01F081FA01217B
:103CC000E81C01F07DFA0D214FF4304001F078FA44
:103CD0000D214BF2010001F073FA0D214BF20200AD
:103CE00001F06EFA34214FF4364001F069FA3421C4
:103CF0004BF2016001F064FA34214BF2026001F0F2
:103D00005FFA0D214FF4314001F05AFA0D214BF2C8
:103D1000011001F055FA0D214BF2021001F050FA9A
:103D200034214FF4374001F04BFA34214BF201704B
:103D300001F046FA34214BF2027001F041FA002101
:103D40004FF4324001F03CFA00214BF2012001F027
:103D500037FA00214BF2022001F032FA24214FF40D
:103D6000384001F02DFA24214BF6010001F028FA29
:103D700024214BF6020001F023FA01214FF43F40C9
:103D800001F01EFA0F214FF4334001F019FA00E060
:103D9000FEE30F214BF2013001F012FA0F214BF23A
:103DA000023001F00DFA34214FF4394001F008FAE5
:103DB00034214BF6011001F003FA34214BF60210C6
:103DC00001F0FEF908214FF4354001F0F9F908211E
:103DD0004BF2015001F0F4F908214BF2025001F0CE
:103DE000EFF903214FF4424001F0EAF924214FF4A6
:103DF0003A4001F0E5F924214BF6012001F0E0F909
:103E000024214BF6022001F0DBF900214FF43C4065
:103E100001F0D6F978214BF6014001F0D1F90021EB
:103E20004BF6024001F0CCF900214FF43D4001F087
:103E3000C7F978214BF6015001F0C2F900214BF689
:103E4000025001F0BDF900214FF43E4001F0B8F9F5
:103E500064214BF6016001F0B3F900214FF45140A9
:103E600001F0AEF933214DF2011001F0A9F9002162
:103E70004DF2021001F0A4F934214DF2031001F0CB
:103E80009FF900214DF2041001F09AF93A214DF208
:103E9000051001F095F900214DF2061001F090F99E
:103EA0004A214DF2071001F08BF900214DF2081064
:103EB00001F086F95C214DF2091001F081F9002131
:103EC0004DF20A1001F07CF981214DF20B1001F046
:103ED00077F900214DF20C1001F072F9A6214DF294
:103EE0000D1001F06DF900214DF20E1001F068F98E
:103EF000E5214DF20F1001F063F901214DF2101090
:103F000001F05EF913214DF2111001F059F9012170
:103F10004DF2121001F054F954214DF2131001F03A
:103F20004FF901214DF2141001F04AF982214DF2AE
:103F3000151001F045F901214DF2161001F040F97C
:103F4000CA214DF2171001F03BF902214DF2181071
:103F500001F036F900214DF2191001F031F902217A
:103F60004DF21A1001F02CF901214DF21B1001F055
:103F700027F902214DF21C1001F022F934214DF2F3
:103F80001D1001F01DF902214DF21E1001F018F96B
:103F900067214DF21F1001F013F902214DF220109C
:103FA00001F00EF984214DF2211001F009F90221EE
:103FB0004DF2221001F004F9A4214DF2231001F07A
:103FC000FFF802214DF2241001F0FAF8B7214DF26A
:103FD000251001F0F5F802214DF2261001F0F0F85D
:103FE000CF214DF2271001F0EBF802214DF22810FD
:103FF00001F0E6F8DE214DF2291001F0E1F802218E
:104000004DF22A1001F0DCF8F2214DF22B1001F0F4
:10401000D7F802214DF22C1001F0D2F8FE214DF21A
:104020002D1001F0CDF803214DF22E1001F0C8F84B
:1040300010214DF22F1001F0C3F803214DF2301082
:1040400001F0BEF833214DF2311001F0B9F803212F
:104050004DF2321001F0B4F86D214DF2331001F041
:10406000AFF800214FF4524001F0AAF833214DF28D
:10407000012001F0A5F800214DF2022001F0A0F886
:1040800034214DF2032001F09BF800214DF2042071
:1040900001F096F83A214DF2052001F091F8002147
:1040A0004DF2062001F08CF84A214DF2072001F074
:1040B00087F800214DF2082001F082F85C214DF2D2
:1040C000092001F07DF800214DF20A2001F078F876
:1040D00081214DF20B2001F073F800214DF20C20EC
:1040E00001F06EF8A6214DF20D2001F069F80021D3
:1040F0004DF20E2001F064F8E5214DF20F2001F0A1
:104100005FF801214DF2102001F05AF813214DF211
:10411000112001F055F801214DF2122001F050F864
:1041200054214DF2132001F04BF801214DF21420DF
:1041300001F046F882214DF2152001F041F80121ED
:104140004DF2162001F03CF8CA214DF2172001F083
:1041500037F802214DF2182001F032F800214DF21B
:10416000192001F02DF802214DF21A2001F028F853
:1041700001214DF21B2001F023F802214DF21C20F9
:1041800001F01EF834214DF21D2001F019F8022132
:104190004DF21E2001F014F867214DF21F2001F0AE
:1041A0000FF802214DF2202001F00AF884214DF28F
:1041B000212001F005F802214DF2222001F000F843
:1041C000A4214DF2232000F0FBFF02214DF2242018
:1041D00000F0F6FFB7214DF2252000F0F1FF02219B
:1041E0004DF2262000F0ECFFCF214DF2272000F009
:1041F000E7FF02214DF2282000F0E2FFDE214DF220
:10420000292000F0DDFF02214DF22A2000F0D8FF26
:10421000F2214DF22B2000F0D3FF02214DF22C2091
:1042200000F0CEFFFE214DF22D2000F0C9FF03214A
:104230004DF22E2000F0C4FF10214DF22F2000F08F
:10424000BFFF03214DF2302000F0BAFF33214DF2C1
:10425000312000F0B5FF03214DF2322000F0B0FF15
:104260006D214DF2332000F0ABFF00214FF453409D
:1042700000F0A6FF33214DF2013000F0A1FF002134
:104280004DF2023000F09CFF34214DF2033000F07B
:1042900097FF00214DF2043000F092FF3A214DF2D9
:1042A000053000F08DFF00214DF2063000F088FF50
:1042B0004A214DF2073000F083FF00214DF2083013
:1042C00000F07EFF5C214DF2093000F079FF002103
:1042D0004DF20A3000F074FF81214DF20B3000F0F6
:1042E0006FFF00214DF20C3000F06AFFA6214DF265
:1042F0000D3000F065FF00214DF20E3000F060FF40
:10430000E5214DF20F3000F05BFF01214DF210303E
:1043100000F056FF13214DF2113000F051FF012142
:104320004DF2123000F04CFF54214DF2133000F0EA
:1043300047FF01214DF2143000F042FF82214DF27F
:10434000153000F03DFF01214DF2163000F038FF2E
:10435000CA214DF2173000F033FF02214DF2183020
:1043600000F02EFF00214DF2193000F029FF02214C
:104370004DF21A3000F024FF01214DF21B3000F005
:104380001FFF02214DF21C3000F01AFF34214DF2C4
:104390001D3000F015FF02214DF21E3000F010FF1D
:1043A00067214DF21F3000F00BFF02214DF220304B
:1043B00000F006FF84214DF2213000F001FF0221C0
:1043C0004DF2223000F0FCFEA4214DF2233000F02B
:1043D000F7FE02214DF2243000F0F2FEB7214DF23B
:1043E000253000F0EDFE02214DF2263000F0E8FE0F
:1043F000CF214DF2273000F0E3FE02214DF22830AC
:1044000000F0DEFEDE214DF2293000F0D9FE02215F
:104410004DF22A3000F0D4FEF2214DF22B3000F0A4
:10442000CFFE02214DF22C3000F0CAFEFE214DF2EB
:104430002D3000F0C5FE03214DF22E3000F0C0FEFD
:1044400010214DF22F3000F0BBFE03214DF2303031
:1044500000F0B6FE33214DF2313000F0B1FE032101
:104460004DF2323000F0ACFE6D214DF2333000F0F1
:10447000A7FE00214FF4544000F0A2FE33214DF27C
:10448000014000F09DFE002100E07EE34DF202407D
:1044900000F096FE34214DF2034000F091FE002121
:1044A0004DF2044000F08CFE3A214DF2054000F040
:1044B00087FE00214DF2064000F082FE4A214DF2B7
:1044C000074000F07DFE00214DF2084000F078FE2C
:1044D0005C214DF2094000F073FE00214DF20A40CC
:1044E00000F06EFE81214DF20B4000F069FE0021CC
:1044F0004DF20C4000F064FEA6214DF20D4000F09C
:104500005FFE00214DF20E4000F05AFEE5214DF213
:104510000F4000F055FE01214DF2104000F050FE1A
:1045200013214DF2114000F04BFE01214DF21240DB
:1045300000F046FE54214DF2134000F041FE0121EF
:104540004DF2144000F03CFE82214DF2154000F087
:1045500037FE01214DF2164000F032FECA214DF225
:10456000174000F02DFE02214DF2184000F028FE09
:1045700000214DF2194000F023FE02214DF21A40B5
:1045800000F01EFE01214DF21B4000F019FE00E07C
:10459000FEE202214DF21C4000F012FE34214DF2E9
:1045A0001D4000F00DFE02214DF21E4000F008FEFD
:1045B00067214DF21F4000F003FE02214DF2204022
:1045C00000F0FEFD84214DF2214000F0F9FD0221B2
:1045D0004DF2224000F0F4FDA4214DF2234000F002
:1045E000EFFD02214DF2244000F0EAFDB7214DF22B
:1045F000254000F0E5FD02214DF2264000F0E0FDEF
:10460000CF214DF2274000F0DBFD02214DF2284082
:1046100000F0D6FDDE214DF2294000F0D1FD02214F
:104620004DF22A4000F0CCFDF2214DF22B4000F07B
:10463000C7FD02214DF22C4000F0C2FDFE214DF2DB
:104640002D4000F0BDFD03214DF22E4000F0B8FDDD
:1046500010214DF22F4000F0B3FD03214DF2304008
:1046600000F0AEFD33214DF2314000F0A9FD0321F1
:104670004DF2324000F0A4FD6D214DF2334000F0C8
:104680009FFD00214FF4554000F09AFD33214DF27B
:10469000015000F095FD00214DF2025000F090FD18
:1046A00034214DF2035000F08BFD00214DF20450F7
:1046B00000F086FD3A214DF2055000F081FD002109
:1046C0004DF2065000F07CFD4A214DF2075000F0FB
:1046D00077FD00214DF2085000F072FD5C214DF293
:1046E000095000F06DFD00214DF20A5000F068FD08
:1046F00081214DF20B5000F063FD00214DF20C5072
:1047000000F05EFDA6214DF20D5000F059FD002194
:104710004DF20E5000F054FDE5214DF20F5000F027
:104720004FFD01214DF2105000F04AFD13214DF2D2
:10473000115000F045FD01214DF2125000F040FDF6
:1047400054214DF2135000F03BFD01214DF2145065
:1047500000F036FD82214DF2155000F031FD0121AF
:104760004DF2165000F02CFDCA214DF2175000F00A
:1047700027FD02214DF2185000F022FD00214DF2DC
:10478000195000F01DFD02214DF21A5000F018FDE5
:1047900001214DF21B5000F013FD02214DF21C507F
:1047A00000F00EFD34214DF21D5000F009FD0221F4
:1047B0004DF21E5000F004FD67214DF21F5000F035
:1047C000FFFC02214DF2205000F0FAFC84214DF252
:1047D000215000F0F5FC02214DF2225000F0F0FCD7
:1047E000A4214DF2235000F0EBFC02214DF22450A5
:1047F00000F0E6FCB7214DF2255000F0E1FC02216B
:104800004DF2265000F0DCFCCF214DF2275000F095
:10481000D7FC02214DF2285000F0D2FCDE214DF2EF
:10482000295000F0CDFC02214DF22A5000F0C8FCC6
:10483000F2214DF22B5000F0C3FC02214DF22C501E
:1048400000F0BEFCFE214DF22D5000F0B9FC03211A
:104850004DF22E5000F0B4FC10214DF22F5000F01C
:10486000AFFC03214DF2305000F0AAFC33214DF291
:10487000315000F0A5FC03214DF2325000F0A0FCB5
:104880006D214DF2335000F09BFC00214FF4564057
:1048900000F096FC33214DF2016000F091FC002104
:1048A0004DF2026000F08CFC34214DF2036000F008
:1048B00087FC00214DF2046000F082FC3A214DF2A9
:1048C000056000F07DFC00214DF2066000F078FCF0
:1048D0004A214DF2076000F073FC00214DF20860A0
:1048E00000F06EFC5C214DF2096000F069FC0021D3
:1048F0004DF20A6000F064FC81214DF20B6000F083
:104900005FFC00214DF20C6000F05AFCA6214DF234
:104910000D6000F055FC00214DF20E6000F050FCDF
:10492000E5214DF20F6000F04BFC01214DF21060CB
:1049300000F046FC13214DF2116000F041FC012112
:104940004DF2126000F03CFC54214DF2136000F077
:1049500037FC01214DF2146000F032FC82214DF24F
:10496000156000F02DFC01214DF2166000F028FCCE
:10497000CA214DF2176000F023FC02214DF21860AD
:1049800000F01EFC00214DF2196000F019FC02211C
:104990004DF21A6000F014FC01214DF21B6000F092
:1049A0000FFC02214DF21C6000F00AFC34214DF294
:1049B0001D6000F005FC02214DF21E6000F000FCBD
:1049C00067214DF21F6000F0FBFB02214DF22060D9
:1049D00000F0F6FB84214DF2216000F0F1FB022192
:1049E0004DF2226000F0ECFBA4214DF2236000F0B8
:1049F000E7FB02214DF2246000F0E2FBB7214DF20B
:104A0000256000F0DDFB02214DF2266000F0D8FBAE
:104A1000CF214DF2276000F0D3FB02214DF2286038
:104A200000F0CEFBDE214DF2296000F0C9FB02212F
:104A30004DF22A6000F0C4FBF2214DF22B6000F031
:104A4000BFFB02214DF22C6000F0BAFBFE214DF2BB
:104A50002D6000F0B5FB03214DF22E6000F0B0FB9D
:104A600010214DF22F6000F0ABFB03214DF23060BE
:104A700000F0A6FB33214DF2316000F0A1FB0321D1
:104A80004DF2326000F09CFB6D214DF2336000F07E
:104A900097FB5521184600F093FBAA21284600F009
:104AA0008FFB5221584600F08BFB0821A81C00F018
:104AB00087FB0021E81C00F083FBCC214FF4314040
:104AC00000F07EFB00214BF2011000F079FB052184
:104AD0004FF4364000F074FB70214FF4374000F083
:104AE0006FFB70214BF2017000F06AFB01214FF463
:104AF000384000F065FB03214BF6010000F060FB3D
:104B000003214BF6020000F05BFB03214BF6030090
:104B100000F056FB02214FF43C4000F051FB002115
:104B20004BF6014000F04CFB00214BF6024000F038
:104B300047FBD0214FF4494000F042FB02214CF6E4
:104B4000011000F03DFB50214CF6021000F038FB44
:104B500050214CF6031000F033FB50214CF60410AA
:104B600000F02EFB00214FF4545000F029FB55219A
:104B70004FF4685000F024FB4FF4885000F00AFB1B
:104B8000782001F0C8FC4FF4245000F003FBB9E09A
:104B9000B842FCD1E22000F0FDFA1D2000F0EEFA50
:104BA000022000F0EBFA042000F0E8FA642001F0A3
:104BB000B2FCE02000F0EEFA012000F0DFFA0A205B
:104BC000FCF77EFAE02000F0E5FA032000F0D6FAC8
:104BD0000C20FCF775FA012000F0DCFA0A20FCF743
:104BE0006FFAE62000F0D6FA2F2000F0C7FAFF2077
:104BF00000F0C4FAFF2000F0C1FAB02000F0CAFAB9
:104C0000202000F0BBFA002000F0B8FA032000F0EA
:104C1000B5FA40F21F3000F0B1FA012000F0AEFA10
:104C200040F2DF1000F0AAFA002000F0A7FAB4204A
:104C300000F0B0FA042000F0A1FA40F21F4000F0AA
:104C40009DFA002000F09AFA2E2000F097FA00203A
:104C500000F094FA002000F091FA002000F08EFAA3
:104C6000002000F08BFAB62000F094FA022000F049
:104C700085FA4FF4037000F081FA002000F07EFA0C
:104C8000172000F07BFA152000F078FA002000F0E1
:104C900075FA002000F072FAF02000F07BFA032091
:104CA00000F06CFA292000F075FAD02000F072FABA
:104CB000002000F063FABE2000F06CFA052000F03E
:104CC0005DFAFE2000F05AFA012000F057FA0020A9
:104CD00000F054FA002000F051FA002000F04EFAE3
:104CE000B82000F057FA032000F048FA012000F045
:104CF00045FABA2000F04EFA012000F03FFA642095
:104D000000F03EF8B8F80400484505D0B04203D0A2
:104D1000A04201D0B84219D14FF02040D0F81C1168
:104D200021F00F01C0F81C11D0F81C1121F47061A2
:104D3000C0F81C11D0F81C1141F00301C0F81C117F
:104D4000D0F81C1141F40071C0F81C110020FDF7CF
:104D5000C7FC012291020448FCF759FB5046BDE80C
:104D6000F05FFDF7A3BC000000140240034808B543
:104D70000088ADF80000BDF8000008BD0020006C00
:104D800010B50246BE2000F005FA052000F0F6F945
:104D90001046FBF7CAFA9FED0C1B53EC112BFBF7E7
:104DA00052FAFBF7CFFA80B200F0E8F9012000F0E8
:104DB000E5F9FF2000F0E2F9002000F0DFF9BDE89E
:104DC0001040002000F0DAB9666666666666044048
:104DD00070B55E4C00232146A279898841F663169E
:104DE000012A01D01AB10CE0B14202D109E0B1426E
:104DF00007D1082805D2DFE800F0161812140C19A4
:104E0000100E082812D2DFE800F0110406080A0C80
:104E10000E1080230AE0402308E0C02306E0202390
:104E200004E0602302E0A02300E0E02345F21055F7
:104E3000A94202D14FF4585000E03620A1F51342A8
:104E4000413A03D0A1F5EE42893A01D143F008037B
:104E5000194600F0B5F9A188B1420AD09806208819
:104E6000628802D5904202D303E0904201D92280A9
:104E700060806089A94240D100F08CF9002000F0E8
:104E80007DF96089401C80B200F084F9002000F0B8
:104E900075F96089801C80B200F07CF92088401E82
:104EA000C0F30F2000F06AF96089C01C80B200F0E6
:104EB00071F92078401EC0B200F060F9A08900F0BE
:104EC00069F9002000F05AF9A089401C80B200F076
:104ED00061F9002000F052F9A089801C80B200F036
:104EE00059F96088401EC0F30F2000F047F9A089EF
:104EF000C01C80B200F04EF921E000F04BF9002018
:104F000000F03CF9002000F039F92088401EC0F381
:104F10000F2000F033F92078401EC0B200F02EF9C7
:104F2000A08900F037F9002000F028F9002000F0F7
:104F300025F96088401EC0F30F2000F01FF9A0780B
:104F4000BDE87040401EC0B200F018B95400002007
:104F5000F0B53B4A0D460446060A918810462F0AD2
:104F60004089A1F5C853633B16D0A1F5AA43103B75
:104F70004CD000F00FF9304600F000F9E0B200F03C
:104F8000FDF8908900F006F9384600F0F7F8E8B22D
:104F9000BDE8F04000F0F2B8917931B300F0FAF8D2
:104FA000304600F0EBF8E0B200F0E8F81088401E60
:104FB000C0F30F2000F0E2F81078401E5FFA80F096
:104FC00000F0DCF8908900F0E5F8384600F0D6F8FB
:104FD000E8B200F0D3F85088401EC0F30F2000F074
:104FE000CDF89078401EC0B2D2E71188091B491E47
:104FF0008CB200F0CFF8002000F0C0F8002000F0E4
:10500000BDF8200A00F0BAF8E0B2D9E700F0C2F823
:10501000304600F0B3F85089401C80B200F0BAF876
:10502000E0B200F0ABF8908900F0B4F8384600F038
:10503000A5F89089401C80B200F0ACF8A7E700000A
:10504000540000202DE9FF4F1D460C468A465807A4
:1050500000D0012000EBD500690810FB01F0203AD8
:1050600000F0FF09D0B20026DFF8A4B002904BE0B8
:105070000C2D11D0102D14D0182D17D0202D45D166
:105080002449029801EBC0104FF00008875D3806F4
:1050900013D52148026814E00298204900EB400033
:1050A00008E01F49029801EB0010EDE702981D4946
:1050B00000EBC00001EB8000E6E70D9828B9164828
:1050C000426821460098FDF775FB7806070E641CC0
:1050D000BBF80200A4B2A04218D9A4EB0A00A8426F
:1050E00009D100985446401C80B20090BBF80010D3
:1050F00081420BD906E008F1010000F0FF08B8F189
:10510000080FC4D3761CF6B24E45B1D3BDE8FF8F6D
:1051100054000020C47D0008000000200466000840
:10512000786A0008687000082DE9F84F044600F01E
:10513000FF0910190D46DDE90AB61FFA80F8581963
:1051400087B24FF0000A12E0444503D305EB0B0091
:105150004C4685B2BD420FD25B4629462046CDF86B
:1051600000A0FFF76FFF04EB5B0084B2761C32787F
:10517000A2F120005E28E7D9BDE8F88F01B5BDF89F
:105180000000ADF80000BDF800000149088008BD2E
:105190000020006C01B5BDF80000ADF80000BDF8BE
:1051A00000000149088008BDFE1F006C0248034949
:1051B000008908807047000054000020FE1F006C2A
:1051C000024A1080901C018070470000FE1F006C96
:1051D0000E4810B50C4901601521416000214FF4C3
:1051E00080328160C0E903124161017641768176A7
:1051F000C17601774177FBF7ECFB002803D0BDE8CF
:105200001040FBF7FAB910BD006400409800002080
:105210000E4810B50C4901601521416000214FF482
:1052200080328160C0E90312416101764176817666
:10523000C17601774177FBF7CCFB002803D0BDE8AE
:105240001040FBF7DAB910BD00680040C000002034
:10525000094808B5016841F4800101600068002236
:1052600000F48000009011463A20FCF73BFABDE8BC
:1052700008403A20FCF728BA303802402DE9F04FB8
:105280008FB01C216846FAF7D3FF1C2107A8FAF754
:10529000CFFF2E484FF0040B0024C0E902B41025C4
:1052A000C0E904458461C4614FF4805A0462C0E9D6
:1052B000094AC46204634463DFF8949084634FF046
:1052C00020484464C0E900890F26CDE9004602A9C0
:1052D0000A20112781E8B100002269461B48069484
:1052E000FCF73EFF08B1FBF788F91848062150305B
:1052F00007AAC0E90214C0E904458461C4610462DC
:10530000C0E9094A4FF48041C0E90B41446384631A
:105310004464C0E900898DE850080597CDE903652C
:10532000FF20CDE90646CDE908600848CDE90C74B8
:10533000CDE90A6569465030FCF712FF002801D01C
:10534000FBF75BF90FB0BDE8F08F0000E80000202C
:10535000040100A02DE9F04F87B014216846FAF748
:1053600067FF5E480024016841F0040101600168A4
:1053700001F004010591016841F02001016001681C
:1053800001F020010591016841F080010160016890
:1053900001F080010591016841F00101016001689F
:1053A00001F001010591016841F00201016001680D
:1053B00001F002010591016841F0400101600168BE
:1053C00001F040010591016841F0100101600168A0
:1053D00001F010010591016841F0080101600068C9
:1053E000012200F008003E4F9502059029463846FC
:1053F000FCF70DF8DFF8ECA0002201215046FCF785
:1054000006F8012278215046FCF701F8DFF8D89021
:10541000012203214846FBF7FAFFDFF8D0B04FF432
:105420000048012241465846FBF7F1FF009503264C
:1054300001250396CDE9015469463846FBF7E2FEA3
:1054400059200090CDE90154694650460394FBF77A
:10545000D9FE2020CDE90005CDE902466946504637
:10546000FBF7D0FECDE90065CDE902466946484626
:10547000FBF7C8FE04208DE8310069464846FBF77B
:10548000C1FEE8028DE8310069463846FBF7BAFEF6
:105490002F024FF404100097CDE9010569465846E4
:1054A000FBF7B0FE009769465046CDE90145FBF792
:1054B000A9FECDF800800396CDE90154694658460F
:1054C000FBF7A0FE002211461720FCF70BF917206E
:1054D000FCF7FAF807B0BDE8F08F00003038024062
:1054E0000014024000000240000402400018024084
:1054F0000D4810B50B4901600C49416000214FF483
:1055000080428160C0E9031241618161C161016231
:10551000FBF788FF002803D0BDE81040FBF76DB80B
:1055200010BD00000054004088010020A08601004A
:1055300070B586B014216846FAF77AFE2348002435
:1055400021490594C0E900147F218160FF21C0E951
:10555000031444618461FCF73FFC08B1FBF74DF88C
:1055600000211A48FCF72EFC46F26666B04228D0AD
:1055700009258DF8005035208DF801008DF8024086
:1055800003940122694611480494FCF7DBFC08B13E
:10559000FBF733F806208DF814008DF815502620FF
:1055A0008DF816008DF81740012205A90748FCF771
:1055B0007DFC08B1FBF721F8324601210348FCF7D6
:1055C00006FC06B070BD000000280040DC01002091
:1055D0000F4810B50D4901604FF482714160002100
:1055E0008160C1604FF400720161C0E90512C161C0
:1055F0000162416281620A21C162FCF71FFD00283D
:1056000003D0BDE81040FAF7F8BF10BD00300140EC
:10561000FC0100200C4810B50A4901604FF4E1314B
:105620004160002181600C22C160C0E904128161E7
:10563000C161FCF71BFF002803D0BDE81040FAF75A
:10564000DCBF10BD0010014054030020FEE7FEE760
:105650007047002102E00A38C0B2491C0A28FAD279
:10566000090740EA116070472DE9F04104460068DF
:105670000025C168490618D4C16841F08001C160A5
:10568000FBF7CAFE06464FF47A78042707E000BF0E
:10569000FBF7C2FE801B404501D9677701252068D2
:1056A000C068400601D4002DF2D02846BDE8F08144
:1056B00070B5044600680025C16821F08001C16012
:1056C00020688068800606D42046FCF79BFC10B159
:1056D000042060770125284670BD00002DE9F041C7
:1056E0000A4F06460D46387800F050F804467878A0
:1056F00000F04CF8322C01D3322802D20020BDE851
:10570000F081348028800120F9E7000008000020A3
:105710007FB50C460546694602A8FFF7DFFF002863
:105720002FD001A903A8FFF7D9FF002829D0BDF881
:105730000C30BDF80820934203D803F132008242B6
:1057400005D39A421FD802F1320083421BD2BDF822
:105750000410BDF80000814203D801F13206B042C6
:1057600004D388420FD8323081420CD2D01840087E
:105770002880BDF80000BDF80410084440082080CF
:10578000012004B070BD0020FBE70000FEB5064616
:1057900000256C46304600F04BF824F815006D1CCF
:1057A000ADB2052DF6D30020431C99B20CE000BF2A
:1057B00034F8102034F81150AA4203D924F81050BC
:1057C00024F81120491C89B20529F1D398B2042884
:1057D000EAD300215FF0010034F81020401C11448E
:1057E00080B289B20428F7D30320B1FBF0F0FEBDEC
:1057F0000D4C0E4D4FF47846002000F0D3FB23886B
:10580000A8888342F8D96288E9888A42F4D9283B7B
:10581000834205DA123A8A4202DAFAF749FEEBE7E6
:105820003246FAF7C2FEE7E75400002008000020E5
:105830002DE9F04100252A4E80462C462A4620219B
:105840003046FBF7E4FD274F002202213846FBF7E4
:10585000DEFD002201213846FBF7D9FD404600F06D
:1058600043F8062000F057FE002220213046FBF7C7
:10587000CEFD012000F04FFE012220213046FBF733
:10588000C6FD012000F047FE002220213046FBF734
:10589000BEFDB8464FF6FF7707EA440400222021F8
:1058A0003046FBF7B4FD012000F035FE0122202137
:1058B0003046FBF7ACFD04214046FBF79BFD08B1E9
:1058C000641CA4B26D1CEDB2102DE5D30122240995
:1058D00011464046FBF79BFD2046BDE8F0810000E5
:1058E00000000240000402402DE9F041104F114E2B
:1058F00005460024280601D5012200E000220221ED
:105900003846FBF784FD6806050E0022202130464C
:10591000FBF77DFD012000F0FEFD01222021304635
:10592000FBF775FD641CE4B2082CE3D3BDE8F081FD
:1059300000040240000002407047000010B5FBF771
:1059400069FE08490868401C0860B0F57A7F07D3F3
:1059500000200860BDE8104008210348FBF74FBD58
:1059600010BD0000380000200000024030B593B0A8
:1059700030216846FAF75CFC14210CA8FAF758FCB1
:105980001E480025016841F080510160006800F068
:10599000805011901A48016841F48041016000680C
:1059A000022400F480401190052000904FF48030D4
:1059B0000190012002908005CDE9064008AA04204C
:1059C000A82182E813000B906846FCF745F808B15F
:1059D00072B6FEE70CA90F2081E831004FF4A05009
:1059E0000F904FF48050109005210CA8FBF74AFF50
:1059F000002801D072B6FEE713B030BD4038024037
:105A0000007000400248016841F470010160704775
:105A100088ED00E010B5806B0021C185FCF7E5FB47
:105A200010BD70B5846B2068406994F84110C0F3D4
:105A3000C0100025212904D118B1E584204600F0CA
:105A40008EF82068406994F84210C0F38010222933
:105A500004D118B1E585204600F05AF8606C40F09A
:105A6000100060642046FCF7C0FB70BD10B5014615
:105A7000806B096809684FF00002C9052ED4C28501
:105A800001680C3151E8003F23F4807341E8003491
:105A9000002CF5D10168143151E8003F23F00103D7
:105AA00041E80034002CF5D10168143151E8003F81
:105AB00023F0400341E80034002CF5D1202180F888
:105AC0004210016B012909D101680C3151E8003FF6
:105AD00023F0100341E80034002CF5D14263016B40
:105AE000012902D0FCF75CFD10BD818DFCF77CFB29
:105AF00010BD10B5806B01214163016B012902D0FB
:105B0000FCF766FD10BD818D4908FCF76DFB10BDEB
:105B100001680C3151E8002F22F4907241E8002313
:105B2000002BF5D10168143151E8002F22F0010259
:105B300041E80023002BF5D1016B012909D101684F
:105B40000C3151E8002F22F0100241E80023002B15
:105B5000F5D1202180F842100021016370470168CF
:105B60000C3151E8002F22F0C00241E80023002B45
:105B7000F5D1202180F84110704708B590F8421007
:105B8000222901D0022008BD82684FF480539A4236
:105B900001D1016921B1816A9A421BD04AB10AE060
:105BA0000268816A5268C2F308020A80816A891C0D
:105BB00008E0026972B10268526802F07F020A705E
:105BC000816A491C8162C18D491E0904090CC18585
:105BD00003D01BE002685268F1E70168CA6822F04E
:105BE0002002CA600168CA6822F48072CA60016833
:105BF0004A6922F001024A61202180F84210002106
:105C00004163026B012A03D0FCF7CAFC002008BDE7
:105C1000016301680C3151E8002F22F0100241E8C5
:105C20000023002BF5D101680A68D20602D50A6864
:105C300049680091818DFCF7D7FAE7E770B5044613
:105C400000680169E26821F4405111430161216952
:105C5000A068E26908436169114308432168CA6882
:105C600049F20C639A430243CA6020684169A26901
:105C700021F440711143416131492068884202D0CA
:105C80003049884202D1FBF7A7FE01E0FBF794FE02
:105C9000E2690023192164253226B2F5004F6268BB
:105CA00028D0A0FB0101930F9200FAF789FA014670
:105CB000B0FBF5F06FF01802504301EB800006EBEB
:105CC0000010B0FBF5F000F0F002B1FBF5F002EBD4
:105CD0000012B1FBF5F06FF01803584301EB8000A0
:105CE00006EB0010B0FBF5F000F00F002168104447
:105CF000886070BDA0FB010192185B41FAF760FA61
:105D00000146B0FBF5F00201B1FBF5F06FF01803AE
:105D1000584301EB800006EBC000B0FBF5F000F04B
:105D2000F80002EB4002B1FBF5F0584301EB8000B4
:105D300006EBC000B0FBF5F000F00700D6E700006E
:105D4000001001400014014038B58162044682858C
:105D5000002013466064222284F84220E56B1F4A2B
:105D6000EA63E56B1E4A2A64E56B1E4AEA64E26B4D
:105D700010650A462168E06B091DFBF769F930B12F
:105D800010206064202084F84200012038BD206883
:105D9000016840680090206948B120680C3050E8E4
:105DA000001F41F4807140E80012002AF5D12068FC
:105DB000143050E8001F41F0010140E80012002AB1
:105DC000F5D12068143050E8001F41F0400140E850
:105DD0000012002AF5D1002038BD00006D5A0008DD
:105DE000F35A0008235A00082DE9F843984617464D
:105DF0000D460446089E24E0701C22D0FBF70CFBE5
:105E0000A0EB0800B0421AD8CEB12068C16849079B
:105E100017D5802D15D0402D13D00168C94309072F
:105E20000FD401680025406800902046FFF770FEFF
:105E30000820606484F840500120BDE8F883032006
:105E4000FBE72068006835EA000004D00020B84273
:105E5000D2D00020F1E70120F9E7000010B5044896
:105E6000FCF7C4F9BDE81040014800F003B8000099
:105E7000540300200C4A0168914214D10A68D243AD
:105E8000D20610D46FF010020A6008490968496808
:105E9000084B4A4206490978521A1944D2B24FF0C7
:105EA000FF33FCF7B1BB7047001001409C0300209A
:105EB0003400002054020020FEE7000070B52F4897
:105EC00086B00021026842F001020260026802F01E
:105ED00001020592026842F002020260026802F0CA
:105EE00002020592026842F020020260006801246A
:105EF00000F020000590042003258DE83300204E9B
:105F000069463046FBF77EF9E002009069461D487D
:105F1000FBF778F9CDE9005469463046FBF772F992
:105F20002020009069461848FBF76CF9174890212B
:105F3000D022837916487BB101709FED160A42701A
:105F400080ED050A9FED140A4FF4AE7180ED060A4C
:105F500081816FF012010DE002709FED100A417017
:105F600080ED050A9FED0E0A6FF00A0180ED060A2A
:105F70008181C91FC18106B070BD00003038024068
:105F800000040240001402400000024054000020BF
:105F9000080000206452BCBD7BF5893DDA9F883D36
:105FA0003ABABA3D70B5294C4FF6FF7506462581C1
:105FB00065814FF400612648FBF71CFA58B1A078C0
:105FC000022803D9208A2081608A60810020A07085
:105FD000A580E58070BD1D491231881E16B1FFF7FE
:105FE00097FB2AE0FFF794FB38B3B4F90C0094ED6B
:105FF000051A00EE100A208A00EE900AB8EEC00AD8
:10600000F8EE600A01EE200ABCEEC00A10EE100A9B
:106010002082B4F90E0094ED061A00EE100A608A90
:1060200000EE900AB8EEC00AF8EE600A01EE200A0F
:10603000BCEEC00A10EE100A6082208AA080608A3E
:10604000E080A078401CA07070BD00000800002017
:10605000001402400FB4054B10B503A9044A02987E
:1060600000F028F810BC5DF814FB0000256500085E
:10607000500000200907090E002804DB00F1E02091
:1060800080F80014704700F00F0000F1E02080F865
:10609000141D704702E008C8121F08C1002AFAD177
:1060A00070477047002001E001C1121F002AFBD198
:1060B000704700002DE9FF4F8DB00F4605460026C2
:1060C00006E025280BD0DDE90F1290476D1C761CE9
:1060D00028780028F5D111B03046BDE8F08F0024B3
:1060E000A246A1460122EC4900E0044315F8013F15
:1060F000203B02FA03F00842F7D128782A2810D072
:106100006FF02F022878A0F13001092914D80AEB8A
:106110008A0102EB410144F0020400EB010A6D1C0C
:10612000F0E701CF5FEA000A03D544F40054CAF156
:10613000000A44F002046D1C28782E2817D115F8A7
:10614000010F44F004042A280ED06FF02F022878A3
:10615000A0F1300109290AD809EB890102EB4101BC
:1061600000EB01096D1CF2E757F8049B6D1C2878C1
:106170006C280FD006DC4C2817D068280DD06A2870
:1061800014D104E0742810D07A280FD10DE044F423
:1061900000140AE044F4801401E044F440146978E7
:1061A000814202D104F580146D1C6D1C2A786E2A80
:1061B0001FD00CDC632A31D004DC002A8BD0582A93
:1061C00011D1A3E0642A68D0692A0CD165E0732A52
:1061D0002ED004DC6F2A73D0702A04D19BE0752A7C
:1061E0006FD0782A6ED01046DDE90F129047761CEA
:1061F00050E1C4F30250022806D0032809D0042835
:1062000001CF09D0066045E101CFF117C0E9006177
:1062100040E101CF06803DE106703BE117F8040B39
:106220008DF8000000208DF80100EB46012003E00E
:1062300057F804BB4FF0FF3061074FF0000102D464
:106240000DE008F10101884649450FDA8045F8DB89
:106250001BF808100029F4D108E008F10101884674
:106260008142FADB1BF808100029F6D1DDE90F2383
:10627000AAEB08008146214600F036F9304400EBD5
:10628000080604E0DDE90F121BF8010B9047B8F196
:106290000108F7D221464846F7E00A21C4F3025329
:1062A0004FF0000B0891022B04D001CFC117032B34
:1062B00009D00AE0FF1D27F00707F7E8020108E010
:1062C00032E01FE020E000B2C117042B01D140B240
:1062D000C117031E71F1000307DA4FF0000CD0EB79
:1062E0000C006CEB01012D2302E0230504D52B23C8
:1062F0008DF82430012303E0E30701D02023F7E7E2
:10630000984658E00A2110E010210EE010204FF0CE
:10631000000B08900CE010214FF0000B44F0040437
:106320004FF00809089103E008214FF0000B089195
:10633000C4F30253022B04D001CF0021032B06D05B
:1063400006E0FF1D27F00707F7E8020103E080B22F
:10635000042B00D1C0B24FF0000823072BD5702AC0
:1063600007D0DDF820C08CF0100C5CEA0B0C05D0D7
:106370000EE040238DF82430012308E050EA0103A9
:1063800006D030238DF824308DF82520022398463E
:10639000DDF820C08CF0080C5CEA0B0C0BD150EA45
:1063A000010301D1630706D530238DF824304FF067
:1063B0000108A9F10109582A04D038A20B9208AAB1
:1063C0000A920BE03AA2F9E75B46089AF9F7F8FE61
:1063D0000B9B9B5C0A9A521E0A92137050EA0102B0
:1063E000F2D10A98ADEB000000F1200B600702D556
:1063F00024F4803401E04FF00109D94502DDA9EB16
:106400000B0000E0002000EB0B0141440890AAEBD8
:10641000010AE00306D4DDE90F232146504600F0CF
:1064200063F806444FF0000908E009A911F80900D3
:10643000DDE90F12904709F10109761CC145F4DB33
:10644000E0030CD5DDE90F232146504600F04CF85F
:10645000064404E0DDE90F1230209047761C0899CD
:10646000481E08900029F5DC08E00A980A9900788F
:10647000491C0A91DDE90F129047761CBBF100011F
:10648000ABF1010BF1DC21465046DDE90F2300F0B2
:1064900019F806446D1C1BE609280100303132331F
:1064A0003435363738396162636465660000000050
:1064B000303132333435363738394142434445463A
:1064C000000000002DE9F041044600251E46174655
:1064D000880404D405E039462020B0476D1C641EB2
:1064E000F9D52846BDE8F0812DE9F04104460025A4
:1064F0001E469046C80301D5302700E020278804B7
:1065000004D505E041463846B0476D1C641EF9D5F8
:106510002846BDE8F081A8214843800800BF401EFE
:10652000FCD2704713B54FF0FF3301226946024891
:10653000FCF76AF800981CBD540300201CB5FBF75B
:1065400071F8FFF713FAFEF705FFFEF781FEFFF77C
:1065500061F8FEF7EDFFFEF7CBFFFFF739F8FEF726
:1065600037FEFEF755FEFEF789FE19A0FFF772FD14
:106570001A480068C16841F01001C1604FF4807290
:1065800017491648FBF7FEFFFCF77CF9FFF796FC6E
:106590004FF6FF70FCF78AF812494FF47840182440
:1065A000086011A0CDE900400A212346C822084610
:1065B000FEF7BAFD10A0CDE900401823C82228211B
:1065C0000A20FEF7B1FDF9F773FFFFF711F9FEE7B7
:1065D000756172743120696E697400005403002083
:1065E000540200200000002053544D333246343012
:1065F000375A472100000000544F55434820544566
:1066000053540000000000000000000000000000E3
:10661000000000003F4000000000000000003000CB
:10662000400030004000000009000BC03D000BC0DE
:106630003D00090018C024407FE022403180000066
:10664000180024C01B000D803240018003801C40D4
:1066500027401C8007400040100060000000000040
:10666000000000000000000000001F8020404020CB
:106670000000402020401F800000000009000600AC
:106680001F80060009000000040004003F80040091
:106690000400000000100060000000000000000086
:1066A0000400040004000400040000000000004096
:1066B0000000000000000000002001C006003800BB
:1066C000400000001F802040204020401F8000002C
:1066D000000010403FC000400000000018C02140F2
:1066E00022402440184000001080204024402440D4
:1066F0001B80000002000D0011003FC0014000009F
:106700003C80244024402440238000001F802440FB
:1067100024403440038000003000200027C03800AF
:10672000200000001B802440244024401B800000E7
:106730001C0022C0224022401F80000000000000F8
:10674000084000000000000000000000046000009D
:1067500000000000000004000A00110020804040FA
:10676000090009000900090009000000000040407C
:10677000208011000A00040018002000234024009B
:10678000180000001F802040274029401F400000C3
:10679000004007C039000F0001C0004020403FC04A
:1067A000244024401B8000001F80204020402040C7
:1067B0003080000020403FC0204020401F8000006B
:1067C00020403FC024402E4030C0000020403FC049
:1067D00024402E00300000000F0010802040224096
:1067E0003380020020403FC0040004003FC020402E
:1067F000204020403FC0204020400000006020207A
:1068000020203FC02000200020403FC024400B003B
:1068100030C0204020403FC020400040004000C029
:106820003FC03C0003C03C003FC0000020403FC0D0
:106830000C4023003FC020001F802040204020400B
:106840001F80000020403FC02440240018000000AA
:106850001F802140214020E01FA0000020403FC0B9
:106860002440260019C0004018C024402440224083
:1068700031800000300020403FC020403000000048
:1068800020003F80004000403F80200020003E006C
:1068900001C0070038002000380007C03C0007C0D6
:1068A00038000000204039C0060039C020400000F8
:1068B0002000384007C0384020000000304021C090
:1068C0002640384020C00000000000007FE040204B
:1068D00040200000000070000C0003800040000019
:1068E0000000402040207FE0000000000000200069
:1068F00040002000000000000010001000100010F8
:106900000010001000000000400000000000000027
:10691000000002800540054003C0004020003FC049
:106920000440044003800000000003800440044051
:106930000640000000000380044024403FC00040A7
:1069400000000380054005400340000000000440B3
:106950001FC0244024402000000002E005500550E4
:106960000650042020403FC00440040003C0004003
:106970000000044027C0004000000000001000108C
:10698000041027E00000000020403FC00140070045
:1069900004C00440204020403FC0004000400000B0
:1069A00007C0040007C0040003C00000044007C083
:1069B0000440040003C00040000003800440044081
:1069C00003800000041007F004500440038000001E
:1069D000000003800440045007F00010044007C08A
:1069E000024004000400000000000640054005408D
:1069F00004C00000000004001F80044000400000AC
:106A0000040007800040044007C000400400070065
:106A100004C0018006000400060001C0070001C098
:106A200006000000044006C0010006C0044000004B
:106A30000410071004E00180060004000000044078
:106A400005C00640044000000000000004007BE098
:106A500040200000000000000000FFF000000000E7
:106A6000000040207BE004000000000040008000A7
:106A70004000200020004000000000000000000056
:106A800000000000000000000000000000001FCC1B
:106A9000000C000000000000000008003000600052
:106AA0000800300060000000022003FC1E200220CD
:106AB00003FC1E200220000000000E1811043FFFFE
:106AC00010840C78000000000F0010840F3800C004
:106AD000077818840078000000780F8410C411240F
:106AE0000E9800E4008400080800680070000000B0
:106AF000000000000000000000000000000007E0AF
:106B00001818200440020000000040022004181859
:106B100007E00000000000000240024001800FF08A
:106B200001800240024000000080008000800FF8D9
:106B300000800080008000000001000D000E0000B9
:106B400000000000000000000000008000800080C5
:106B500000800080008000800000000C000C00001D
:106B600000000000000000000000000600180060A7
:106B70000180060018002000000007F0080810043B
:106B80001004080807F000000000080408041FFCB7
:106B9000000400040000000000000E0C101410247B
:106BA000104411840E0C000000000C181004110495
:106BB000110412880C700000000000E0032004247F
:106BC00008241FFC0024000000001F9810841104FA
:106BD0001104108810700000000007F008881104EC
:106BE000110418880070000000001C00100010FC48
:106BF00013001C001000000000000E381144108427
:106C0000108411440E38000000000700088C104466
:106C10001044088807F00000000000000000030C8A
:106C2000030C00000000000000000000000101064D
:106C30000000000000000000000000800140022071
:106C40000410080810040000022002200220022084
:106C50000220022002200000000010040808041096
:106C6000022001400080000000000E001200100C05
:106C7000106C10800F00000003E00C1813E41424C3
:106C800017C4082807D000000004003C03C41C40BF
:106C9000074000E4001C000410041FFC1104110450
:106CA00011040E880070000003E00C18100410049A
:106CB000100410081C10000010041FFC1004100425
:106CC0001004080807F0000010041FFC1104110450
:106CD00017C410040818000010041FFC1104110050
:106CE00017C010000800000003E00C181004100486
:106CF00010441C780040000010041FFC1084008029
:106D0000008010841FFC10040000100410041FFCFD
:106D10001004100400000000000300011001100125
:106D20001FFE10001000000010041FFC110403805F
:106D30001464181C1004000010041FFC100400044C
:106D400000040004000C000010041FFC1F0000FCE5
:106D50001F001FFC1004000010041FFC0C040300A3
:106D600000E010181FFC100007F0080810041004C1
:106D70001004080807F0000010041FFC10841080A5
:106D8000108010800F00000007F008181024102455
:106D9000101C080A07F2000010041FFC1104110067
:106DA00011C011300E0C000400000E1C11041084E0
:106DB000108410441C3800001800100010041FFC40
:106DC000100410001800000010001FF81004000448
:106DD000000410041FF8100010001E0011E0001C39
:106DE000007013801C0010001FC0103C00E01F004A
:106DF00000E0103C1FC000001004180C163401C045
:106E000001C01634180C100410001C00130400FC00
:106E100013041C00100000000804101C10641084EF
:106E200013041C04101800000000000000007FFE86
:106E30004002400240020000000030000C000380CD
:106E40000060001C000300000000400240024002FD
:106E50007FFE000000000000000000002000400055
:106E6000400040002000000000010001000100017E
:106E7000000100010001000100004000400020006E
:106E80000000000000000000000000980124014400
:106E90000144014400FC000410001FFC00880104B0
:106EA00001040088007000000000007000880104E8
:106EB0000104010400880000000000700088010443
:106EC000010411081FFC0004000000F80144014403
:106ED0000144014400C800000000010401040FFC4B
:106EE0001104110411001800000000D60129012925
:106EF000012901C90106000010041FFC00840100E3
:106F00000100010400FC000400000104190419FC44
:106F10000004000400000000000000030001010163
:106F2000190119FE0000000010041FFC002400409D
:106F300001B4010C010400000000100410041FFC47
:106F40000004000400000000010401FC0104010031
:106F500001FC0104010000FC010401FC00840100AB
:106F60000100010400FC0004000000F80104010419
:106F70000104010400F80000010101FF0085010483
:106F80000104008800700000000000700088010407
:106F90000104010501FF00010104010401FC00845A
:106FA0000104010001800000000000CC0124012444
:106FB000012401240198000000000100010007F8ED
:106FC0000104010400000000010001F800040004B5
:106FD0000004010801FC0004010001800170000CA4
:106FE000001001600180010001F0010C003001C0BF
:106FF0000030010C01F0010000000104018C00745C
:107000000170018C01040000010101810171000E79
:10701000001801600180010000000184010C0134AE
:1070200001440184010C0000000000000000000089
:1070300001003EFC40024002000000000000000091
:10704000FFFF0000000000000000400240023EFC84
:1070500001000000000000000000600080008000CF
:107060004000400020002000000000000000000060
:107070000000000000000000000000000000000010
:107080000000000000000000000000000000000000
:1070900000000000000000000000000F80380FFE1C
:1070A000380F8038000000000000000000000000E1
:1070B0000000000000000100000600000C00003885
:1070C00000003100000600000C0000380000300015
:1070D000000000000000000061800067F807F980F0
:1070E0000061800061800061800061800067F807B6
:1070F000F98000618000000000000000000001C075
:10710000E003E0F00630080418081FFFFE040E0834
:107110000787F00381E000000000000001F0000696
:107120000C00040408060C7001F9C0000E00003BBE
:10713000E000EC18070808040C180003E000000049
:107140000001E00007F003F818041C080417080702
:10715000E1D003C0E00023B0003C0800200800009C
:1071600010000000000000010000310000320000AB
:107170001C000000000000000000000000000000F3
:1071800000000000000000000000000000000000FF
:1071900000000000000000007F0001FFC00780F039
:1071A0000C00181000042000020000000000002065
:1071B00000021000040C00180780F001FFC0007FDF
:1071C00000000000000000000000000000000000BF
:1071D000000000004200006600006600003C000065
:1071E000180003FFC0001800003C000066000066A5
:1071F0000000420000000000080000080000080035
:1072000000080000080001FFC0000800000800009E
:107210000800000800000800000000000001000055
:107220003100003200001C000000000000000000DF
:10723000000000000000000000000000000000004E
:10724000080000080000080000080000080000080E
:10725000000008000008000008000008000000000E
:107260000000000000000000380000380000380076
:10727000000000000000000000000000000000000E
:107280000000000000000000000600001C0000706C
:10729000000180000E0000380000C0000700001C44
:1072A0000000300000000000000000007F8001FFAF
:1072B000E0038070060018040008040008060018A7
:1072C00003807001FFE0007F8000000000000000EC
:1072D000000001000801000801000803FFF807FF93
:1072E000F80000080000080000080000000000008E
:1072F00000000001C03802C05804009804011804BE
:107300000218040418061C1803F81801E0F800001D
:107310000000000000000001C0E003C0F00400080D
:1073200004080804080806180803F41801E7F00028
:1073300001E0000000000000000000000300000D5C
:107340000000110000610000810803010807FFF838
:107350000FFFF80001080001080000000000000015
:1073600000E007FCD0060808061008061008061002
:1073700008061838060FF00607C0000000000000DD
:10738000000000003F8001FFE00384300208180481
:107390001008041008041008071810030FF0000765
:1073A000C000000000000000000003C00007000053
:1073B0000600000600F80607F806180006E00007B9
:1073C000000006000000000000000001E1E003F7FB
:1073D000F0063410041808041808040C08040C08FB
:1073E00006161803F3F001C1E000000000000000E1
:1073F000F80003FC30030638040208040208040203
:10740000080404100308F001FFC0007F0000000022
:10741000000000000000000000000000000000006C
:107420007038007038007038000000000000000064
:10743000000000000000000000000000000000004C
:1074400000000000301A00301C00000000000000A6
:107450000000000000000000000000000000000824
:107460000000140000220000410000808001004064
:1074700002002004001008000800000000000000C6
:107480002100002100002100002100002100002136
:107490000000210000210000210000210000000068
:1074A0000000000000000800080400100200200195
:1074B000004000808000410000220000140000080D
:1074C0000000000000000003C00004C00004000031
:1074D000080038080F380808380810000C3000077A
:1074E000E00003C000000000000000003F8000FF3B
:1074F000E0038070020F1006708804C088048308BF
:10750000047F8802C09003012000FE4000000800B4
:1075100000180001F8003E0801C20007020007E25F
:107520000000FE00001FC80001F80000380000083D
:1075300004000807FFF807FFF80408080408080417
:10754000080804080806180803F41801E7F0000109
:10755000E0000000000000003F8001FFE0038070B9
:1075600002001804000804000804000804001006C3
:1075700000200780C000000004000807FFF807FF94
:10758000F8040008040008040008040018020010B1
:1075900003807001FFE0007F800000000400080706
:1075A000FFF807FFF804080804080804080804089E
:1075B00008043E08040008060018010060000000EE
:1075C00004000807FFF807FFF8040808040800048F
:1075D0000800040800043E000600000600000180C8
:1075E00000000000000000003F8001FFE003807009
:1075F0000600180400080402080402080203F00749
:1076000083F000020000020004000807FFF807FFF3
:10761000F80408080008000008000008000008003E
:1076200004080807FFF807FFF8040008000000003E
:10763000000004000804000804000807FFF807FF22
:10764000F80400080400080400080000000000001E
:107650000000000000060000070000010400010413
:10766000000104000307FFFE07FFFC040000040004
:107670000004000004000807FFF807FFF8040C08E6
:10768000001800003E0004C7800503C80600F80487
:10769000003804001800000804000807FFF807FF7E
:1076A000F8040008000008000008000008000008B6
:1076B0000000080000180000600000000400080737
:1076C000FFF807800807FC00007FC00003F80007F0
:1076D000C000780007800807FFF807FFF8040008DB
:1076E00004000807FFF807000803C00000E00000DE
:1076F0003800001E000007000001C00400F007FF72
:10770000F8040000000000007F8001FFE0038070AB
:1077100006001804000804000806001803003001E1
:10772000FFE0007F8000000004000807FFF807FF6B
:10773000F804040804040004040004040004040021
:10774000060C0003F80001F000000000000000003B
:107750007F8001FFE0038070060088040088040039
:10776000C806003C03003E01FFE6007F84000000E5
:1077700004000807FFF807FFF804080804080004DD
:107780000C00040F00040BC00610F003F03801E0F9
:107790000800000800000001E0F803F03006301097
:1077A000041808041808040C08040C08020618023F
:1077B00007F00781E00000000180000600000400DF
:1077C0000004000004000807FFF807FFF8040008A1
:1077D000040000040000060000018000040000070F
:1077E000FFE007FFF0040018000008000008000098
:1077F0000800000800000804001007FFE004000073
:1078000004000006000007E00007FE00041FE0007F
:1078100001F80000380001E0043E0007C000060047
:107820000004000004000007E00007FFC0041FF888
:107830000007C007F80007FF80043FF80007C004F6
:10784000F800070000040000000000040008060023
:107850001807C07805F1C8003E00001F800463E8E7
:107860000780F80600180400080000000400000665
:10787000000007800007E008047C08001FF80007EC
:10788000F800180804E008070000060000040000E3
:107890000000000100080600380400F80403E804B2
:1078A0000F08047C0805F00807C00807001804004A
:1078B0006000000000000000000000000000000068
:1078C0000000003FFFFE20000220000220000220F6
:1078D000000220000200000000000000000008007C
:1078E0000007000000C0000038000006000001C0D2
:1078F00000003000000E0000010000000000000049
:1079000000002000022000022000022000022000CF
:10791000023FFFFE00000000000000000000000029
:10792000000000000000000000080000100000300F
:1079300000002000003000001000000800000000DF
:107940000000000000000100000100000100000133
:107950000000010000010000010000010000010022
:107960000001000001000001000000000000000014
:1079700000200000200000100000100000000000A7
:1079800000000000000000000000000000000000F7
:1079900000F00019F8001B18002208002608002437
:1079A00008002410003FF8001FF80000080000182D
:1079B00000000004000007FFF80FFFF00018180097
:1079C0001008002008002008003018001FF0000FE9
:1079D000C00000000000000007C0001FF0001830C9
:1079E000002008002008002008003C08001C1000AF
:1079F00000600000000000000000000007C0001F41
:107A0000F00038180020080020080020080410109A
:107A100007FFF80FFFF0000010000000000000005A
:107A200000000007C0001FF00012300022180022E2
:107A300008002208003208001E10000E200000007E
:107A400000000000200000200800200801FFF803CB
:107A5000FFF806200804200804200807200003007F
:107A60000000000000000000000E000E6E001FF37A
:107A70000031B10020B10020B1003191001F13008E
:107A80002E1E00200E00300000000004000807FF3A
:107A9000F80FFFF800100800200000200000200868
:107AA000003FF8001FF80000080000000000000080
:107AB0000000002008002008002008063FF8063FCC
:107AC000F8000008000008000008000000000000A6
:107AD000000000000000000003000003002001007F
:107AE0002001002003063FFE063FFC0000000000CE
:107AF0000000000000000004000807FFF80FFFF876
:107B0000000188000300002FC00038F80020380072
:107B10002008000008000000000000000000040031
:107B20000804000804000807FFF80FFFF800000829
:107B3000000008000008000000000000002008000D
:107B40003FF8003FF8001008002000003FF8003F19
:107B5000F8001008002000003FF8003FF80000087F
:107B6000000000002008003FF8003FF80010080067
:107B70001000002000002008003FF8001FF800005F
:107B8000080000000000000007C0000FF0001830DF
:107B900000300800200800200800300800183000DD
:107BA0000FF00007C0000000000000002001003FAF
:107BB000FF003FFF001011002009002008002008EE
:107BC000003038001FF0000FC0000000000000006F
:107BD00007C0001FF000381800200800200800200F
:107BE00009001011001FFF003FFF0000010000000E
:107BF000002008002008002008003FF8003FF8009F
:107C000008080010080020080020000030000030A4
:107C100000000000000000000000000C78001E18AA
:107C20000033080023080021080021880021980063
:107C300030F000386000000000000000200000204C
:107C40000000200000FFF003FFF8002008002008DB
:107C500000200800003000000000000000000000CC
:107C60002000003FF0007FF800001800000800002E
:107C700008002010003FF8007FF000001000000016
:107C8000000000002000003000003C00003F8000A9
:107C900023F0000078000070002380003C000030DA
:107CA00000002000002000003C00003FE00023F81E
:107CB0000000E0002700003E00003FE00021F80047
:107CC00001E0003E0000200000000000200800202D
:107CD00008003838003E680027800003C8002CF8F0
:107CE00000383800201800200800000000000000C4
:107CF0002000003003003C01003F830023EC000023
:107D000070002380003C00002000002000000000E4
:107D10000000000000000038080020380020F800B3
:107D200023E8002F88003E080038080020180000D3
:107D300070000000000000000000000000000000D3
:107D40000000000008000014001FF7FC30000620AF
:107D50000002000000000000000000000000000021
:107D600000000000000000000000FFFFFF00000016
:107D70000000000000000000000000000000000003
:107D800000002000023000061FF7FC00140000086D
:107D900000000000000000000000000000000000E3
:107DA00000000018000060000040000040000020BB
:107DB00000001000000800000400000400000C0097
:107DC00000100000000000000000000000000000A3
:107DD00000000000000000000000000000000000A3
:107DE0000000000000000000000000000000000093
:107DF0000000000000000000000000000000000083
:107E00000000000000000000000000000000000072
:107E10000000000000000000000000000000000062
:107E20000000000000000000000000000000000052
:107E30000000000000000000000000000000000042
:107E40000000000000000000000000000000000032
:107E500000000000000000000000000007F000C06B
:107E600007FFE1E007F001E0000000C000000000B3
:107E70000000000000000000000000000000000002
:107E800000000000000000000000000000000000F2
:107E900000000000000000000000000000000000E2
:107EA00000000000000000000000000000000000D2
:107EB00000000000000000000000000000000000C2
:107EC0000000000000000000000000000020000092
:107ED00001C00000078000001F0000001E0000001D
:107EE0001C20000001C00000078000001F000000EF
:107EF0001E0000001C000000000000000000000048
:107F00000000000000000000000000000000000071
:107F10000000000000000000000000000000000061
:107F20000000000000000000000000000000000051
:107F30000000000000000000000000000000000041
:107F4000000000000000000000180C0000180C00E9
:107F500000180FE0001FFC0003F80C0000180C00D4
:107F600000180C0000180C0000180C0000180FE09E
:107F7000001FFC0003F80C0000180C0000180C0097
:107F800000000000000000000000000000000000F1
:107F900000000000000000000000000000000000E1
:107FA00000000000000000000000000000000000D1
:107FB00000000000000000000000000000000000C1
:107FC000000000000000000000000000000007802A
:107FD000007807C000FC0640010E002003070020C7
:107FE000020380200FFFFFFC0201C0200200E060BE
:107FF0000130704001F03F8000F01F0000000000E1
:108000000000000000000000000000000000000070
:108010000000000000000000000000000000000060
:108020000000000000000000000000000000000050
:108030000000000000000000000000000000000040
:108040000000000000FE000001FF000003018000AE
:1080500002008060030181C001FF070000FE1800DC
:108060000000E0000003BF00000CFFC00071806052
:1080700001C10020030180600000FFC000003F003C
:1080800000000000000000000000000000000000F0
:1080900000000000000000000000000000000000E0
:1080A00000000000000000000000000000000000D0
:1080B00000000000000000000000000000000000C0
:1080C0000000000000001F0000007FC000FCC0C0D6
:1080D00001FF80600303E0200202782002061E20D8
:1080E00003FC074001F00380000103C000011C6095
:1080F0000001E0200001002000010040000001809C
:10810000000000000000000000000000000000006F
:10811000000000000000000000000000000000005F
:10812000000000000000000000000000000000004F
:10813000000000000000000000000000000000003F
:108140000000000000000000002000001C60000093
:108150001C4000001F8000000F0000000000000015
:10816000000000000000000000000000000000000F
:1081700000000000000000000000000000000000FF
:1081800000000000000000000000000000000000EF
:1081900000000000000000000000000000000000DF
:1081A00000000000000000000000000000000000CF
:1081B00000000000000000000000000000000000BF
:1081C00000000000000000000000000000000000AF
:1081D000000000000000000000000000000000009F
:1081E0000007F800003FFF00007807C001C000E072
:1081F0000300003004000008080000041000000222
:10820000000000000000000000000000000000006E
:10821000000000000000000000000000000000005E
:10822000000000000000000000000000000000004E
:10823000000000000000000000000000000000003E
:108240000000000000000000100000020800000410
:10825000040000080300003001C000E0007807C0FF
:10826000003FFF000007F8000000000000000000D1
:1082700000000000000000000000000000000000FE
:1082800000000000000000000000000000000000EE
:1082900000000000000000000000000000000000DE
:1082A00000000000000000000000000000000000CE
:1082B00000000000000000000000000000000000BE
:1082C000000000000000000000000000000C18008A
:1082D000000E3800000E3800000630000003600079
:1082E0000061438000FFFF800061430000036000E5
:1082F00000063000000E3800000E3800000C180098
:10830000000000000000000000000000000000006D
:10831000000000000000000000000000000000005D
:10832000000000000000000000000000000000004D
:10833000000000000000000000000000000000003D
:1083400000000000000000000000000000008000AD
:10835000000080000000800000008000000080001D
:1083600000008000007FFF0000008000000080000F
:1083700000008000000080000000800000008000FD
:1083800000000000000000000000000000000000ED
:1083900000000000000000000000000000000000DD
:1083A00000000000000000000000000000000000CD
:1083B00000000000000000000000000000000000BD
:1083C000000000000000000000000001000000E3C9
:1083D000000000E2000000FC000000780000000047
:1083E000000000000000000000000000000000008D
:1083F000000000000000000000000000000000007D
:10840000000000000000000000000000000000006C
:10841000000000000000000000000000000000005C
:10842000000000000000000000000000000000004C
:10843000000000000000000000000000000000003C
:10844000000000000000000000008000000080002C
:10845000000080000000800000008000000080001C
:10846000000080000000800000008000000080000C
:1084700000008000000080000000800000008000FC
:1084800000000000000000000000000000000000EC
:1084900000000000000000000000000000000000DC
:1084A00000000000000000000000000000000000CC
:1084B00000000000000000000000000000000000BC
:1084C000000000000000000000000000000000C0EC
:1084D000000001E0000001E0000000C0000000001A
:1084E000000000000000000000000000000000008C
:1084F000000000000000000000000000000000007C
:10850000000000000000000000000000000000006B
:10851000000000000000000000000000000000005B
:10852000000000000000000000000000000000004B
:10853000000000000000000000000000000000003B
:1085400000000000000000000000000C00000038E7
:10855000000000E00000038000000E000000380072
:108560000000E00000038000000E00000038000062
:1085700000E00000038000000E0000001800000072
:1085800000000000000000000000000000000000EB
:1085900000000000000000000000000000000000DB
:1085A00000000000000000000000000000000000CB
:1085B00000000000000000000000000000000000BB
:1085C000000000000000000000000000000FF800A4
:1085D000007FFF0000F00780018000C00300006002
:1085E00002000020020000200200002003000060C2
:1085F000018000C000E00380007FFF00000FF80052
:10860000000000000000000000000000000000006A
:10861000000000000000000000000000000000005A
:10862000000000000000000000000000000000004A
:10863000000000000000000000000000000000003A
:10864000000000000000000000000000000000002A
:10865000008000200080002000800020008000605A
:1086600001FFFFE003FFFFE00000006000000020CA
:1086700000000020000000200000000000000000BA
:1086800000000000000000000000000000000000EA
:1086900000000000000000000000000000000000DA
:1086A00000000000000000000000000000000000CA
:1086B00000000000000000000000000000000000BA
:1086C000000000000000000000000000007800E052
:1086D000009801600100026002000460020008606E
:1086E0000200106002002060020040600300806011
:1086F0000183006001FE00E0007C078000000000B4
:108700000000000000000000000000000000000069
:108710000000000000000000000000000000000059
:108720000000000000000000000000000000000049
:108730000000000000000000000000000000000039
:1087400000000000000000000000000000F00780B2
:1087500001F007C0010000400200002002010020DB
:1087600002010020020100200303802001868040D6
:1087700001FCC0C000787F8000001E0000000000E7
:1087800000000000000000000000000000000000E9
:1087900000000000000000000000000000000000D9
:1087A00000000000000000000000000000000000C9
:1087B00000000000000000000000000000000000B9
:1087C0000000000000000000000008000000380069
:1087D000000048000001880000060800000C081096
:1087E000003008100040081001FFFFF003FFFFF009
:1087F00003FFFFF000000810000008100000081040
:108800000000000000000000000000000000000068
:108810000000000000000000000000000000000058
:108820000000000000000000000000000000000048
:108830000000000000000000000000000000000038
:1088400000000000000000000000000000000780A1
:10885000001F864003E100200302002003040020E3
:10886000030400200304002003040020030600404A
:10887000030301C00301FF8003007E00000000002D
:1088800000000000000000000000000000000000E8
:1088900000000000000000000000000000000000D8
:1088A00000000000000000000000000000000000C8
:1088B00000000000000000000000000000000000B8
:1088C0000000000000000000000000000007FC00A5
:1088D000003FFF000070C380008180C00101006084
:1088E00003020020020200200202002002020020F7
:1088F0000203004001C180C000C0FF8000007E0074
:108900000000000000000000000000000000000067
:108910000000000000000000000000000000000057
:108920000000000000000000000000000000000047
:108930000000000000000000000000000000000037
:1089400000000000000000000000000000F0000037
:1089500003C000000380000003000000030007E0E4
:1089600003003FE00301C0000306000003180000FD
:10897000036000000380000003000000000000000E
:1089800000000000000000000000000000000000E7
:1089900000000000000000000000000000000000D7
:1089A00000000000000000000000000000000000C7
:1089B00000000000000000000000000000000000B7
:1089C000000000000000000000001F0000783F8051
:1089D00000FC60C0018EC04003078020020300201D
:1089E00002018020020180200201C0200301E0403A
:1089F000018670C000FC3F8000781F00000000006E
:108A00000000000000000000000000000000000066
:108A10000000000000000000000000000000000056
:108A20000000000000000000000000000000000046
:108A30000000000000000000000000000000000036
:108A40000000000000000000003F000000FF81C0A7
:108A500001C0C1C0010060200200202002002020CF
:108A60000200202002002060020040C00100C180FE
:108A700000C18F00007FFE00001FF000000000001A
:108A800000000000000000000000000000000000E6
:108A900000000000000000000000000000000000D6
:108AA00000000000000000000000000000000000C6
:108AB00000000000000000000000000000000000B6
:108AC00000000000000000000000000000000000A6
:108AD000000000000000000000000000000300C0D3
:108AE000000781E0000781E0000300C000000000F3
:108AF0000000000000000000000000000000000076
:108B00000000000000000000000000000000000065
:108B10000000000000000000000000000000000055
:108B20000000000000000000000000000000000045
:108B30000000000000000000000000000000000035
:108B40000000000000000000000000000000000025
:108B500000000000000000000000000000060066A9
:108B60000006007800000000000000000000000087
:108B700000000000000000000000000000000000F5
:108B800000000000000000000000000000000000E5
:108B900000000000000000000000000000000000D5
:108BA00000000000000000000000000000000000C5
:108BB00000000000000000000000000000000000B5
:108BC0000000000000000000000000000000800025
:108BD0000001C0000003600000063000000C180017
:108BE00000180C00003006000060030000C0018087
:108BF00001000040020000200400001000000000FE
:108C00000000000000000000000000000000000064
:108C10000000000000000000000000000000000054
:108C20000000000000000000000000000000000044
:108C30000000000000000000000000000000000034
:108C400000000000000000000004100000041000FC
:108C500000041000000410000004100000041000C4
:108C600000041000000410000004100000041000B4
:108C700000041000000410000004100000041000A4
:108C800000000000000000000000000000000000E4
:108C900000000000000000000000000000000000D4
:108CA00000000000000000000000000000000000C4
:108CB00000000000000000000000000000000000B4
:108CC0000000000000000000000000000400001090
:108CD000020000200100004000C00180006003008D
:108CE0000030060000180C00000C180000063000D0
:108CF000000360000001C0000000800000000000D0
:108D00000000000000000000000000000000000063
:108D10000000000000000000000000000000000053
:108D20000000000000000000000000000000000043
:108D30000000000000000000000000000000000033
:108D400000000000000000000000000000780000AB
:108D500001F800000238000002000000040000C01A
:108D6000040079E0040081E0040100C00403000075
:108D7000020200000306000001FC000000F80000F1
:108D800000000000000000000000000000000000E3
:108D900000000000000000000000000000000000D3
:108DA00000000000000000000000000000000000C3
:108DB00000000000000000000000000000000000B3
:108DC0000000000000000000000FF800003FFE005F
:108DD0000070078000C000C00101F8400307FC20BC
:108DE000021E04200230082002203020023FFC2016
:108DF000013F044001800CC000E03180001FC20030
:108E00000000000000000000000000000000000062
:108E10000000000000000000000000000000000052
:108E20000000000000000000000000000000000042
:108E30000000000000000000000000000000000032
:108E4000000000000000002000000060000003E0BF
:108E500000003E200003E020003E200003E0200050
:108E60000380200007FC2000003FE0000003FE20FC
:108E700000003FE0000001E00000002000000020B2
:108E800000000000000000000000000000000000E2
:108E900000000000000000000000000000000000D2
:108EA00000000000000000000000000000000000C2
:108EB00000000000000000000000000000000000B2
:108EC000000000000000000002000020020000205E
:108ED00003FFFFE003FFFFE002010020020100208A
:108EE00002010020020100200201002003030020F3
:108EF0000186806001FCC0C000F87F8000001F0078
:108F00000000000000000000000000000000000061
:108F10000000000000000000000000000000000051
:108F20000000000000000000000000000000000041
:108F30000000000000000000000000000000000031
:108F400000000000000000000007F800003FFF00E4
:108F50000070078000C000C0010000400300002036
:108F60000200002002000020020000200200002079
:108F700001000040018000C003C0018000300600F5
:108F800000000000000000000000000000000000E1
:108F900000000000000000000000000000000000D1
:108FA00000000000000000000000000000000000C1
:108FB00000000000000000000000000000000000B1
:108FC000000000000000000002000020020000205D
:108FD00003FFFFE003FFFFE002000020020000208B
:108FE0000200002002000020030000600100004099
:108FF000018000C000F00780007FFE00000FF80035
:109000000000000000000000000000000000000060
:109010000000000000000000000000000000000050
:109020000000000000000000000000000000000040
:109030000000000000000000000000000000000030
:1090400000000000000000000200002002000020DC
:1090500003FFFFE003FFFFE0020100200201002008
:1090600002010020020100200201002002038020F2
:10907000020FE0200300006003C000E00060030076
:1090800000000000000000000000000000000000E0
:1090900000000000000000000000000000000000D0
:1090A00000000000000000000000000000000000C0
:1090B00000000000000000000000000000000000B0
:1090C000000000000000000002000020020000205C
:1090D00003FFFFE003FFFFE0020100200201002088
:1090E0000201000002010000020100000201000074
:1090F00002038000030FE0000300000003C0000033
:1091000000600000000000000000000000000000FF
:10911000000000000000000000000000000000004F
:10912000000000000000000000000000000000003F
:10913000000000000000000000000000000000002F
:1091400000000000000000000007F800003FFE00E3
:109150000070078001C001C0010000400300002032
:109160000200002002000020020000200100202058
:109170000100204003C03F8000303F8000002000FD
:1091800000002000000000000000000000000000BF
:1091900000000000000000000000000000000000CF
:1091A00000000000000000000000000000000000BF
:1091B00000000000000000000000000000000000AF
:1091C00000000000020000200200002003FFFFE07A
:1091D00003FFFFE0020080200200802000008000EA
:1091E000000080000000800002008020020080203B
:1091F00003FFFFE003FFFFE0020000200200002069
:10920000000000000000000000000000000000005E
:10921000000000000000000000000000000000004E
:10922000000000000000000000000000000000003E
:10923000000000000000000000000000000000002E
:10924000000000000000000000000000000000001E
:109250000200002002000020020000200200002086
:1092600003FFFFE003FFFFE00200002002000020F8
:1092700002000020020000200000000000000000AA
:1092800000000000000000000000000000000000DE
:1092900000000000000000000000000000000000CE
:1092A00000000000000000000000000000000000BE
:1092B00000000000000000000000000000000000AE
:1092C00000000000000000000000000E0000000F81
:1092D0000000000F00000001020000010200000178
:1092E000020000030200000603FFFFFC03FFFFF87B
:1092F0000200000002000000020000000200000066
:10930000000000000000000000000000000000005D
:10931000000000000000000000000000000000004D
:10932000000000000000000000000000000000003D
:10933000000000000000000000000000000000002D
:1093400000000000000000000200002002000020D9
:1093500003FFFFE003FFFFE00200C0200201002046
:1093600000078000000FE0000030F80002603E209F
:1093700003800F20030003E0020000E00200002051
:1093800000000020000000000000000000000000BD
:1093900000000000000000000000000000000000CD
:1093A00000000000000000000000000000000000BD
:1093B00000000000000000000000000000000000AD
:1093C0000000000000000000020000200200002059
:1093D00003FFFFE003FFFFE0020000200200002087
:1093E00000000020000000200000002000000020FD
:1093F0000000002000000060000000E0000003000A
:10940000000000000000000000000000000000005C
:10941000000000000000000000000000000000004C
:10942000000000000000000000000000000000003C
:10943000000000000000000000000000000000002C
:1094400000000000020000200200002003FFFFE0F7
:1094500003E0002003FF0020001FF0000001FF8058
:1094600000000FE000001E000003E000003E0020AE
:1094700003E0002003FFFFE003FFFFE00200002005
:1094800002000020000000000000000000000000BA
:1094900000000000000000000000000000000000CC
:1094A00000000000000000000000000000000000BC
:1094B00000000000000000000000000000000000AC
:1094C00000000000020000200200002003FFFFE077
:1094D0000380002003F0002000FC0000001F0000BB
:1094E0000007C0000001F00000007C0002001F80A7
:1094F000020007E003FFFFE002000000020000009E
:10950000000000000000000000000000000000005B
:10951000000000000000000000000000000000004B
:10952000000000000000000000000000000000003B
:10953000000000000000000000000000000000002B
:109540000000000000000000000FF800003FFE00D7
:1095500000F00780018000C00100004002000020F0
:109560000200002002000020020000200100004054
:10957000018000C000F00380003FFE00000FF800F3
:1095800000000000000000000000000000000000DB
:1095900000000000000000000000000000000000CB
:1095A00000000000000000000000000000000000BB
:1095B00000000000000000000000000000000000AB
:1095C0000000000000000000020000200200002057
:1095D00003FFFFE003FFFFE0020080200200802085
:1095E0000200800002008000020080000200800073
:1095F000030180000183000000FE0000007C0000E9
:10960000000000000000000000000000000000005A
:10961000000000000000000000000000000000004A
:10962000000000000000000000000000000000003A
:10963000000000000000000000000000000000002A
:109640000000000000000000000FF800007FFF0095
:1096500000F00380018001C00100064002000420E8
:109660000200042002000620020003E0010000F8CE
:109670000180005C00E0038C003FFF0C000FFC1831
:1096800000000000000000000000000000000000DA
:1096900000000000000000000000000000000000CA
:1096A00000000000000000000000000000000000BA
:1096B00000000000000000000000000000000000AA
:1096C0000000000000000000020000200200002056
:1096D00003FFFFE003FFFFE0020100200201002082
:1096E000020180000201E0000201FC0003033F8050
:1096F000018607E001FC00E000F8002000000020E7
:109700000000000000000000000000000000000059
:109710000000000000000000000000000000000049
:109720000000000000000000000000000000000039
:109730000000000000000000000000000000000029
:10974000000000000000000000000000007806009B
:1097500000FE01E0018600C0030300400203002078
:1097600002018020020180200201C0200200C020EE
:109770000100E060018070C003E03F8000001F0036
:1097800000000000000000000000000000000000D9
:1097900000000000000000000000000000000000C9
:1097A00000000000000000000000000000000000B9
:1097B00000000000000000000000000000000000A9
:1097C00000000000000000000060000003800000B6
:1097D0000300000002000000020000200200002040
:1097E00003FFFFE003FFFFE0020000200200002073
:1097F00002000000020000000380000000E0000002
:109800000000000000000000000000000000000058
:109810000000000000000000000000000000000048
:109820000000000000000000000000000000000038
:109830000000000000000000000000000000000028
:1098400000000000020000000200000003FFFF0013
:1098500003FFFFC002000040020000600000002083
:109860000000002000000020000000200200004056
:109870000200008003FFFF00020000000200000061
:1098800000000000000000000000000000000000D8
:1098900000000000000000000000000000000000C8
:1098A00000000000000000000000000000000000B8
:1098B00000000000000000000000000000000000A8
:1098C0000000000000000000020000000200000094
:1098D00003C0000003FC0000023FC0000003F800CA
:1098E00000007F80000007E0000007800000780093
:1098F0000203C000023C000003C0000002000000A0
:109900000200000000000000000000000000000055
:109910000000000000000000000000000000000047
:109920000000000000000000000000000000000037
:109930000000000000000000000000000000000027
:10994000000000000200000003C0000003FF8000D0
:10995000023FFE0002007FE000000F000200F00066
:1099600003EF000003FF8000020FFE0000003FE055
:1099700000001F000207E00003F8000003000000E1
:1099800002000000000000000000000000000000D5
:1099900000000000000000000000000000000000C7
:1099A00000000000000000000000000000000000B7
:1099B00000000000000000000000000000000000A7
:1099C0000000000000000000020000200200002053
:1099D000038000E003F0032002FC0C20021F300093
:1099E0000007C0000007F00002187C0002601F2082
:1099F000038003E0020000E00200002000000020DD
:109A00000000000000000000000000000000000056
:109A10000000000000000000000000000000000046
:109A20000000000000000000000000000000000036
:109A30000000000000000000000000000000000026
:109A40000000000000000000020000000300000011
:109A500003C0000003F80000023E0020020FC020F7
:109A60000001FFE000007FE000038020021C0020D6
:109A700002700000038000000200000002000000ED
:109A800000000000000000000000000000000000D6
:109A900000000000000000000000000000000000C6
:109AA00000000000000000000000000000000000B6
:109AB00000000000000000000000000000000000A6
:109AC000000000000000000000000020006000E036
:109AD000038003E003000FA002003E200200F820F4
:109AE0000203E020020F8020023E002002780020C6
:109AF00003E00060038000E00200030000000000BB
:109B00000000000000000000000000000000000055
:109B10000000000000000000000000000000000045
:109B20000000000000000000000000000000000035
:109B30000000000000000000000000000000000025
:109B40000000000000000000000000000000000015
:109B50000000000000000000000000001FFFFFFCEC
:109B600010000004100000041000000410000004A5
:109B700010000004100000041000000400000000A9
:109B800000000000000000000000000000000000D5
:109B900000000000000000000000000000000000C5
:109BA00000000000000000000000000000000000B5
:109BB00000000000000000000000000000000000A5
:109BC0000000000000000000000000000000000095
:109BD0000700000003C0000000780000001E000025
:109BE0000003C0000000F00000001E00000007801D
:109BF000000000F00000003C000000060000000033
:109C00000000000000000000000000000000000054
:109C10000000000000000000000000000000000044
:109C20000000000000000000000000000000000034
:109C30000000000000000000000000000000000024
:109C40000000000000000000000000001000000400
:109C500010000004100000041000000410000004B4
:109C600010000004100000041FFFFFFC00000000B3
:109C700000000000000000000000000000000000E4
:109C800000000000000000000000000000000000D4
:109C900000000000000000000000000000000000C4
:109CA00000000000000000000000000000000000B4
:109CB00000000000000000000000000000000000A4
:109CC0000000000000000000000000000000000094
:109CD0000000000002000000040000000800000076
:109CE000180000001000000018000000180000001C
:109CF000040000000200000000000000000000005E
:109D00000000000000000000000000000000000053
:109D10000000000000000000000000000000000043
:109D20000000000000000000000000000000000033
:109D30000000000000000000000000000000000023
:109D40000000000000000001000000010000000110
:109D500000000001000000010000000100000001FF
:109D600000000001000000010000000100000001EF
:109D700000000001000000010000000100000001DF
:109D800000000001000000000000000000000000D2
:109D900000000000000000000000000000000000C3
:109DA00000000000000000000000000000000000B3
:109DB00000000000000000000000000000000000A3
:109DC0000000000000000000000000000000000093
:109DD000100000001000000010000000180000003B
:109DE0000800000004000000000000000000000067
:109DF0000000000000000000000000000000000063
:109E00000000000000000000000000000000000052
:109E10000000000000000000000000000000000042
:109E20000000000000000000000000000000000032
:109E30000000000000000000000000000000000022
:109E400000000000000000000000038000018FC03F
:109E500000038C600006182000041020000410206D
:109E60000004202000042040000620400003FFC022
:109E70000001FFE00000002000000020000000C002
:109E800000000000000000000000000000000000D2
:109E900000000000000000000000000000000000C2
:109EA00000000000000000000000000000000000B2
:109EB00000000000000000000000000000000000A2
:109EC000000000000000000002000000020000008E
:109ED00003FFFFE007FFFFC0000180C00002006039
:109EE00000020020000400200004002000040020E4
:109EF00000060040000300C00001FF800000FE00DB
:109F00000000000000000000000000000000000051
:109F10000000000000000000000000000000000041
:109F20000000000000000000000000000000000031
:109F30000000000000000000000000000000000021
:109F400000000000000000000000000000007E0093
:109F50000001FF80000381C00002004000060020D5
:109F6000000400200004002000040020000600205F
:109F70000003C0400001C08000000300000000009A
:109F800000000000000000000000000000000000D1
:109F900000000000000000000000000000000000C1
:109FA00000000000000000000000000000000000B1
:109FB00000000000000000000000000000000000A1
:109FC00000000000000000000000000000007E0013
:109FD0000001FF80000380C0000600600004002034
:109FE000000400200004002002040040020200805F
:109FF00003FFFFE007FFFFC000000040000000403B
:10A000000000000000000000000000000000000050
:10A010000000000000000000000000000000000040
:10A020000000000000000000000000000000000030
:10A030000000000000000000000000000000000020
:10A0400000000000000000000000000000007E0092
:10A050000001FF80000311C00002104000041060E6
:10A06000000410200004102000041020000610201E
:10A07000000310400001F0C000007100000000006B
:10A0800000000000000000000000000000000000D0
:10A0900000000000000000000000000000000000C0
:10A0A00000000000000000000000000000000000B0
:10A0B00000000000000000000000000000000000A0
:10A0C000000000000000000000000000000400008C
:10A0D000000400200004002000040020007FFFE0B6
:10A0E00001FFFFE00104002003040020020400201F
:10A0F00002040020020400000200000001C0000071
:10A1000001C000000000000000000000000000008E
:10A11000000000000000000000000000000000003F
:10A12000000000000000000000000000000000002F
:10A13000000000000000000000000000000000001F
:10A140000000000000000000000000000000001CF3
:10A150000000E33E0003FFC200020CC3000404C180
:10A16000000404C1000404C1000404C100060CC1C1
:10A170000003F8C30005F0620006007E0006003C04
:10A1800000000000000000000000000000000000CF
:10A1900000000000000000000000000000000000BF
:10A1A00000000000000000000000000000000000AF
:10A1B000000000000000000000000000000000009F
:10A1C000000000000000000002000020020000204B
:10A1D00003FFFFE007FFFFE0000100200002002076
:10A1E000000600000004000000040000000400203D
:10A1F000000600200003FFE00001FFE00000002057
:10A20000000000200000000000000000000000002E
:10A21000000000000000000000000000000000003E
:10A22000000000000000000000000000000000002E
:10A23000000000000000000000000000000000001E
:10A24000000000000000000000000000000000000E
:10A25000000400200004002000040020000400206E
:10A260000387FFE0038FFFE0038000200000002051
:10A27000000000200000002000000000000000009E
:10A2800000000000000000000000000000000000CE
:10A2900000000000000000000000000000000000BE
:10A2A00000000000000000000000000000000000AE
:10A2B000000000000000000000000000000000009E
:10A2C000000000000000000000000000000000008E
:10A2D000000000060000000700000001000000016F
:10A2E0000004000100040001000400030004000653
:10A2F0000387FFFC038FFFF80380000000000000CD
:10A30000000000000000000000000000000000004D
:10A31000000000000000000000000000000000003D
:10A32000000000000000000000000000000000002D
:10A33000000000000000000000000000000000001D
:10A3400000000000000000000200002002000020C9
:10A3500003FFFFE007FFFFE00000082000001020DF
:10A36000000030000000FC0000058E00000707A080
:10A37000000601E0000400E00004002000000020CE
:10A3800000000000000000000000000000000000CD
:10A3900000000000000000000000000000000000BD
:10A3A00000000000000000000000000000000000AD
:10A3B000000000000000000000000000000000009D
:10A3C000000000000000000000000000000000008D
:10A3D00002000020020000200200002002000020F5
:10A3E00003FFFFE007FFFFE0000000200000002067
:10A3F000000000200000002000000000000000001D
:10A40000000000000000000000000000000000004C
:10A41000000000000000000000000000000000003C
:10A42000000000000000000000000000000000002C
:10A43000000000000000000000000000000000001C
:10A440000000000000000000000400200007FFE002
:10A45000000FFFE0000200200004000000040020C4
:10A460000007FFE00003FFE00002002000040000FE
:10A47000000400200007FFE00003FFE000000020D0
:10A4800000000000000000000000000000000000CC
:10A4900000000000000000000000000000000000BC
:10A4A00000000000000000000000000000000000AC
:10A4B000000000000000000000000000000000009C
:10A4C0000000000000000000000400200004002044
:10A4D0000007FFE0000FFFE0000100200002002065
:10A4E000000200000004000000040000000400203E
:10A4F000000600200003FFE00001FFE00000002054
:10A50000000000200000000000000000000000002B
:10A51000000000000000000000000000000000003B
:10A52000000000000000000000000000000000002B
:10A53000000000000000000000000000000000001B
:10A5400000000000000000000000000000007E008D
:10A550000000FF80000381C00002004000060020D0
:10A560000004002000040020000400200006002059
:10A5700000020040000381C00001FF8000007E0057
:10A5800000000000000000000000000000000000CB
:10A5900000000000000000000000000000000000BB
:10A5A00000000000000000000000000000000000AB
:10A5B000000000000000000000000000000000009B
:10A5C0000000000000000000000400010004000181
:10A5D0000007FFFF000FFFFF000100C10002004164
:10A5E00000040020000400200004002000040020DB
:10A5F00000060040000301C00001FF8000007E0053
:10A60000000000000000000000000000000000004A
:10A61000000000000000000000000000000000003A
:10A62000000000000000000000000000000000002A
:10A63000000000000000000000000000000000001A
:10A6400000000000000000000000000000007E008C
:10A650000001FF80000380C00002006000040020B1
:10A66000000400200004002000040020000200413B
:10A67000000300C10003FFFF0007FFFF000000010F
:10A6800000000001000000000000000000000000C9
:10A6900000000000000000000000000000000000BA
:10A6A00000000000000000000000000000000000AA
:10A6B000000000000000000000000000000000009A
:10A6C0000000000000000000000400200004002042
:10A6D0000004002000040020000FFFE0000FFFE056
:10A6E0000000C02000010020000200200006002021
:10A6F0000004000000040000000700000003000048
:10A700000000000000000000000000000000000049
:10A710000000000000000000000000000000000039
:10A720000000000000000000000000000000000029
:10A730000000000000000000000000000000000019
:10A74000000000000000000000000000000003E026
:10A750000001C0E00003E04000063020000430208B
:10A7600000041820000418200004182000040C2005
:10A7700000020C60000307C0000783800000000097
:10A7800000000000000000000000000000000000C9
:10A7900000000000000000000000000000000000B9
:10A7A00000000000000000000000000000000000A9
:10A7B0000000000000000000000000000000000099
:10A7C0000000000000000000000000000004000085
:10A7D0000004000000040000000C0000001FFF80C7
:10A7E00000FFFFC0000400600004002000040020FF
:10A7F0000004002000040040000001800000000070
:10A800000000000000000000000000000000000048
:10A810000000000000000000000000000000000038
:10A820000000000000000000000000000000000028
:10A830000000000000000000000000000000000018
:10A840000000000000000000000400000004000000
:10A850000007FF80000FFFC0000000600000002024
:10A860000000002000000020000000200004004044
:10A87000000400800007FFE0000FFFC00000004060
:10A880000000004000000000000000000000000088
:10A8900000000000000000000000000000000000B8
:10A8A00000000000000000000000000000000000A8
:10A8B0000000000000000000000000000000000098
:10A8C0000000000000000000000400000004000080
:10A8D000000780000007F0000004FE0000041FC015
:10A8E000000003E00000038000001C000004600082
:10A8F00000078000000600000004000000000000C7
:10A900000000000000000000000000000000000047
:10A910000000000000000000000000000000000037
:10A920000000000000000000000000000000000027
:10A930000000000000000000000000000000000017
:10A940000000000000040000000600000007C00036
:10A950000007FC0000043F80000003E000040F80BB
:10A960000006F0000007F0000007FF8000040FE081
:10A970000000038000043C000007C0000006000047
:10A9800000040000000000000000000000000000C3
:10A9900000000000000000000000000000000000B7
:10A9A00000000000000000000000000000000000A7
:10A9B0000000000000000000000000000000000097
:10A9C0000000000000000000000000200004002043
:10A9D00000040060000700E0000783200007E60095
:10A9E0000004F80000003C0000045E20000587A081
:10A9F000000601E0000400600004002000000020C8
:10AA00000000000000000000000000000000000046
:10AA10000000000000000000000000000000000036
:10AA20000000000000000000000000000000000026
:10AA30000000000000000000000000000000000016
:10AA400000000000000000000004000000040003FB
:10AA5000000700030007E0010004F80100041F02E2
:10AA6000000007FC000000E00000070000043800C0
:10AA70000007C00000060000000400000004000001
:10AA800000000000000000000000000000000000C6
:10AA900000000000000000000000000000000000B6
:10AAA00000000000000000000000000000000000A6
:10AAB0000000000000000000000000000000000096
:10AAC000000000000000000000000000000780609F
:10AAD000000600E0000403E0000407A000040E20CC
:10AAE00000043C20000470200005E02000078020C6
:10AAF00000070060000400E0000003800000000088
:10AB00000000000000000000000000000000000045
:10AB10000000000000000000000000000000000035
:10AB20000000000000000000000000000000000025
:10AB30000000000000000000000000000000000015
:10AB40000000000000000000000000000000000005
:10AB500000000000000000000000000000000000F5
:10AB600000008000000080000001400007FE3FF868
:10AB700008000004100000021000000200000000A5
:10AB800000000000000000000000000000000000C5
:10AB900000000000000000000000000000000000B5
:10ABA00000000000000000000000000000000000A5
:10ABB0000000000000000000000000000000000095
:10ABC0000000000000000000000000000000000085
:10ABD0000000000000000000000000000000000075
:10ABE00000000000FFFFFFFF000000000000000069
:10ABF0000000000000000000000000000000000055
:10AC00000000000000000000000000000000000044
:10AC10000000000000000000000000000000000034
:10AC20000000000000000000000000000000000024
:10AC30000000000000000000000000000000000014
:10AC400000000000000000000000000010000002F2
:10AC5000100000020800000407FE3FF80001400059
:10AC600000008000000080000000000000000000E4
:10AC700000000000000000000000000000000000D4
:10AC800000000000000000000000000000000000C4
:10AC900000000000000000000000000000000000B4
:10ACA00000000000000000000000000000000000A4
:10ACB0000000000000000000000000000000000094
:10ACC000000000000000000018000000300000003C
:10ACD0004000000040000000400000002000000094
:10ACE0003000000008000000040000000200000026
:10ACF00002000000020000000C000000180000002C
:10AD00000000000000000000000000000000000043
:10AD10000000000000000000000000000000000033
:10AD20000000000000000000000000000000000023
:10AD30000000000000000000000000000000000013
:10AD400000000000000610160006101600000000AB
:10AD500000000000010203040607080900000000CB
:10AD60000102030484AD000800000020540000002C
:10AD700094600008D8AD000854000020AC07000023
:10AD8000A4600008000000FFFFFFFFFFD09000005C
:10AD90000000000000000000F5FFEEFF00000000D2
:10ADA000DA9F883D3ABABA3D00000000000000007A
:10ADB0000000000000000000000000000000000093
:10ADC0000000000001000000100000000000000072
:08ADD0000024F4000000000063
:040000050800018965
:00000001FF
