:020000040800F2
:10000000603900209D0100081D440008673D00087C
:10001000A1420008D10200089D7400080000000001
:10002000000000000000000000000000294C000853
:100030002D040008000000002D4400082D4C00088D
:10004000B7010008B7010008B7010008B7010008B0
:10005000B7010008B7010008B7010008B7010008A0
:10006000B7010008B7010008B7010008B701000890
:10007000B7010008B7010008B7010008B701000880
:10008000B7010008B7010008B7010008E102000845
:10009000D5020008B7010008B70100082F040008C6
:1000A000B7010008B7010008B7010008B701000850
:1000B000B7010008B7010008B7010008B701000840
:1000C000B7010008B7010008B7010008B701000830
:1000D000B701000851510008B7010008B701000836
:1000E000B7010008B7010008B7010008B701000810
:1000F000B7010008B7010008B7010008B701000800
:10010000B7010008C5440008B7010008B70100089E
:10011000B7010008B7010008B7010008B7010008DF
:10012000B7010008B7010008ED020008F902000855
:10013000B7010008B7010008B7010008B7010008BF
:10014000B7010008B7010008B7010008B7010008AF
:10015000B701000805030008B7010008B70100084F
:10016000B7010008B7010008B7010008B70100088F
:10017000B701000821440008B70100080000000092
:10018000B7010008B7010008DFF80CD000F08EF8C6
:10019000004800473993000860390020064880472E
:1001A00006480047FEE7FEE7FEE7FEE7FEE7FEE75C
:1001B000FEE7FEE7FEE7FEE7F94C000889010008CC
:1001C0002DE9F05F0546002092469B46884606468C
:1001D000814640241BE0284641464746224600F01F
:1001E00055F853465A46C01A914110D31146184645
:1001F000224600F03CF82D1A67EB01084F462246D4
:100200000120002100F033F817EB00094E41201EB9
:10021000A4F10104DFDC484631462A464346BDE8E6
:10022000F09F10B540EA01040346A40703D009E09B
:1002300010C9121F10C3042AFAD203E011F8014BAF
:1002400003F8014B521EF9D210BDD2B201E000F802
:10025000012B491EFBD270470022F6E710B513466A
:100260000A4604461946FFF7F0FF204610BD202A33
:1002700004DB203A00FA02F1002070479140C2F1FD
:10028000200320FA03F3194390407047202A04DB2F
:10029000203A21FA02F00021704721FA02F3D040FF
:1002A000C2F120029140084319467047064C074DA1
:1002B00006E0E06840F0010394E807009847103436
:1002C000AC42F6D3FFF764FFF497000814980008D7
:1002D000FEE70000014800F012BD0000A000002071
:1002E000014800F00CBD0000A0000020014801F012
:1002F00009B80000E8040020014801F003B800003C
:1003000088020020014800F0FDBF0000E802002044
:1003100001681823CAB2103AB2FBF3F2054B6FF32F
:100320000901032A9B5CC36500D9091D8165084644
:10033000704700009E97000810B5014600208B69A9
:100340008A6A4FF0C07453B1B3F5005F15D072B133
:10035000012A0CD0022A0AD0032A09D104E01AB1DA
:10036000012A06D0022A03D1C96AC90100D5012099
:1003700010BDC96AA142FAD010BD002AF7D0012AE7
:10038000F2D0022AF3D0032AF3D010BD30B50468AE
:10039000256825F480252560046863608368402B08
:1003A000036803D099600068C26030BD9A6000683D
:1003B000C16030BD70B504460021084604EB8102DF
:1003C000491CC2F884031029F8D300224FF40075A9
:1003D000A118521C81F81C01AA42F9D32070607048
:1003E0000121A170C4F8C40321764022A271607675
:1003F00084F81C0384F81D1384F81F0384F81E037B
:10040000090204F11C00FFF727FF294604F58E704E
:10041000FFF722FF122104F22630FFF71DFF3E21D5
:1004200004F54E70FFF718FF002070BD70474FF4C1
:10043000807001F06FB972B6FEE70022AFF3008062
:1004400030B50E4B054601205C7A002C14D1587A49
:100450001C54587A03EB800045605D7A03F1080074
:100460002A54587A421C5A72303008703A20487028
:100470002F208870CC70002030BD0000980F002025
:1004800030B5B3F5804F05D06FF0704140F82210C1
:10049000002030BD8C690B688D6823434C688989C6
:1004A000240144EA0524234343EA014150F8223061
:1004B000014C23401943E9E70000F0CF10B50A686A
:1004C00050F8223023F0010340F822308C68082CC9
:1004D00023D000234A682243CC681C430B69224383
:1004E0001A434B690E4C1A43CB691A430B6A1A43E1
:1004F0004B6A1A438B6A1A43CB6A1A430B6B1A4333
:100500008B691343CA6B09681A4350F82130A3431F
:10051000134340F82130002010BD4023DAE70000EB
:100520007FFF0F0030B5D1E9003443EA04138C6833
:100530008D89240244EA054423430C8A074D00EBCD
:10054000820005EB045423430C7D6D0105EB04642C
:10055000896923430B434360002030BD0000F0FF56
:1005600010B504460146ADF50C7D0FA006F098FFCE
:1005700000222146684608F095F828B9684607F039
:100580000BFD10A006F08CFF204608F013FB0100C5
:1005900005D012A006F084FF0DF50C7D10BD19A04A
:1005A00006F07EFFF8E700002A2A2A2044656C65E1
:1005B00074652046696C653A202573202A2A2A0D25
:1005C0000A0000006F70656E207375636365737356
:1005D00066756C6C79210D0A0000000046696C6537
:1005E0002064656C6574696F6E206661696C656412
:1005F0002C206572726F7220636F6465EFBC9A2560
:10060000640D0A005468652066696C652077617323
:100610002064656C657465642073756363657373CA
:1006200066756C6C79210D0A00000000F0B587B08A
:1006300001AA694622A007F0D4FC08B121A03AE043
:1006400025A006F02DFF0198009945694489AD1E4B
:1006500065434C430178E60AEF0A25A006F020FF27
:1006600027A006F01DFF2FA006F01AFF4FF400711F
:1006700032A006F015FF0198418932A006F010FF64
:100680000198416937A0891E06F00AFF29463CA05F
:1006900006F006FF394641A006F002FF45A000998A
:1006A00006F0FEFE21464AA006F0FAFE31464FA0B3
:1006B00006F0F6FE53A006F0F3FE07B0F0BD000012
:1006C000303A0000665F67657466726565282920A8
:1006D0006572726F720D0A002A2A2A204641542040
:1006E0006469736B20696E666F202A2A2A0D0A00DE
:1006F0004641542074797065203D2025640D0A0020
:100700005B313D46415431322C323D464154313605
:100710002C333D46415433322C343D6578464154A8
:100720005D0D0A00536563746F722073697A6528E2
:10073000627974657329203D2000000025640D0A4C
:1007400000000000436C75737465722073697A65EC
:1007500028736563746F727329203D2025640D0A28
:1007600000000000546F74616C20636C75737465D5
:100770007220636F756E74203D20256C640D0A0035
:10078000546F74616C20736563746F7220636F754E
:100790006E74203D20256C640D0A0000546F746156
:1007A0006C207370616365284D4229203D20256CC3
:1007B000640D0A004672656520636C75737465721A
:1007C00020636F756E74203D20256C640D0A000057
:1007D0004672656520736563746F7220636F756E12
:1007E00074203D20256C640D0A000000467265658A
:1007F000207370616365284D4229203D20256C647B
:100800000D0A000047657420464154206469736BEB
:1008100020696E666F204F4B0D0A000010B504462C
:10082000014686B014A006F03BFE6946204608F05B
:100830005CF9010006D0042919D016A006F030FE9C
:1008400006B010BD1CA0009906F02AFE9DF8081005
:1008500020A006F025FE25A00DF1090106F020FEDE
:10086000BDF80610BDF8040000F056F8E8E724A033
:1008700006F016FEE4E700002A2A2A2046696C6585
:1008800020696E666F206F663A202573202A2A2A17
:100890000D0A0000665F7374617428292065727206
:1008A0006F72EFBC8C6572726F7220636F64653A11
:1008B0002025640D0A00000046696C652073697A82
:1008C0006528627974657329203D20256C640D0AC2
:1008D0000000000046696C6520617474726962757D
:1008E0007465203D20307825780D0A0046696C65D6
:1008F000204E616D65203D2025730D0A000000002B
:1009000046696C6520646F6573206E6F742065782E
:100910006973740D0A00000010B50C4640F2BC71FA
:1009200000F01F0301EB5021C0F3431206A006F0B4
:10093000B7FD04F01F03E10AC4F34512BDE81040FF
:1009400007A006F0ADBD000046696C6520646174C7
:1009500061203D2025642F25642F25640D0A0000A9
:1009600046696C652074696D65203D2025643A25D3
:10097000643A25640D0A000010B504460146ADF541
:10098000267D14A006F08CFD01222146684607F062
:1009900089FE010013D0042917D016A006F080FDAF
:1009A000684607F0F9FA0DF5267D10BD6A46642108
:1009B0008CA807F080FB8CA917A006F071FD0399A5
:1009C00006988842F2D10AA000E014A006F068FD63
:1009D000E6E700002A2A2A2052656164696E6720D2
:1009E0005458542066696C653A202573202A2A2AB7
:1009F0000D0A0000665F6F70656E282920657272AF
:100A00006F72EFBC8C6572726F7220636F64653AAF
:100A10002025640D0A0000002573000046696C65FE
:100A200020646F6573206E6F742065786973740D30
:100A30000A00000030B595B00546014606A807F04B
:100A400037FF040008D006A807F0BAFA214612A022
:100A500006F026FD15B030BD294619A006F020FD90
:100A60000DF10904694606A808F01FF868B99DF859
:100A7000090050B19DF808002146C00601D519A013
:100A800000E01BA006F00CFDECE71CA006F008FD42
:100A900006A807F095FADDE70D0A665F6F70656ED0
:100AA0006469722829206572726F72EFBC8C65725E
:100AB000726F7220636F64653A2025640D0A00002E
:100AC0002A2A2A20416C6C20656E74726965732035
:100AD000696E206469723A202573202A2A2A0D0A39
:100AE000000000004449523A2025730D0A0000001E
:100AF00046494C453A2025730D0A00005363616E48
:100B000020646972204F4B0D0A00000010B503F0FD
:100B1000C9FBFFF78BFD0AA0FFF78CFF0E230A220B
:100B200040F2E97107A000F013F806A0FFF724FFD8
:100B300004A0FFF773FEBDE8104002A0FFF710BD50
:100B4000303A2F00746573742E74787400000000BE
:100B500010B504460146ADF5127D0FA006F0A0FCCD
:100B60000A222146684607F09DFD010008D012A028
:100B700006F096FC684607F00FFA0DF5127D10BDE1
:100B8000182216A18CA8FFF74CFB69468CA807F029
:100B9000D0FE214617A0EBE72A2A2A20437265617E
:100BA00074696E67205458542066696C653A202534
:100BB00073202A2A2A0D0A004F70656E2066696C20
:100BC00065206572726F72EFBC8C6572726F7220F5
:100BD000636F64653A2025640D0A00004C696E65F8
:100BE000313A2048656C6C6F2C2046617446732A3C
:100BF0002A2A0A0057726974652066696C65204F5D
:100C00004B3A2025730D0A00704770B590F82040CC
:100C1000012C05D0022C03D0416A41F4802128E048
:100C2000046809B32469A40720D04FF4D874056878
:100C300004EB01142D5915F00405956005682D5934
:100C40001AD0ED08556005682C5904F00204D460F0
:100C50004FF4DA74056804EB01142E5906F00F0600
:100C6000082E0CD308250DE0E468DCE7416A41F466
:100C700000114162012070BD6D0D1560E3E72D5933
:100C800005F00F05156105682D59C5F30725956118
:100C900005682C59240C54614FF4DC72046802EB93
:100CA0000112A4581C700468A458240A5C700468DB
:100CB000A458240C9C700468A258120EDA704FF4E9
:100CC000DE72046802EB0112A4581C710468A45877
:100CD000240A5C710468A458240C9C710468A2580E
:100CE000120EDA71006829B1016941F02001016139
:100CF000002070BDC16841F02001C160F8E72DE916
:100D0000F05F0546006800244669D0F804908768C3
:100D1000D0F80CB0D0F810A0D0F81880F10748D067
:100D2000F90714D001218160B80703D5284600F0E7
:100D300065FA0CE0780702D54FF4006407E0380745
:100D400002D54FF4805402E0284600F056FAF80528
:100D500016D529684FF480708860B80503D52846F9
:100D600000F071FA0CE0780502D544F4005407E075
:100D7000380502D544F4804402E0284600F062FAC7
:100D8000F80316D529684FF480308860B80303D57E
:100D9000284600F05AFA0CE0780302D544F40044E7
:100DA00007E0380302D544F4803402E0284600F01E
:100DB0004BFA300707D55FEACB6004D529681020CD
:100DC00044F40074C86070074FF0080707D55FEA65
:100DD0000B7004D52868C760284600F09FF9B0075B
:100DE00006D52868C068800702D0284600F098F928
:100DF000700607D55FEACA6004D52968102044F45C
:100E000080640861B00607D55FEA0A7004D52868D7
:100E10000761284600F0EEF9F00606D5286800695B
:100E2000800702D0284600F0E6F9B00308D55FEA53
:100E3000C96005D5296810204860284600F0DCF913
:100E4000F00307D55FEA097004D528684760284693
:100E500000F0FCF9300446D55FEA497040D5F00552
:100E600004D55FEAC87001D044F00104B00504D590
:100E70005FEA887001D544F00204700504D55FEA8A
:100E8000487001D544F00404300529D518F0700FDE
:100E900026D008F07000402815D006DC102809D0B4
:100EA00020280AD0302816D10AE050280ED0602819
:100EB00011D10EE044F008040DE044F010040AE003
:100EC00044F0200407E044F0400404E044F08004CF
:100ED00001E044F480742868816921F07001816127
:100EE000296804204860002C05D0686A20436862A5
:100EF0002846FFF789FEBDE8F09F70B5040003D0D7
:100F000094F8200010B104E0012070BD204600F0EC
:100F100081F82068016841F00101016000F00CFDDA
:100F20000546052604E000F007FD401B0A2811D8FD
:100F300020684068C007F6D02068016821F00201EF
:100F4000016000F0F9FC05460BE000F0F5FC401BE9
:100F50000A2806D9606A40F40030606284F8206094
:100F6000D2E7206840688007EFD4207E01282068FF
:100F700001683DD021F080010160607E0128206879
:100F8000016838D021F040010160A07E012820686E
:100F9000016833D021F020010160E07E0128206843
:100FA00001682ED041F010010160207F01282068E7
:100FB000016829D021F008010160607F01282068C4
:100FC000016824D021F004010160D4E90201084342
:100FD000D4E90412114308436168491E084321689B
:100FE000C86100206062012084F82000002070BDEC
:100FF00041F08001C0E741F04001C5E741F0200128
:10100000CAE721F01001CFE741F00801D4E741F031
:101010000401D9E72DE9F04387B00446142168465E
:10102000FFF71AF9394B3A48DFF8DC801968D4F831
:1010300000C0374A022503260927DFF8D890103070
:101040000024491CC44530D11960012907D1016829
:1010500041F000710160006800F0007005901068B8
:1010600040F002001060106802AB00F00200059032
:101070004FF44070CDE9000583E8D000694648464A
:1010800000F054FB00221146132000F0DFFF132074
:1010900000F0CEFF00221146142000F0D7FF1420EC
:1010A00000F0C6FF07B0BDE8F083DFF86C80C445F0
:1010B000F8D1D0F800C04CF0806CC0F800C0D0F877
:1010C00000C001290CF0806CCDF814C0196007D164
:1010D000016841F000710160006800F00070059047
:1010E000106840F002001060106802AB00F00200CF
:1010F00005904FF44050CDE9000583E8D0006946E3
:10110000484600F013FBCDE70064004000000020DB
:101110003038024000040240006800407047000080
:101120007CB522496D46A1F11C0488421DD12B4695
:1011300022460021FFF769FD002815D11CA006F00A
:10114000AFF920A0216806F0ABF920A006F0A8F9BD
:10115000002420A0295D06F0A3F9641CE4B2082C49
:10116000F7D31EA006F09CF97CBD104928318842B7
:10117000FAD1A1F144022B460021FFF746FD0028D9
:10118000F2D117A006F08CF90EA0216806F088F9BC
:101190000EA006F085F900240EA0295D06F080F966
:1011A000641CE4B2082CF7D3DBE70000A0000020A9
:1011B00043414E31205265636569766564200D0AAE
:1011C0000000000049443A2523780A004461746114
:1011D0003A00000030782530327820000A00000004
:1011E00043414E32205265636569766564200D0A7D
:1011F00000000000704770477047704706498842FA
:1012000001D106A004E004492831884202D108A097
:1012100006F046B970470000A000002043414E315F
:101220002053656E642064617461206F6B0D0A0049
:1012300043414E322053656E642064617461206FB7
:101240006B0D0A00704770477047704770472DE973
:10125000F0410446876D00F06FFB064694F83500B8
:101260000025022806D08020606584F834500120D3
:10127000BDE8F0812068016821F016010160206856
:10128000416921F080014161206C08B9A06C20B156
:101290002068016821F0080101602068016821F0E0
:1012A000010101600CE000F047FB801B052807D915
:1012B00020206065032084F8350084F83450D7E797
:1012C00020680068C007EED194F85C103F20884089
:1012D000B860012084F8350084F834500020C7E756
:1012E00090F83510022903D0802141650120704714
:1012F000052180F835100068016821F001010160C6
:10130000002070472DE9F84304464FF00009CDF85E
:10131000009063484FF41651A56D0068B0FBF1F7DB
:101320002E6894F85C10082000FA01F131420FD0C9
:1013300021680A6852070BD50A6822F004020A6085
:1013400094F85C108840A860606D40F00100606512
:1013500094F85C104FF0010808FA01F0304208D010
:1013600021684969090604D5A860606D40F0020053
:10137000606594F85C1004208840304208D02168F1
:101380000968890704D5A860606D40F004006065B5
:1013900094F85C1010208840304218D02168096809
:1013A000090714D5A86020680168490304D50068BE
:1013B000000308D5A16C07E00168C90503D40168E2
:1013C00021F008010160216C09B12046884794F89A
:1013D0005C1020208840304231D021680968C9065D
:1013E0002DD5A86094F8350005282068016806D03E
:1013F000490347D5006800031DD4616C1CE021F04F
:10140000160101602068416921F080014161206C72
:1014100008B9A06C20B12068016821F008010160C2
:1014200094F85C103F208840A86084F8358084F8E8
:101430003490216D1FE0E16B09B120468847606D53
:1014400000282BD0606DC00714D0052084F835002B
:101450002068016821F0010101600098401C0090A3
:10146000B84203D820680068C007F6D184F83580F8
:1014700084F83490E16C002910D001B02046BDE81A
:10148000F04308470168C905D5D4016821F010016F
:10149000016084F8358084F83490CCE7BDE8F883A7
:1014A000300000202DE9F041044600F045FA0646E0
:1014B0005CB1022084F83500002584F8345020689F
:1014C000016821F0010101600DE00120BDE8F0811B
:1014D00000F032FA801B052805D920206065032022
:1014E00084F83500F2E720680068C007F0D1226870
:1014F000116820480140D4E901031843D4E90336B8
:101500003343184363691843A3691843E3691843D5
:10151000236A18430843616A042903D1D4E90B13F1
:1015200019430843106020684069666A20F007018B
:1015300030460E43012704280CD1A06A0643E06A16
:1015400040B12046FEF7F8FE20B14020606584F8E7
:101550003570BAE7206846612046FEF7D9FE94F858
:101560005C203F2191408160656584F835700020E2
:10157000ACE700003F8010F02DE9F0410446866D95
:1015800090F83400002501280DD0012084F83400A3
:1015900094F835700020012F07D084F8340002251C
:1015A0002846BDE8F0810220FBE7022784F8357069
:1015B00060652046FEF7EAFE94F85C103F20884004
:1015C000B0602068016841F016010160206C20B114
:1015D0002068016841F0080101602068016841F05D
:1015E00001010160DCE7000070B5044600F0A4F9D9
:1015F0000546601C02D004480078044400F09CF9C1
:10160000401BA042FAD370BD24000020F0B587B083
:1016100014216846FEF720FE2048016800293AD1CF
:10162000012101601E480024016841F001010160B0
:101630000068022500F0010005904FF23F00CDE95F
:10164000000502AA03260C2782E8D0006946154847
:1016500000F06CF841F23F40CDE9000502AA69466E
:1016600082E8D000104800F061F84FF68370CDE9B1
:10167000000502AA694682E8D0000C4800F056F83E
:101680004FF63370CDE9000502AA694682E8D00022
:10169000074800F04BF807B0F0BD0000080000203C
:1016A0003838024000140240001802400010024086
:1016B000000C02400A4930B40B680A4A54681B1BEC
:1016C000C82B0AD909685160B0F5807F03D006A005
:1016D00030BC05F0E5BE09A0FAE730BC7047000059
:1016E0002C000020140000206B65795F6F6B207068
:1016F0007265737365642075700A00006B65795FAD
:101700006F6B207072657373656420646F776E0A07
:1017100000000000044910B50A68024202D00860C7
:10172000FFF7C8FF10BD0000143C01402DE9F84F41
:10173000DFF8BCA10022012503264FF00F090AF1B2
:10174000040BAAF1040E00BF0B6805FA02F4234053
:10175000A34270D10F7907F00307012F01D0022FA8
:1017600016D187684FEA420806FA08FC27EA0C07F8
:10177000D1F80CC00CFA08FC4CEA070CC0F808C001
:101780004768A7430C79C4F3001494403C43446079
:101790000C79E443A4070AD0C4684FEA420C06FA65
:1017A0000CF7BC438F6807FA0CF72743C7600C7926
:1017B00004F00304022C12D1D40800EB840CDCF8F2
:1017C00020405707FF0E09FA07F824EA0804D1F869
:1017D000108008FA07F848EA0408CCF8208004686A
:1017E0004FEA420C06FA0CF7BC430F7907F00307E7
:1017F00007FA0CF7274307604C6814F4403F70D099
:101800003C4C276847F480472760246822F0030790
:1018100004F480440094384C07EB040CDCF80848CE
:1018200097074FEA177809FA08F7BC43334FB842D5
:1018300002D1002724E054E0314FB84201D1012702
:101840001EE0304FB84201D1022719E02E4FB842B6
:1018500001D1032714E02D4FB84201D104270FE036
:101860002B4FB84201D105270AE02A4FB84201D1D7
:10187000062705E0284FB84201D1072700E00827D6
:1018800007FA08F72743CCF80878DAF800405746FB
:10189000D1F804C09C435FEACC2C00D51C433C60CB
:1018A000DBF800405F46D1F804C09C435FEA8C2C13
:1018B00000D51C433C60DEF800407746D1F804C0F8
:1018C0009C435FEA8C3C00D51C433C60084F083FBA
:1018D0003C68D1F804C09C435FEACC3C00D51C4373
:1018E0003C60521C102AFFF42FAFBDE8F88F0000B7
:1018F000083C0140443802400030014000000240F2
:101900000004024000080240000C024000100240A7
:101910000014024000180240001C0240426921EA03
:1019200002030A4043EA0241816170470AB18161C2
:1019300070470904FBE70000014880687047000019
:1019400024000020D0F8DC0303F017BFD0F8DC033C
:1019500003F01DBF006805F0F5B9006805F0F6B9A1
:10196000C1EB011100EB8100002200F81A2F427038
:10197000C272827210467047C1EB011100EB810008
:1019800090F84C007047C1EB011100EB8100806BB7
:10199000704710B5044690F8D403012809D00120FF
:1019A00084F8D403206805F0DCF9002084F8D4031F
:1019B00010BD022010BD2DE9FF4F83B00546DDE9C3
:1019C000117690F8D403DDF8408093468A460128CA
:1019D0001CD0CAEB0A11012305EB810485F8D4332E
:1019E0004FF0000984F819900698207584F815A026
:1019F00084F826700BF07F00A07551462846FFF74B
:101A0000AFFF5FEA0B6005D5E37505E0022007B084
:101A1000BDE8F08F84F81790286805F097F9012F3A
:101A200006D1B8F1010F03D110B9BC2E00D9BC26E4
:101A300084F81880B0B22085CDF80080CDE901701F
:101A400028685A465146069B05F0F6F985F8D49366
:101A5000DDE770472DE9F0030E46DDE906C9DDE953
:101A60000874C1EB061100EB81010225CA7581F8EB
:101A70002630BCF1000F0AD081F82A50002463B14F
:101A8000012B31D0022B28D0032B16D125E04FF0AB
:101A9000030881F82A804C76F0E7BCF1010F0CD1E5
:101AA0001AB18A7E012A19D007E0D7B9012281F83C
:101AB0003D2000E0C2B181F82A50C1F82C904F635C
:101AC00081F84C408C634E7581F84D4082790068F6
:101AD000BDE8F003143105F03FBA12B191F83C2093
:101AE000E8E791F83D20E5E781F82A40E5E70000C6
:101AF0002DE9F04106680446304605F02EF901282C
:101B000077D1206805F0E4FB002872D0206805F04A
:101B1000DFFB800203D521684FF400104861206884
:101B200005F0D6FBC00203D521684FF48010486150
:101B3000206805F0CDFB400103D521684FF080609F
:101B40004861206805F0C4FB800702D521680220A7
:101B50004861206805F0BCFB800018D521684FF073
:101B600000504861D6F84004C00710D1102130461B
:101B700005F0CAF8304605F0ABF8607A022803D1C8
:101B80000121206805F080FB2046FFF7DFFE20687A
:101B900005F09EFBC00102D5204602F057F82068F0
:101BA00005F096FB000705D5204600F0C2F8216835
:101BB00008204861206805F08BFB800124D520684F
:101BC00005F0C6F9074600254FF0010815E000BFF3
:101BD00005F00F0108FA01F038420DD006EB451070
:101BE000D0F80005E9B20004204603D501F0F5FC69
:101BF00002E01CE001F0AFFE6D1C6079A842E7D85E
:101C000021684FF000704861206805F061FBC04317
:101C1000C0060CD42068816921F010018161204642
:101C200002F05EF82068816941F010018161BDE831
:101C3000F081F8B5040005D094F8D5032568002696
:101C400010B106E00120F8BD84F8D463204600F00E
:101C500029F8032084F8D503B5F1A04F00D1A6716F
:101C6000206805F001F8207C8DF8000094E80F0052
:101C700004F096FF022560B90121206805F064FB9D
:101C800038B9207C8DF8000094E80F0005F094FA34
:101C900010B184F8D553D5E7012084F8D50300208E
:101CA000F8BD000010B586B0044614216846FEF762
:101CB000D3FA17492068884227D1164C00202168A2
:101CC00041F002012160216801F0020105914FF409
:101CD000404100910221CDE90110032003900C2026
:101CE000049069460C48FFF721FD206840F0005041
:101CF00020602068002200F00050059011464D2021
:101D000000F0A4F94D2000F093F906B010BD0000DA
:101D1000000004403038024000040240D0F8DC03E8
:101D200003F0C0BDD0F8DC0303F0C3BD006805F0CC
:101D3000F2BAD0F8DC0303F06EBD10B5044690F89B
:101D4000D40301280DD0012084F8D4030121206898
:101D500004F0A2FF206804F0B5FF002084F8D4034B
:101D600010BD022010BD10B5044690F8D403012820
:101D700009D0012084F8D403206805F013FB00206B
:101D800084F8D40310BD022010BD000070B504001B
:101D900025D094F83D00002520B984F83C50204619
:101DA00000F0B8F8242084F83D002068016821F094
:101DB000010101602068016841F400410160206870
:101DC000016821F40041016000F0AAFA4D4A6168FF
:101DD000914201D84C4900E04C49884201D201208F
:101DE00070BD4B492368B0FBF1F15E6826F03F06F9
:101DF0000E435E606368934206D94FF4967359436D
:101E00004FF47A73B1FBF3F12368491C1E6A26F084
:101E10003F06314319626168914210D84900401E63
:101E2000B0FBF1F2521CC2F30B02042A01D20420CF
:101E300022E0B0FBF1F0401CC0F30B001CE0A268F4
:101E4000F2B301EBC10303EB0116431EB3FBF6F340
:101E50005B1C43F480431B0549D092B301EBC102E4
:101E600002EB0111401EB0FBF1F0401CC0F30B006F
:101E700040F4804040F400402168CA694CF6FF738A
:101E80009A431043C861D4E90710014320680268EF
:101E900022F0C00211430160D4E90301014320682C
:101EA000826848F2FF339A4311438160D4E9050107
:101EB00008432168CA6822F0FF021043C86001E0AD
:101EC0000EE016E02068016841F001010160256420
:101ED000202084F83D00256384F83E50002070BD2A
:101EE00001EB4106431EB3FBF6F35B1CB3E7012095
:101EF000C2E701EB4101401EB0FBF1F0401CC0F312
:101F00000B00B7E7A086010080841E0000093D0099
:101F100040420F0010B586B0044614216846FEF713
:101F20009BF913492068884220D112480021026899
:101F300042F002020260006800F002000590C0203A
:101F400000901220CDE901010320039004200490A9
:101F500069460948FFF7EAFB06481030016841F47A
:101F600000110160006800F40010059006B010BD7B
:101F700000540040303802400004024002488168AA
:101F80000278114481607047240000200B4810B58E
:101F9000016841F400710160016841F480610160F1
:101FA000016841F480710160032000F06FF80F2098
:101FB00000F006F800F024F8002010BD003C0240BC
:101FC00070B50D4D04464FF47A712878B1FBF0F0EE
:101FD0000A490968B1FBF0F001F08AF848B9102C01
:101FE00007D200222146501E00F030F800206C601D
:101FF00070BD012070BD00002400002030000020D2
:102000000A4808B5016841F480410160006800F4A5
:10201000804000900548001F016841F08051016038
:10202000006800F08050009008BD00004438024075
:10203000002809DB00F01F020121914040098000C7
:1020400000F1E020C0F8001170470000F0B40E4B22
:102050001B680C46C3F30223C3F10705042D00D906
:102060000425191D072901D2002300E0DB1E0126EB
:1020700006FA05F1491E214099409E40761E164001
:102080003143F0BC05F01CBA0CED00E0064900F04D
:10209000070208684FF6FF03184040EA0220034A8F
:1020A00010430860704700000CED00E00000FA05E6
:1020B0002DE9F843054600684FF00109C1074FF0CC
:1020C000000601D1400727D5DFF80C81C8F8686009
:1020D000FFF732FC0746414C05E000BFFFF72CFC40
:1020E000C01B022857D820680001F7D46868810116
:1020F000287A41EA0070394984310860C8F868904C
:10210000FFF71AFC074604E0FFF716FCC01B022885
:1021100041D820680001F7D52878800752D52F488C
:102120004030016841F08051016000682C4C00F0A3
:1021300080500090206840F480702060FFF7FCFB26
:10214000074604E0FFF7F8FBC01B022823D82068ED
:10215000C005F7D5214C7034206810F4407020D0B1
:10216000A98901F4407181421BD020681D4920F4E7
:102170004070C1F800900E6020602068C00710D049
:10218000FFF7DAFB064641F2883707E0FFF7D4FB9A
:10219000801BB84202D90320BDE8F883206880077D
:1021A000F4D5E9680D48C1F301220830032A0BD0A9
:1021B000016821F4F81101602068A989C1F30B01BD
:1021C000084320600020E7E70268074B22F4F8127A
:1021D00019400A430260EFE700004742003802401E
:1021E00000700040400E4742FFFCFF0F2DE9F04712
:1021F0000E46050065D0DFF81481D8F80000F7B26C
:1022000000F00700B04207D288F80070D8F800004C
:1022100000F00700B04254D128683D4C810712D528
:10222000400703D5206840F4E0502060287800077C
:1022300003D5206840F4604020602068A96820F041
:10224000F000084320602878C0072DD03049686826
:102250000839012812D0022813D0032811D00968A8
:10226000890700292DDA216821F00301014321604B
:10227000FFF762FB814641F2883A0EE00968890364
:10228000EFE709688901ECE7FFF756FBA0EB0901CE
:10229000514502D90320BDE8F0872068696800F045
:1022A0000C00B0EB810FEFD1D8F80010404601F0E0
:1022B0000701B14207D90770006800F00700B0427B
:1022C00001D00120E7E72878400705D52068E968B4
:1022D00020F4E050084320602878000706D52068E5
:1022E000296920F4604040EAC100206000F038F81D
:1022F0002168084AC1F30311515CC84006490860CF
:1023000006480068FFF75CFE0020C4E7003C02407E
:1023100008380240A697000830000020280000205E
:102320000448054900680968044AC1F38221515CE8
:10233000C84070473000002008380240B6970008B7
:102340000448054900680968044AC1F34231515CF8
:10235000C84070473000002008380240B697000897
:10236000154810B5006810F00C02144813D0411045
:10237000042A0FD0082A0ED10F4C241F226823688C
:1023800002F03F025B0207D52068C0F38810A0FB73
:10239000010106E0084610BD2168C1F38811A1FBC8
:1023A00000010023FDF70CFF2168C1F30141491C26
:1023B0004900B0FBF1F010BD083802400024F400E1
:1023C0002DE9F84F04006ED02078DFF84C93C00759
:1023D000A9F104054AD009F104000168C1F38101A3
:1023E000012908D00068C0F3810002280AD1D9F879
:1023F0000000400206D52868800337D560680028B1
:10240000E1D033E06068B0F5803F10D0B0F5A02F88
:10241000286810D020F480302860286820F48020BC
:1024200028606068A8B1FFF787FA06460DE02868C3
:1024300040F48030F4E740F480202860F7E700BFE4
:10244000FFF77AFA801B642873D828688003F7D5D1
:102450000CE0FFF771FA064605E000BFFFF76CFAE3
:10246000801B6428F0D828688003F7D42078DFF830
:10247000AC8280074FF0000A3ED5A748001D0168D6
:1024800011F00C0F08D00068C0F3810002280BD1B6
:10249000D9F80000400207D42868800716D5E06804
:1024A000012800D112E033E1E068B8B10120C8F89A
:1024B0000000FFF741FA064605E000BFFFF73CFACF
:1024C000801B0228C0D828688007F7D528682169B2
:1024D00020F0F80040EAC10028600DE0C8F800A034
:1024E000FFF72AFA064604E0FFF726FA801B0228C7
:1024F0001FD828688007F7D42078000722D5864F98
:1025000087486169703771B101210160FFF714FAE2
:10251000064604E0FFF710FA801B022809D8386845
:102520008007F7D50EE0C0F800A0FFF705FA0646D1
:1025300005E082E0FFF700FA801B02287DD83868AA
:102540008007F7D42078400768D5DFF8CCB10027A2
:102550000BF13C0BDBF80000C0000BD4DBF80010E3
:1025600041F08051CBF80010DBF80000012700F0AB
:10257000805000906B4E3068C00510D4306840F435
:1025800080703060FFF7D8F9009005E0FFF7D4F9CC
:102590000099401A022850D83068C005F6D55E4E22
:1025A000A0686C3601280FD00528306810D020F0C4
:1025B00001003060306820F004003060A068B8B1DD
:1025C000FFF7BAF900900FE0306840F00100F4E73F
:1025D00040F004003060F7E7FFF7AEF90099411AC8
:1025E00041F28830814266D830688007F4D50EE029
:1025F000FFF7A2F9009007E0FFF79EF90099411A52
:1026000041F28830814256D830688007F4D42FB127
:10261000DBF8001021F08051CBF80010A069C8B39E
:102620003D49091D0968C1F3810102294AD00228E8
:10263000504607D0C8F8600000E03CE0FFF77CF9A6
:1026400004463BE04746C8F86000FFF775F90646C8
:1026500005E000BFFFF770F9801B02282BD828681F
:102660008001F7D4D4E907010843A16A2E4A49083A
:1026700002EB0141626A41EA8211084394F82C108E
:1026800040EA0161C9F8001001203866FFF754F9EB
:10269000044606E03EE000BFFFF74EF9001B0228AB
:1026A00009D828688001F7D534E000BFFFF744F966
:1026B000001B022802D90320BDE8F88F286880019A
:1026C000F4D427E00128F7D0D9F80000E26900F43B
:1026D000800191421CD1226A00F03F01914217D142
:1026E00047F6C071626A0140B1EB821F10D1A26A45
:1026F0004FF0FF3300F4403103EB5202B1EB024FD5
:1027000006D194F82C1000F07060B0EB016F01D08E
:102710000120D1E70020CFE7043802400000474203
:10272000800E4742007000400000FFFF00685030FC
:1027300050F8210070470068503040F82120704761
:1027400010B5040002D0607F10B106E0012010BD7A
:1027500000202077204600F041F8022060772068B2
:10276000C168C943C90632D5CA21416221685320D4
:102770004862204601F066FE20BB20688168164A48
:10278000114081602168886862681043D4E904239D
:102790001A43104388602168E06808612068016975
:1027A000228941EA02410161204601F06FFE48B9E9
:1027B00021680A6C22F480220A6421680A6CA369E9
:1027C0001A430A642268FF21516208B110BD00203B
:1027D0000121617710BD0000BFFF8FFF1FB50021F1
:1027E00000910191029103910068084988420CD13F
:1027F00002200090C00103906846FFF759FC08B121
:10280000FDF719FE0249012008601FBD00280040A5
:102810003C0E474270B50446007F0B46012819D094
:102820000126267702206077B2B19878D97840EAFD
:10283000014558781978000240EA41300543216883
:10284000CA204862216853204862204601F0FAFD00
:10285000D0B122E0022070BD5878C10603D500F047
:10286000EF000A305870D87801F0E1FD0204587882
:1028700001F0DDFD42EA0022987801F0D8FD024324
:10288000187842EA4035DAE7074805402068456095
:10289000204601F0FBFD00B966772268FF215162F6
:1028A0000021217770BD00003FFFFF002DE9F041BE
:1028B0000446007F0D46012823D04FF0010884F81C
:1028C0001C80022060772068002780684FEA406003
:1028D000D2B1002800DBEF70A878297840EA0146E1
:1028E0006878E978000240EA815006432168CA20EE
:1028F0004862216853204862204601F0A3FDB8B128
:102900002CE00220BDE8F081002800DBEF70287881
:1029100001F08DFD0204687801F089FD42EA002291
:10292000A87801F084FD0243E87842EA8056DDE7AA
:102930000D480640206806602068816821F48021E7
:102940008160D5E90301084321688A6810438860E3
:10295000204601F09BFD08B984F81D802268FF2104
:1029600051622777CEE700007F7F7F0070B5044675
:102970000B482168C860FEF7DFFF05464FF47A7602
:1029800007E000BFFEF7D8FF401BB04201D903208B
:1029900070BD2068C0688006F4D5002070BD0000BE
:1029A0005F7F010070477047F0B5426E920F0A706A
:1029B000426EC2F383624A70426EC2F301628A7051
:1029C000426E120CCA70B0F86420120A0A7190F8B4
:1029D00064204A71826E120DCA80826EC2F3034275
:1029E0000A72B0F86820C2F3C0324A72B0F86820A8
:1029F000C2F380328A72B0F86820C2F34032CA72E1
:102A0000B0F86820C2F300320A7300264E73426C9D
:102A10004FF40075012462B1012A3AD00268474997
:102A20009163816B41F08051816380F834400120D3
:102A3000F0BDB0F86820C36E9205120D42EA9372A1
:102A40000A61C26EC2F3C2620A75C26EC2F302624A
:102A50004A75C26EC2F342528A75C26EC2F3824296
:102A6000CA75C26EC2F3C2320A760A69521C426546
:102A70000B7E03F007039B1C9A4042650B7A03F020
:102A80000F0704FA07F383655B0A5A43C0E9172569
:102A90000EE090F86820C36E9206920A42EA134252
:102AA0000A610A69521C92024265C0E91652056623
:102AB00030F86C2FC2F3803201F8192F0288C2F36C
:102AC000C6124A70027802F07F028A704268D20F02
:102AD000CA704268C2F341720A714268C2F38262EC
:102AE0004A714268C2F383528A714268C2F340520B
:102AF000CA710E724268C2F300424A728288C2F3FF
:102B0000C0328A728288C2F38032CA728288C2F36B
:102B100040320A738288C2F300324A738288C2F359
:102B200081228A738288C2F30122CA730079C0F3BA
:102B3000460008744C740020F0BD0000FF05400002
:102B400070B50446B0F8500000250104206801F07B
:102B5000C0FD18B1A16B0143A16304E0002120680E
:102B600001F0ADFC0546C5F3432070BDF8B5056B1B
:102B700004460068416B09041BD5290719D5D4E91F
:102B80000A56002E14D00027206801F0B7FC05F883
:102B9000010B010A05F8011B010C05F8021B000ED0
:102BA000361F7F1C05F8010C082FEDD3C4E90A5627
:102BB000F8BD416B4FF00006C9054FF0010744D541
:102BC000390281632068C16B4CF23A329143C16390
:102BD0002068C16A21F00101C16228071DD515F0E6
:102BE000220F09D0206801F0A5FD28B1A16B014397
:102BF000A1632046FFF7D7FE216840F23A50886370
:102C000084F834702663A80703D0204600F0ACF99E
:102C1000F8BD204600F0A9F9F8BD2806FCD5A806A5
:102C200009D5206801F086FD28B1A16B0143A1639D
:102C30002046FFF7B8FEA807EED12068C16A21F050
:102C40000801C16284F83470E3E7416B490424D57C
:102C5000290722D5D4E90856002EDDD05FF0000701
:102C600015F8010B009015F8011B361F40EA0120F2
:102C7000009015F8021B40EA0140009015F8011C75
:102C800040EA016000906946206801F04AFC7F1C20
:102C9000082FE5D3C4E90856F8BD416B40F23A224B
:102CA0001142F9D0416B890703D5A16B41F00201B4
:102CB000A163416B090703D5A16B41F00801A16332
:102CC000416B890603D5A16B41F02001A163416BE3
:102CD000C90603D5A16B41F01001A163416B8905C1
:102CE00003D5A16B41F00801A16340F23A71816301
:102CF0002068C16B40F23A329143C163206801F011
:102D000019FDA16B0843A063280706D584F8347029
:102D100026632046FFF747FEF8BD2806FCD515F0D0
:102D2000300F0CD0E16B11480865E06BFEF7D8FA64
:102D30000028F1D0E06BBDE8F84001F081BEA807A3
:102D40000CD0216C0A480865206CFEF7C9FA0028EF
:102D5000E2D0206CBDE8F84001F050BEA66384F8D4
:102D6000347026632046FFF71DFEF8BD414A000877
:102D7000FD49000870B504000ED094F83400002519
:102D800018B92577204600F04DF8032084F8340068
:102D9000204600F00BF808B1012070BDA563256343
:102DA000012084F83400002070BD0000FEB500252D
:102DB000044676200095CDE901502B462A46294647
:102DC000206801F085FB154E46F8A05F206801F0F1
:102DD00091FB012535600220FEF706FC204601F03C
:102DE000C9FE28B184F83450A16B0143A16313E0FC
:102DF000204601F047FE0028F4D14FF4007120680E
:102E000001F0C8FB002808D0226805499163A16B36
:102E10000143A16384F834500120FEBD00802542A7
:102E2000FF0540002DE9F04F87B0054614216846A4
:102E3000FDF712FA4649286888427DD14548006866
:102E4000444940F400600860086800F400600590A0
:102E50004048143800683F4940F0040014390860C5
:102E6000086800F004000590086840F00800086059
:102E70000868022400F0080005904FF48850CDE95E
:102E8000000402AA002003264FF00C0882E841014A
:102E900069463148FEF74AFC02AA002082E8410157
:102EA0000427CDE9007469462C48FEF73FFC2D4C01
:102EB0002B484FF00068C4E9000800204FF48069F7
:102EC000A060C4E90309B8024FF4804BC4E9050BC4
:102ED000C4E909764FF0200A0020C4E907A07E0566
:102EE000B7102046C4E90B67FEF7DCFA08B1FDF71E
:102EF000A2FA2C64A5631B4C194860344830C4E91D
:102F000000084020A0600020C4E90309C4E907A02C
:102F10000420606204F12802032082E8C1004FF41B
:102F20008051C4E9051B2046FEF7BCFA08B1FDF745
:102F300082FAEC63002200E007E011463120A5632D
:102F4000FFF784F83120FFF773F807B0BDE8F08F82
:102F5000002C01404438024000080240000C0240AE
:102F600058640240880200207047704770B5040022
:102F700009D0606A002540B125616561A56294F8B9
:102F8000510040B10CE0012070BD6068B0F5827F57
:102F9000F4D0E561F2E784F85050204600F044F8A0
:102FA000022084F851002068016821F0400101608E
:102FB000A088218900F4827001F404410843A189AA
:102FC00001F400610843217C01F002010843217DE6
:102FD00001F001010843218B01F400710843217FB6
:102FE00001F03801084394F8201001F080010843F3
:102FF000218D01F40051084321680860A069042173
:1030000001EA104094F8241001F0100108432168EF
:1030100048602068C16921F40061C16165650120D3
:1030200084F85100002070BD10B586B0044614210C
:103030006846FDF711F913492068884220D11248EB
:103040000021026842F480520260006800F480505F
:1030500005900D481438026842F0020202600068D0
:1030600000F002000590382000900220CDE9010117
:10307000032003900520049069460448FEF756FBA0
:1030800006B010BD00300140443802400004024048
:1030900070B515460E46040003D094F8490010B1EF
:1030A00007E0012070BD002084F84800204600F0B1
:1030B0001DF804F108012068FDF700FA3146A26806
:1030C0002068FDF72FFAD4E901022946236BFDF7AA
:1030D000D7F92168A06851F8202042F0010241F898
:1030E0002020012084F84900002070BDFEF78EBA30
:1030F00010B5401EB0F1807F01D3012010BD4FF00C
:10310000E02460610F21601704F0DAF90020A0616B
:1031100007202061002010BD70477047F8B5016896
:1031200004460868CA684B6910F00F0F4FF000059D
:1031300059D003F0010602F49077374365D0C107F8
:1031400005D0D10503D5616C41F0010161644107EF
:1031500005D5D90703D0616C41F002016164810794
:1031600005D5D90703D0616C41F004016164010702
:1031700007D502F02001314303D0616C41F0080112
:103180006164616C00293AD0800604D5900602D5AE
:10319000204601F06CFE20684069616CC0F380102D
:1031A000090700D460B3204601F02CFE2068406976
:1031B000400621D52068143050E8001F21F040015E
:1031C00040E80012002AF5D1E06BA8B17249016510
:1031D000E06BFEF785F8002811D0E06B016D01B0BF
:1031E000BDE8F040084783060FD593060DD520466D
:1031F000BDE8F84001F03BBE2046FFF78EFFF8BD6A
:103200002046FFF78AFF6564F8BD266B2023012E58
:103210007ED1C6067CD5D6067AD508684868009067
:1032200048694FF0020640064DD5E26B10684068D1
:103230004FF480770004000C3AD0A18D814237D939
:10324000E085D069B8422DD020680C3050E8001FCE
:1032500021F4807140E80012002AF5D12068143072
:1032600050E8001F21F0010140E80012002AF5D1CA
:103270002068143050E8001F21F0400140E800129F
:10328000002AF5D184F84230256320680C3050E8DC
:10329000001F21F0100140E80012002AF5D1E06B78
:1032A000FDF7D5FF6663A08DE18D401A81B206E07F
:1032B000A18D8142A8D1D069B842A5D166632046CC
:1032C000FFF72AFFF8BDA08DE18D401A81B2E08D95
:1032D0000028F7D00029F5D020680C3050E8002FE6
:1032E00022F4907240E80027002FF5D120681430B6
:1032F00050E8002F22F0010240E80027002FF5D10E
:1033000084F84230256320680C3050E8002F00E03C
:1033100006E022F0100240E80023002BF3D1CDE7B5
:1033200005062BD5150629D594F841002128C9D1C9
:10333000A068B0F5805F01D12069B0B1206A411C5E
:103340002162216800784860E08C401E0004000C77
:10335000E084B7D12068C16821F08001C160206895
:10336000C16841F04001C160F8BD206A0088C0F327
:1033700008004860206A801C2062E5E74006F3D51B
:103380005006F1D5CA68204622F04002CA6084F88F
:10339000413000F021F9F8BD094D000870B5040076
:1033A00004D094F84100002510B106E0012070BD62
:1033B00084F84050204600F023F8242084F841008F
:1033C0002068C16821F40051C160204601F0B0FDC1
:1033D0002068016921F4904101612068416921F070
:1033E0002A0141612068C16841F40051C1606564EF
:1033F000202084F8410084F842006563002070BDFD
:1034000070B586B0064614216846FCF725FF2449AE
:103410003068884242D123480025016841F01001FC
:103420000160006800F0100005901E481438016823
:1034300041F0010101600068694600F0010005905B
:103440004FF4C06000900220019001200290032000
:103450000390072004901448FEF768F9144C1348B1
:1034600020604FF00060C4E901054014C4E9035036
:1034700080106561C4E90650256220466562FEF74A
:1034800011F808B1FCF7D7FFF4630022114625209C
:10349000A663FEF7DBFD2520FEF7CAFD06B070BD72
:1034A00000100140443802400000024040640240E5
:1034B000E804002090F84230202B01D00220704711
:1034C00021B11AB10023036301F0B8BD0120704798
:1034D00010B5084A016891420BD1074C074B21787F
:1034E0004A421944D2B24FF0FF3300F025F80020D1
:1034F000207010BD0010014010000020A00300202B
:1035000070B50A4A016891420ED1094C4FF0FF3361
:103510002178C1F18002D5B2064A11442A4600F052
:103520000BF820782844207070BD00000010014086
:1035300010000020A00300202DE9F843044690F875
:103540004100984616460D46202802D00220BDE8CC
:10355000F88385B17EB100206064212084F84100A9
:10356000FEF7EAF9A6848146E684A0682027B0F534
:10357000805F02D003E00120E9E7206910B12E4608
:1035800000250EE000260CE08021204601F0A6FD7B
:10359000A8B9C6B116F8010B21684860E08C401E3E
:1035A000E084E08C4B464FF00002CDF8008000280C
:1035B000EAD14FF04001204601F090FD40B184F87F
:1035C00041700320C3E735F8020BC0F30800E3E7BE
:1035D00084F841700020BAE770472DE9F05F054696
:1035E00000680E46074603F06BFEC6EB0611400767
:1035F0004FF007084FF0040905EB810401D5484658
:1036000033E03146286803F05BFEC0054FF0080A3E
:1036100008D507EB46114FF48070C1F8080584F80F
:103620004DA028E03146286803F04AFE000705D582
:1036300007EB4611C1F808A506200CE031462868C2
:1036400003F03EFE400509D507EB46114FF48060BC
:10365000C1F80805092084F84D000CE031462868BF
:1036600003F02EFE00060AD5802007EB4611C1F8B4
:10367000080584F84D803146286803F072FB314616
:10368000286803F01DFE80052868314604D503F044
:1036900068FB4FF4007059E103F012FEC0074FF0D1
:1036A000200B4FF0010A4FF000084ED007EB4617F1
:1036B000C7F808B5E07E012807D184F81B80D7F849
:1036C000040520F48030C7F80405A87930B1206BD8
:1036D000D7F81015C1F31201401AA06384F84DA069
:1036E000C4F844805246C7F808A594F8260030B1C3
:1036F000022804D003280AD0012808D013E031465C
:10370000286803F02EFB1020C7F808050BE0D7F857
:10371000000540F00050C7F8000584F84C20314601
:103720002846FEF796F9A879012807D1208DA16BCC
:103730000144491EB1FBF0F0C00704D014F83C0F5F
:1037400080F001002070BDE8F09F3146286803F04A
:10375000B7FD80060CD507EB4611C1F808B5A07E71
:103760000128F0D184F81BA0032084F84D00B4E0B8
:103770003146286803F0A4FD80074FF0050B75D58E
:1037800007EB46100221C0F8081594F84D20012AD5
:1037900016D0062A19D0072A1CD0092A1AD0052AC1
:1037A00033D0032A63D0042A7DD0082A7ED0022A8F
:1037B000C9D094F84C2031462846FEF74AF9C2E7B2
:1037C00084F84D1084F84CA0F3E784F84D1084F889
:1037D0004CB0EEE784F84D10626C521C6264022A11
:1037E00010D9C4F84480A27E4146012A07D1E1766F
:1037F0002177D0F8041521F48031C0F8041584F83D
:103800004C90D6E784F84C1022E084F84D10E27E0C
:10381000012ACED194F82620032AF3D1A26C521C9F
:10382000A264022A11D9C4F8488084F81B80616C14
:10383000032901D284F81CA0D0F8041521F48031AA
:10384000C0F8041584F84C9002E084F84C10B0E7FE
:1038500094F8261009B10229ABD1D0F8001521F057
:10386000804141F00041C0F80015A2E724E084F84F
:103870004D10E27E012A9CD184F84C10D0F804153A
:1038800041F48031C0F80415D0F80C1541F0400126
:10389000C0F80C15D0F80C1521F02001C0F80C155B
:1038A000D6E700E002E084F84D10ABE784F84D1055
:1038B000606C401C6064A2E73146286803F000FD9C
:1038C000400610D507EB46114020C1F8080584F8E2
:1038D0004DB0A07E08B9C4F8448031462868BDE8E0
:1038E000F05F03F03EBA3146286803F0E9FCC006F9
:1038F0007FF565AF94F82600032803D028B102288D
:1039000003D00FE0C4F8448006E0C4F84480A879EE
:1039100010B1E07E012818D184F84D903146286816
:1039200003F01FFAE07E01280FD107EB461084F860
:103930001B80D0F8041521F48031C0F80415D0F8AC
:103940000C1541F02001C0F80C15102007EB4611B2
:10395000C1F80805F7E62DE9F05F054600680F4657
:10396000064603F0ADFCC7EB071140074FF0040A11
:1039700005EB810405D506EB4711C1F808A5072022
:1039800089E03946286803F09BFC80064FF0000868
:103990004FF001094FF0020B28D506EB471120200C
:1039A000C1F80805607E0326012809D184F8198032
:1039B00084F84CB084F84D603946286803F0D1F99A
:1039C000A07E012810D1E07E00280DD194F82600B9
:1039D000012801D084F81B9084F84D60394628688E
:1039E00003F0BFF9C4F84480BDE8F09F3946286869
:1039F00003F066FC800506D506EB47114FF4007016
:103A0000C1F8080549E03946286803F059FCC007A9
:103A100020D0C4F844803946286803F051FC4006A1
:103A200006D506EB471184F819904020C1F8080527
:103A3000E07E48B106EB471084F81B80D0F80415EF
:103A400021F48031C0F8041506EB47114846C1F84F
:103A5000089520E03946286803F032FC40060ED570
:103A6000052084F84D00A07E08B984F81990C4F8A8
:103A700044803946286803F074F9402028E039462C
:103A8000286803F01DFC00070DD506EB4711082040
:103A9000C1F80805062084F84D0039462868BDE8BD
:103AA000F05F03F05EB93946286803F009FCC006F0
:103AB00013D5C4F8448084F84DA0607E18B9207EE8
:103AC00008B984F819903946286803F04AF910209B
:103AD00006EB4711C1F8080586E73946286803F068
:103AE000EFFB000626D5A87970B1606C401C6064BD
:103AF000022811D9C4F84480524684F84CA03946B3
:103B00002846FDF7A6FF13E0072084F84D0039464C
:103B1000286803F026F90BE006EB471084F84CB058
:103B2000D0F8001521F0804141F00041C0F80015A7
:103B30008020CDE73946286803F0C2FB400509D54F
:103B4000092084F84D003946286803F00AF94FF43B
:103B50008060BDE73946286803F0B2FB8007BBD51B
:103B600006EB47125846C2F808B594F84D100129E3
:103B700017D003293AD004293ED005294CD0062974
:103B80004DD0072901D00929A6D184F84D00616CD8
:103B9000491C6164022948D9C4F8448084F84CA0C7
:103BA0004DE084F84D0084F84C9094F826000228EB
:103BB00001D0032843D1A87928B994F83D0080F0BA
:103BC000010084F83D00A879012838D1606B10B35A
:103BD000218D0844401EB0FBF1F0C0072FD094F8AF
:103BE0003D0080F0010084F83D0028E084F84D009D
:103BF000E17E012916D022E084F84D0084F84C00C3
:103C0000E07E01281BD184F81B80D2F8040520F443
:103C10008030C2F8040512E084F84D0002E084F818
:103C20004D00052084F84C0009E084F84C00D2F8DF
:103C3000000520F0804040F00040C2F8000594F8F4
:103C40004C2039462846FDF704FFCDE67CB50468D4
:103C50000546D4F840040190D4F8400420F02E002A
:103C600000900198800709D50198C00702D0284626
:103C7000FDF768FE009840F00200009001980007F0
:103C800024D5009840F008000090019840071AD50C
:103C9000687A022803D0E87901280CD00FE0019857
:103CA000C0F341400228286803D0012103F0ECFA58
:103CB00005E00221FAE74EF66020C4F80404284625
:103CC000FEF730F802E02846FEF728F80198800653
:103CD000009802D540F020000090C4F840047CBD5C
:103CE0002DE9F041024600680646016AC1F34343EC
:103CF00001F00F07C1F30A15022B2ED1002D2CD095
:103D0000C7EB071102EB8104E16A002925D0A26B01
:103D1000636B2A449A4222D82A4603F0DDFAE06A0D
:103D20002844E062A06B2844A06306EB4710D0F85B
:103D30001015228DC1F3C941AA420ED100290CD021
:103D4000D0F8001521F0804141F00041C0F8001585
:103D500014F83C0F80F001002070BDE8F0810420D1
:103D600084F84C00F9E7FEE70E4810B50C490160F5
:103D70001521416000214FF480328160C0E90312B7
:103D80004161017641768176C17601774177FDF711
:103D9000B4F8002803D0BDE81040FCF74CBB10BDC0
:103DA00000640040A00000200E4810B50C490160DE
:103DB0001521416000214FF480328160C0E9031277
:103DC0004161017641768176C17601774177FDF7D1
:103DD00094F8002803D0BDE81040FCF72CBB10BDC0
:103DE00000680040C8000020114808B5016841F48F
:103DF000800101600068002200F4800000901146FC
:103E00003A20FEF723F93A20FEF712F90022114674
:103E10003B20FEF71BF93B20FEF70AF90022114672
:103E20004520FEF713F9BDE808404520FEF700B92C
:103E30003038024010B504490448FCF7FEFA024944
:103E4000491E087010BD00001D000020DC9700080E
:103E50002DE9F04F8FB01C216846FCF7FDF91C21BD
:103E600007A8FCF7F9F92E484FF0040B0024C0E92D
:103E700002B41025C0E904458461C4614FF4805A3E
:103E80000462C0E9094AC46204634463DFF89490A1
:103E900084634FF020484464C0E900890F26CDE9CF
:103EA000004602A90A20112781E8B10000226946D4
:103EB0001B480694FFF7ECF808B1FCF7BCFA184869
:103EC0000621503007AAC0E90214C0E90445846104
:103ED000C4610462C0E9094A4FF48041C0E90B4162
:103EE000446384634464C0E900898DE85008059701
:103EF000CDE90365FF20CDE90646CDE90860084815
:103F0000CDE90C74CDE90A6569465030FFF7C0F879
:103F1000002801D0FCF78FFA0FB0BDE8F08F000049
:103F2000F0000020040100A02DE9F04F87B014211B
:103F30006846FCF791F95E480024016841F00401ED
:103F40000160016801F004010591016841F0200160
:103F50000160016801F020010591016841F08001D4
:103F60000160016801F080010591016841F00101E3
:103F70000160016801F001010591016841F0020151
:103F80000160016801F002010591016841F0400102
:103F90000160016801F040010591016841F01001E4
:103FA0000160016801F010010591016841F008010C
:103FB00001600068012200F008003E4F9502059064
:103FC00029463846FDF7B2FCDFF8ECA000220121BB
:103FD0005046FDF7ABFC012278215046FDF7A6FCC8
:103FE000DFF8D890012203214846FDF79FFCDFF857
:103FF000D0B04FF40048012241465846FDF796FCE8
:104000000095032601250396CDE9015469463846FB
:10401000FDF78CFB59200090CDE9015469465046CC
:104020000394FDF783FB2020CDE90005CDE902468E
:1040300069465046FDF77AFBCDE90065CDE90246B9
:1040400069464846FDF772FB04208DE83100694659
:104050004846FDF76BFBE8028DE8310069463846BB
:10406000FDF764FB2F024FF404100097CDE9010522
:1040700069465846FDF75AFB009769465046CDE918
:104080000145FDF753FBCDF800800396CDE90154BF
:1040900069465846FDF74AFB002211461720FDF7F6
:1040A000D5FF1720FDF7C4FF07B0BDE8F08F000073
:1040B0003038024000140240000002400004024078
:1040C000001802400D4810B50B4901600C494160D1
:1040D00000214FF480428160C0E903124161816197
:1040E000C1610162FDF752FE002803D0BDE8104017
:1040F000FCF7A1B910BD0000005400409001002061
:10410000A086010070B586B014216846FCF7A4F8BB
:104110002348002421490594C0E900147F218160CF
:10412000FF21C0E9031444618461FEF709FB08B173
:10413000FCF781F900211A48FEF7F8FA46F26666A4
:10414000B04228D009258DF8005035208DF80100A7
:104150008DF8024003940122694611480494FEF749
:10416000A5FB08B1FCF767F906208DF814008DF85F
:10417000155026208DF816008DF81740012205A94C
:104180000748FEF747FB08B1FCF755F93246012115
:104190000348FEF7D0FA06B070BD000000280040CA
:1041A000E40100200B4810B509490160002141607D
:1041B0008160C1600161416104218161FEF7DAFD26
:1041C000002803D0BDE81040FCF735B910BD000051
:1041D000002C0140040200200F4810B50D49016079
:1041E0004FF48271416000218160C1604FF4007220
:1041F0000161C0E90512C1610162416281620A2167
:10420000C162FEF7B3FE002803D0BDE81040FCF702
:1042100012B910BD00300140480300200C4810B511
:104220000A4901604FF4E1314160002181600C22B4
:10423000C160C0E904128161C161FFF7AFF80028D5
:1042400003D0BDE81040FCF7F6B810BD00100140E7
:10425000A004002010B500220B490C4801F065FABB
:1042600008B1FCF7E8F80A49084802F0B3FB08B1C6
:10427000FCF7E1F8054802F0F0FB002803D0BDE8A8
:104280001040FCF7D8B810BD716A0008A40F0020D8
:1042900040000020014802F07FBA0000A40F002077
:1042A000FEE7000008B501221749184804F0CEF9CE
:1042B000010027D00D2901D015A01AE01FA003F09E
:1042C000EFF84FF400600090264B002202210E48C8
:1042D00003F016FF010001D023A00AE02CA003F098
:1042E000DFF801220849094804F0B0F9010004D0C0
:1042F00031A0BDE8084003F0D3B838A0BDE80840BD
:1043000003F0CEB83EA0F9E71D000020480D0020C4
:10431000E58F91E7949FE585B6E4BB96E99499E82B
:10432000AFAFEFBC8CE99499E8AFAFE4BBA3E7A0D3
:1043300081203D2025640D0A000000000D0AE6B230
:10434000A1E69C89E69687E4BBB6E7B3BBE7BB9FD3
:104350002CE5BC80E5A78BE6A0BCE5BC8FE58C9680
:104360000D0A000048050020E6A0BCE5BC8FE58CE6
:1043700096E5A4B1E8B4A5EFBC8CE99499E8AFAF99
:10438000E4BBA3E7A081203D2025640D0A000000C6
:10439000E6A0BCE5BC8FE58C96E68890E58A9FEFA9
:1043A000BC8CE5BC80E5A78BE9878DE696B0E68CF2
:1043B00082E8BDBD5C720A00E58F91E7949FE994A5
:1043C00099E8AFAFEFBC8CE99499E8AFAFE4BBA339
:1043D000E7A081203D2025640D0A00002A2A2A201A
:1043E000E69687E4BBB6E7B3BBE7BB9FE68C82E803
:1043F000BDBDE68890E58A9F202A2A2A0D0A000082
:10440000E69687E4BBB6E7B3BBE7BB9FE68C82E8E2
:10441000BDBDE68890E58A9F0D0A0000FEE700001A
:104420000148FDF765BB00007C13002070470021A8
:1044300002E00A38C0B2491C0A28FAD2090740EA49
:10444000116070472DE9F041044600680025C168FD
:10445000490618D4C16841F08001C160FDF76CFACB
:1044600006464FF47A78042707E000BFFDF764FAA8
:10447000801B404501D9677701252068C068400648
:1044800001D4002DF2D02846BDE8F08170B5044675
:1044900000680025C16821F08001C1602068806843
:1044A000800606D42046FEF761FA10B1042060773A
:1044B0000125284670BD006800F0030070470844DD
:1044C000406970470148FEF751BB0000040200201C
:1044D00070B50DF1100C11439CE870002343194393
:1044E00029434268314347F6FF639A430A434260D7
:1044F000002070BD0321016000207047D0F88000CB
:1045000070470A688260D1E901231A43D1E9033177
:104510000B43C1681A436FF30B011143C1600020C4
:1045200070470968C0F880100020704710B585B04A
:1045300004463720CDE9001040200290002003906F
:104540004FF48060049069462046FFF7DAFF41F29D
:1045500088323721204600F007F905B010BD000071
:1045600010B504460A4885B001432920CDE9001062
:1045700040200290002003904FF480600490694630
:104580002046FFF7BEFF204600F0A6F905B010BD9B
:104590000000108010B585B004461020CDE9001051
:1045A00040200290002003904FF480600490694600
:1045B0002046FFF7A6FF41F288321021204600F086
:1045C000D3F805B010BD000030B585B00024054615
:1045D000009401944FF480600294CDE90340694651
:1045E0002846FFF78EFF0B484FF4FA510068B0FBE6
:1045F000F1F041F288314843401E03D24FF00040B1
:1046000005B030BD696B0906F6D5C520A863204604
:10461000F6E700003000002010B585B004464FF4E6
:10462000D570009008200190402002900020039057
:104630004FF48060049069462046FFF762FF2046F1
:1046400000F0B0F905B010BD10B585B004460720E4
:10465000CDE9002040200290002003904FF48060BC
:10466000049069462046FFF74CFF41F2883207214B
:10467000204600F079F805B010BD10B585B00446AD
:1046800000210220CDE90010C020CDE902014FF445
:104690008060049069462046FFF733FF204600F013
:1046A000F3F805B010BD10B585B004460920CDE97A
:1046B0000010C0200290002003904FF4806004900E
:1046C00069462046FFF71DFF204600F0DDF805B0E3
:1046D00010BD10B585B004460D20CDE90010402076
:1046E0000290002003904FF48060049069462046B9
:1046F000FFF707FF41F288320D21204600F034F821
:1047000005B010BD30B585B00C460546002103202C
:10471000CDE900104020CDE9020100010490694676
:104720002846FFF7EEFE22460321284600F0F6F861
:1047300005B030BD10B585B0044600210C20CDE990
:1047400000104020CDE90201000104906946204696
:10475000FFF7D7FE034A0C21204600F005F805B00C
:1047600010BD000000E1F505454B10B51B684FF486
:10477000FA54B3FBF4F353435B1E02D24FF00040F4
:1047800010BD426B12F0450FF6D01205F4D4426B07
:10479000520703D504218163084610BD426BD2073E
:1047A00002D00121816305E0C52282630269D2B291
:1047B0008A4201D0012010BD0021FFF780FE31495F
:1047C000084201D1002010BD002802DA4FF000702D
:1047D00010BD410001D5402010BD810001D58020D1
:1047E00010BDC10002D54FF4807010BD010102D58B
:1047F0004FF4007010BD410102D54FF4806010BD30
:10480000C10102D54FF4006010BD010202D54FF482
:10481000805010BD410202D54FF4005010BD8102FE
:1048200002D54FF4804010BDC10202D54FF40040C4
:1048300010BD410302D54FF4003010BD810302D5F5
:104840004FF4802010BDC10302D54FF4002010BDED
:10485000010402D54FF4801010BD410402D54FF47D
:10486000001010BD810402D54FF4800010BD000778
:1048700002D54FF4000010BD4FF4803010BD000091
:104880003000002008E0FFFD12494FF4FA52096899
:10489000B1FBF2F141F288325143491E02D24FF08E
:1048A00000407047426B12F0450FF6D01205F4D469
:1048B000416B490703D50421816308467047416B6A
:1048C000C90703D00121816308467047C521816370
:1048D00000207047300000200F494FF4FA52096859
:1048E000B1FBF2F141F288325143491E02D24FF03E
:1048F00000407047426B12F0450FF6D01205F4D419
:10490000416B490703D50421816308467047C521DF
:1049100081630020704700003000002030B5204B3C
:104920004FF4FA541B68B3FBF4F341F28834634349
:104930005B1E02D24FF0004030BD446B14F0450FB7
:10494000F6D02405F4D4436B5B0703D504218163BF
:10495000084630BD436BDB0702D00121816303E0D1
:104960000369DBB28B4201D0012030BDC5218163D8
:104970000021FFF7A4FD10F4604F04D0410406D5D8
:104980004FF4005030BD000C1080002030BD0004FA
:1049900002D54FF4805030BD4FF4803030BD000060
:1049A0003000002014494FF4FA520968B1FBF2F1CB
:1049B00041F288325143491E02D24FF00040704705
:1049C000426B12F0450FF6D01205F4D4416B490743
:1049D00003D50421816308467047416BC90703D0A2
:1049E0000121816308467047416B490601D540218A
:1049F00081630020704700003000002010B5846BF8
:104A000040F23A50216888632046FEF799F8012168
:104A100084F8341000212163062801D0052805D12F
:104A20002068FFF787FEA16B0843A063A06B0028F6
:104A3000204602D0FDF7B7FF10BDFDF7B3FF10BD54
:104A400010B5846B40F23A50216888632046FEF727
:104A500077F8012184F8341000212163062801D061
:104A6000052805D12068FFF765FEA16B0843A06308
:104A7000A06B0028204602D0FDF795FF10BDFDF782
:104A800091FF10BD10B590B004460120ADF838007C
:104A90002068FFF710FD002854D0606C032842D036
:104AA0002068FFF7EAFD00284AD100212068FFF7BF
:104AB00006FD606704212068FFF701FDA06708215B
:104AC0002068FFF7FCFCE0670C212068FFF7F7FC8B
:104AD000C4F88000606C032825D00EA92068FFF779
:104AE00011FE00282CD1606C03281CD0BDF83800C2
:104AF000206501042068FFF7D6FD002820D10021A1
:104B00002068FFF7DCFC606604212068FFF7D7FC13
:104B1000A06608212068FFF7D2FCE0660C2120681F
:104B2000FFF7CDFC206704212068FFF7C8FC000DCB
:104B3000E06403A92046FDF737FF30B14FF0805005
:104B400010B010BD4FF08060FAE7B4F850000023B9
:104B500002042068FFF778FD0028F1D104F110006D
:104B600007C88DE8070094E80F00FFF7B1FC0020AC
:104B7000E6E700002DE9F84F00260446009635468A
:104B8000B0460068FFF720FD002827D12068FFF716
:104B900043FD4FF0805B4FF001094FF6FF7748B1BE
:104BA000A6642068FFF710FD002817D1A06C01282B
:104BB00002D020E0C4F8489000212068FFF7B6FC3E
:104BC00058B918E000212068FFF7B0FC002805D193
:104BD00051462068FFF7C4FC10B15846BDE8F88F75
:104BE00000212068FFF76BFC05464FEAD07800985B
:104BF000401C009002E0DFF82CA00098B84202D2DE
:104C0000B8F1000FDED00098B84202D34FF08070A8
:104C1000E4E7680002D5C4F8449000E06664002030
:104C2000DCE70000000010C17047000010B5FDF780
:104C3000A5F908490868401C0860B0F57A7F07D3D9
:104C400000200860BDE8104008210348FCF766BE5C
:104C500010BD0000140000200000024030B593B0E9
:104C600030216846FBF7F8FA14210CA8FBF7F4FA98
:104C70001F480025016841F080510160006800F084
:104C8000805011901B48016841F480410160006828
:104C9000022400F480401190052000904FF48030F1
:104CA0000190012002908005CDE906400420089083
:104CB000A820CDE9090407200B906846FDF780FB8A
:104CC00008B172B6FEE70CA90F2081E831004FF45D
:104CD000A0500F904FF48050109005210CA8FDF7C4
:104CE00085FA002801D072B6FEE713B030BD00008F
:104CF00040380240007000400248016841F47001F1
:104D00000160704788ED00E010B5806B0021C1851F
:104D1000FEF703FA10BD70B5846B2068406994F803
:104D20004110C0F3C0100025212904D118B1E58439
:104D3000204600F08EF82068406994F84210C0F3D5
:104D40008010222904D118B1E585204600F05AF8D8
:104D5000606C40F0100060642046FEF7DEF970BD24
:104D600010B50146806B096809684FF00002C9055B
:104D70002ED4C28501680C3151E8003F23F48073C2
:104D800041E80034002CF5D10168143151E8003FAE
:104D900023F0010341E80034002CF5D101681431FF
:104DA00051E8003F23F0400341E80034002CF5D1E6
:104DB000202180F84210016B012909D101680C31D2
:104DC00051E8003F23F0100341E80034002CF5D1F6
:104DD0004263016B012902D0FEF77AFB10BD818D81
:104DE000FEF79AF910BD10B5806B01214163016B8C
:104DF000012902D0FEF784FB10BD818D4908FEF722
:104E00008BF910BD01680C3151E8002F22F490722B
:104E100041E80023002BF5D10168143151E8002F3F
:104E200022F0010241E80023002BF5D1016B01299A
:104E300009D101680C3151E8002F22F0100241E83D
:104E40000023002BF5D1202180F8421000210163BE
:104E5000704701680C3151E8002F22F0C00241E890
:104E60000023002BF5D1202180F84110704708B5B0
:104E700090F84210222901D0022008BD82684FF428
:104E800080539A4201D1016921B1816A9A421BD0B3
:104E90004AB10AE00268816A5268C2F308020A80D5
:104EA000816A891C08E0026972B10268526802F0E6
:104EB0007F020A70816A491C8162C18D491E090402
:104EC000090CC18503D01BE002685268F1E7016854
:104ED000CA6822F02002CA600168CA6822F480729F
:104EE000CA6001684A6922F001024A61202180F803
:104EF000421000214163026B012A03D0FEF7E8FA59
:104F0000002008BD016301680C3151E8002F22F038
:104F1000100241E80023002BF5D101680A68D2068F
:104F200002D50A6849680091818DFEF7F5F8E7E738
:104F300070B5044600680169E26821F440511143EC
:104F400001612169A068E26908436169114308436E
:104F50002168CA6849F20C639A430243CA60206818
:104F60004169A26921F440711143416131492068CE
:104F7000884202D03049884202D1FDF7E1F901E0D0
:104F8000FDF7CEF9E2690023192164253226B2F536
:104F9000004F626828D0A0FB0101930F9200FBF73D
:104FA0000FF90146B0FBF5F06FF01802504301EB2A
:104FB000800006EB0010B0FBF5F000F0F002B1FB52
:104FC000F5F002EB0012B1FBF5F06FF01803584357
:104FD00001EB800006EB0010B0FBF5F000F00F00D5
:104FE00021681044886070BDA0FB010192185B41EC
:104FF000FBF7E6F80146B0FBF5F00201B1FBF5F076
:105000006FF01803584301EB800006EBC000B0FBC3
:10501000F5F000F0F80002EB4002B1FBF5F0584368
:1050200001EB800006EBC000B0FBF5F000F00700DC
:10503000D6E70000001001400014014038B581623D
:1050400004468285002013466064222284F84220B0
:10505000E56B1F4AEA63E56B1E4A2A64E56B1E4A4C
:10506000EA64E26B10650A462168E06B091DFCF7F3
:1050700083FA30B110206064202084F842000120BF
:1050800038BD2068016840680090206948B12068F8
:105090000C3050E8001F41F4807140E80012002AF3
:1050A000F5D12068143050E8001F41F0010140E8BC
:1050B0000012002AF5D12068143050E8001F41F09A
:1050C000400140E80012002AF5D1002038BD000060
:1050D000614D0008E74D0008174D00082DE9F84321
:1050E000984617460D460446089E24E0701C22D0C0
:1050F000FCF722FCA0EB0800B0421AD8CEB1206821
:10510000C168490717D5802D15D0402D13D00168EF
:10511000C94309070FD40168002540680090204664
:10512000FFF770FE0820606484F840500120BDE85D
:10513000F8830320FBE72068006835EA000004D00C
:105140000020B842D2D00020F1E70120F9E70000AA
:1051500010B50448FDF7E2FFBDE81040014802F039
:105160007BB90000A004002010B500224FF6FF73A9
:1051700000EB8204B4F8844324040BD49A4207D091
:1051800002F00F0300EB830041F40041C0F88413E8
:10519000D0B210BD521CD2B2102AE9D31A46F7E79A
:1051A0007FB51C46012501AE0023009586E80E0060
:1051B00002232A46214600F0ADFB04B0002070BD5A
:1051C0007FB51D4690F81D33089C03B100240123D0
:1051D000CDE90031CDE9022402230022294600F066
:1051E00099FB04B0002070BD10B500F0BDFA00209E
:1051F00010BD8278012A07D1022202740122427472
:10520000002242828182C2820022114600F00FB841
:105210007FB51C46012501AE0023009586E80E00EF
:105220002A46214600F076FB04B0002070BD70B520
:1052300004460120A3780546012B0BD0022B08D190
:10524000204600F0F2F858B1032809D0022800D116
:10525000A57070BDA160A28125760221A17070BDEC
:10526000A5700021217670BD7FB51D4690F81D33D5
:10527000089C03B100240123CDE90031CDE90224CB
:1052800000231A46294600F045FB04B0002070BDFB
:105290001FB500231446CDE900310822CDE90223D1
:1052A0001A46214600F036FB04B0002010BDFCF782
:1052B0009BB9000070B50546002005F54E7500BF8E
:1052C00000EB800404EBC00405EB4404E67B0A34E5
:1052D0008E4201D0FF2909D1A679964201D0FF2A3A
:1052E00004D1E4799C4206D0FF2B04D0401CC0B20C
:1052F0000228E5D3FF2070BD102907D200EB810002
:10530000B0F88413C1F30E01C0F884130020704775
:1053100030B48578029C012D0FD141F080010174D9
:105320000621417403214282B1EB122F02D140F2D7
:10533000094100E000218182C482224630BC194626
:10534000FFF775BF0A8803781A440A800178084479
:105350007047F8B50D46064600F11C04B1F5807F94
:1053600001D90320F8BD23464FF4007200213046D6
:105370000095FFF7CDFF0028F4D12A46214630469C
:10538000BDE8F84001F0D1B8F8B50C460546B1F5D6
:10539000007F01D90320F8BD05F58E731E464FF43A
:1053A0008072002128460094FFF7B2FF0028F2D156
:1053B000224631462846BDE8F84001F055B9F8B517
:1053C0001C461646B3F5007F17D8B6B141F44072BB
:1053D00000F58E731D4600210094FFF799FF002809
:1053E0000CD16978032909D129788A1EA24200D8F4
:1053F00014460021A2B2AD1C06E00320F8BD6B5C90
:10540000891C06F8013B89B29142F8D30021317022
:10541000F8BD01004FF0000004D0012901D002299D
:1054200001D002207047012070472DE9F84F012577
:10543000017E04460B26092728464FF007084FF047
:10544000050A4FF00D090C2919D2DFE801F0B50665
:105450000E26313A465E697A879B627904F1100123
:105460002046FFF715FF022012E06179204600F088
:10547000CEF9012804D004286FD002286DD09BE01B
:10548000207CE18A00F0800021B1802838D10320FF
:10549000207691E0802871D02CE0D4F8C403E0811C
:1054A0002379A2892046A168FFF7B2FE0420EFE726
:1054B0002179204600F0ABF901285FD005283ED0C5
:1054C00054E000906379A2892046A168FFF7CCFEE2
:1054D000D4F8C403E0810620DAE76179204600F0C1
:1054E00096F9012806D0052807D0022808D00428FC
:1054F00009D061E084F818805EE00C2020761EE080
:1055000084F818A058E0267655E000222379114649
:105510002046FFF77DFED4F8C403E0810820B7E7FA
:105520002179204600F073F9012804D0042827D0FF
:10553000052804D040E084F8189000253CE00325BD
:105540003AE000900022637911462046FFF78CFE76
:10555000D4F8C403E0810A209AE711E0617920467B
:1055600000F055F9012804D0022807D0042807D0FC
:1055700022E0002584F818901EE0FFE727761BE064
:10558000267619E0617E491CC9B26176022902D8EB
:105590002076A07010E0D4F8D4230621204690474E
:1055A0000025657661792046FFF7A6FE2179204621
:1055B000FFF7A2FE257002252846BDE8F88F0000FF
:1055C0002DE9FE4304460126407800250D27B0460C
:1055D00004F58E7208280CD2DFE800F0042A3C683B
:1055E0006F86929908212046FFF7CEFE10B103285E
:1055F0000DD097E094F82D03A07184F8018094F801
:105600001D130091CDE9015094F81C3338E094F853
:105610001E03401CC0B284F81E03032818D8617909
:105620002046FFF769FE21792046FFF765FE59E025
:1056300012212046FFF7A8FEA8BB022047E000BFCA
:1056400094F81E03401CC0B284F81E03032840D9FE
:10565000277067E00121204601F0D5F910B1032839
:1056600022D05FE00220FFF722FE84F81C83032093
:105670006070A07994F81D13CDE90015434602909F
:1056800021798022204600F046FFA07994F81D136E
:105690000091CDE9015094F81C3361790022204635
:1056A00000F039FF3EE00EE027702EE00921204691
:1056B000FFF74FFE38B9042009E0B4F83A1320464A
:1056C000FFF747FE10B10328BAD02BE00520607029
:1056D00028E061792046FFF70FFE21792046FFF789
:1056E0000BFE657025701DE094F8341306250AE062
:1056F000FF232046FFF763FE38B1032805D011E0F1
:1057000094F8351307250029F2D165700AE094F862
:10571000361331B1FF232046FFF751FE08B10328AD
:1057200000D100263046BDE8FE8370B50E46040069
:1057300018D084F8CC230025C4F87C53C4F88053D7
:1057400004F54874FAF736FEE57025706570A570AB
:10575000A4F548740EB1C4F8D463204600F06AF88A
:10576000002070BD022070BD10B5D0F8D003FCF74A
:1057700010F9BDE81040FFF74CBE012180F820135E
:10578000002180F8211380F822130846704710B5D5
:105790000446012084F82103002084F8200384F8C3
:1057A0002303204600F0ADF821792046FFF7A4FD41
:1057B00061792046FFF7A0FD002010BD10B5C8207C
:1057C000FBF712FF002010BDD0F8D003FCF7DBB8C8
:1057D00010B50124D0F8D003FCF7BFF820B10128A0
:1057E00005D0022803D101E0002400E00224204675
:1057F00010BDD0F8D003C1EB011100EB8100C17DD9
:1058000011B190F83C00704790F83D007047D0F817
:10581000D003FCF7B1B8D0F8C413491CC0F8C413C6
:1058200001780B2905D1D0F87C13002901D08969B2
:105830000847704710B5044690F8CC03F0B91048FB
:1058400010490222C0F8DC43C4F8D00301600C21E7
:1058500041710121C1710021817142728172C17255
:1058600081730174FCF7E5F908B1FAF7E4FD044827
:10587000FCF770F80146204600F028F8002010BD23
:105880007C13002000000440FEB508AF97E87000CC
:105890008DE87000D0F8D003FCF78DF8BDE8FE402D
:1058A000FFF7B7BD002180F82313012180F82113F1
:1058B0007047012180F82313704710B5D0F8D0034A
:1058C000FCF734FABDE81040FFF7A3BDC0F8C413DD
:1058D0007047D0F8D003C1EB011100EB8100C17D0E
:1058E00011B180F83C2001E080F83D200020704795
:1058F00010B5D0F8D003FCF720FABDE81040FFF750
:1059000088BD10B5D0F8D003FCF72DFABDE81040E3
:10591000FFF77FBD2DE9FF410DF1280898E8F00061
:105920008DE8F000D0F8D003FCF794F804B0BDE89F
:10593000F041FFF76EBD03460220D3F87C13C9691E
:105940002AB1012A05D189791846FFF752BCC979D5
:10595000FAE77047D0F87C030549C06941650549FD
:105960008165012100F8501F817000207047000000
:1059700055534243504030202DE9F84F0746D0F8A8
:105980007C0301263546C4694FF00B0A4FF00A0B21
:1059900094F850004FF009094FF007080C2845D241
:1059A000DFE800F0D20611252E4852757EA7AFCB56
:1059B00084F86110022084F85000009563791F225A
:1059C00004F1540159E061793846FFF720FF0128BE
:1059D00002D002287ED03FE0E06D002829D094F864
:1059E0006000000601D503204BE0052049E0237943
:1059F00062893846D4F88C10FFF7D2FB042040E0CF
:105A000021793846FFF703FF01284FD16289E06D05
:105A100090420CD9D4F88C10801A1144C4F88C1020
:105A2000E0656BD023793846FFF7BAFB8CE00020A5
:105A3000E06563E00095637922893846D4F88C10DC
:105A4000FFF7BEFB06201CE061793846FFF7DFFE5A
:105A5000012804D00228C8D0052815D074E0228976
:105A6000E06D9042E3D9D4F88C10801A1144C4F848
:105A70008C10E06542D0009563793846FFF7A0FBB3
:105A800062E084F850005FE084F850B05CE0237975
:105A90000D2204F178013846FFF782FB0820F0E779
:105AA00021793846FFF7B3FE012802D005281DD022
:105AB0004AE004F8505F3846A570D7F87C13CC69EB
:105AC0002179FFF781FE0D280CD12149A06F884272
:105AD00008D100E036E0A16DE06F884202D194F871
:105AE000840008B102262FE000262DE084F85090B3
:105AF0002AE000223846FFF71EFF38B984F85080AC
:105B000022E001223846FFF716FF10B1042811D019
:105B10001AE061793846FFF76CFEC0F10100C2B2AD
:105B200061793846FFF7D5FE217900223846FFF724
:105B3000D0FEDBE784F850A006E0384600F015F808
:105B4000060001D184F850503046BDE8F88F0000BF
:105B500055534253A1220274FE2242740022428213
:105B600082820122C282FFF762BB21210174FF21E0
:105B70004174002141828182C1820A46FFF757BBEE
:105B800070B5D0F87C130125CC69A17B21B1022925
:105B900002D003292ED127E02146FFF7DBFF0021A9
:105BA0000546032801D01DB124E02170002504E042
:105BB0002078022801D9022001E02078401C2070C2
:105BC000002002230CE000BF00EB800202EBC002C9
:105BD00004EB8202401C82F8923082F8C110C0B2FD
:105BE00022788242F0D805E00021FFF702FB08B9D5
:105BF000E07BA073284670BD10B50346D0F87C0347
:105C00001446C069A0F8F8101A780B2A01D00220B7
:105C100010BD01EB810202EBC10100EB81013422D6
:105C200020469031FAF7FDFA002010BD70B5054608
:105C3000D0F87C030026C469617939B12846FFF7A2
:105C4000D3FA61792846FFF757FB6671217939B19C
:105C50002846FFF7C9FA21792846FFF74DFB267140
:105C6000D5F87C03C06920B103F02AFAD5F87C038B
:105C7000C661002070BDFEB50546D0F87C035023F8
:105C8000062201792846FFF715FB0646FF2823D098
:105C9000022E21D20146284600F0AAFEE0B94FF4B8
:105CA0008277384603F08CFBD5F87C130446C86134
:105CB000200011D03946FAF7CFFA06EB860000EB48
:105CC000C60005EB400090F84E130A0606D5E171B8
:105CD000B0F85013618105E00220FEBDA171B0F85B
:105CE0005013218190F856130A0604D5E171B0F8DB
:105CF0005803608103E0A171B0F8580320810020AF
:105D000020736073A073A1792846FFF72DFA6071A4
:105D1000E1792846FFF728FA20712846FFF71AFE96
:105D2000A27942B3208930B395F81D130226009161
:105D3000CDE9016095F81C336179284600F0EBFB52
:105D4000E279C2B16089B0B195F81D130091CDE937
:105D5000016095F81C332179284600F0DCFB21799D
:105D600000222846FFF7B5FD617900222846FFF79B
:105D7000B0FD0020FEBD0320FEBD2DE9F05F07460B
:105D8000D0F87C034FF0010B0026C4695946207BF4
:105D900020B101287AD00A282DD11BE1B4F8F800EF
:105DA0002278904273D200EB800202EBC00004EB39
:105DB0008000884680F89110B4F8F800022500EBC6
:105DC000800101EBC00104EB81024FF0080992F859
:105DD00090104FF0050A09290DD2DFE801F0050CFB
:105DE0001F890DB20C0CF200042082F89000D7F845
:105DF000C403C4F800010FE1C1B238469F3200F07D
:105E000092F940B9B4F8F80000EB800101EBC00052
:105E100004EB8000B7E002287CD09AE0C1B238469B
:105E200000F0BAFA10B1022832D092E0B4F8F800CB
:105E300000EB800101EBC00004EB800090F89210B1
:105E400011B180F8C18001E080F8C160B4F8F810A9
:105E5000032001EB810202EBC10104EB810181F817
:105E60009000B4F8F80000EB800101EBC00004EBF7
:105E7000800080F89160B4F8F80000EB800101EB3D
:105E8000C00004EB800080F89260C5E0C2E09CE0B6
:105E9000B4F8F80000EB800101EBC00004EB8000D7
:105EA00090F89210022902D080F8C18001E080F8B9
:105EB000C160B4F8F81001EB810202EBC10104EB00
:105EC000810181F890A0B4F8F81001EB810202EB97
:105ED000C10104EB810181F89180B4F8F80000EB76
:105EE000800101EBC00004EB800080F8925093E049
:105EF000C1B23846943200F0C6F900288BD1B4F80C
:105F0000F81001EB810202EBC10104EB810181F881
:105F1000908000E00AE0B4F8F80000EB800101EBAB
:105F2000C00004EB800080F8916031E0B4F8F81014
:105F300001EB810202EBC10104EB810181F890A029
:105F40006AE0C1B238469C3200F0DAF920B102288A
:105F500021D004281FD05FE0B4F8F80000EB8001E6
:105F600001EBC00004EB800090F89C10062901D0E2
:105F700002290BD1D7F8C413D4F800218A1A42F2AF
:105F800010718A4202D280F8905045E080F89080EB
:105F900034F8F80F35E0B4F8F81001EB810202EBA9
:105FA000C10104EB810181F89090B4F8F80000EB96
:105FB000800101EBC00004EB800080F891502BE0E1
:105FC000FFE7401CA4F8F80026E0A4F8F8600A20D7
:105FD000207321E0B4F8FA002278904216D2A4F897
:105FE000F80000EB800101EBC00004EB8000D7F863
:105FF000D42390F8910038B106213846904734F800
:10600000FA0F401C208007E00221F6E7A4F8FA60AE
:10601000217301E04FF0000B5846BDE8F09F0000EF
:106020002DE9F843D0F87C2301EB810303EBC10396
:10603000D269012502EB8304082794F890302E469C
:10604000052B22D000224FF00508062B02D0072B8B
:106050002AD10CE0002300921A4600F0CEF80BE0A3
:1060600002280FD018E000BF84F890701BE00023D6
:1060700000921A4600F0B6F90028F1D184F8906039
:10608000002511E084F890800EE004F19C0200F0FD
:1060900037F920B1022807D00428E5D004E004F83D
:1060A000906F0220607002252846BDE8F88300004A
:1060B000F8B50446D0F87C03069D0E46C069A0F8EA
:1060C000F81094F8231361B321780B2929D106EB3A
:1060D000860101EBC60100EB810090F890100129C8
:1060E0001FD1062180F8901031462046009500F01F
:1060F00084F8D4F8C47340F27120454309E000BF2E
:10610000D4F8C403C01BB0EB051F0AD894F82303CE
:1061100038B131462046FFF783FF0128F0D0002038
:10612000F8BD0220F8BD2DE9F0411546D0F87C23DA
:1061300002270026D4694FF0010894F85220012A62
:1061400002D0022A56D126E024208022E06584F87D
:1061500060200A2284F86220C4F86360C4F8676093
:10616000A4F86B60122284F86320490184F864105B
:1061700084F8656084F8666084F8670084F8686075
:10618000022084F8508084F8520004F110000127A6
:10619000C4F88C002EE0FFF7EFFB07002AD1222184
:1061A0002846FAF759F8D4F88C00007800F01F0060
:1061B0006870D4F88C00007840092870D4F88C00FE
:1061C0004078000602D585F8028000E0AE7054F8F1
:1061D0008C0F10228168C5F80310C068C5F807004D
:1061E000216805F10C001031FAF71BF82068006AED
:1061F000C5F81D003846BDE8F0812DE9F04115468F
:1062000002461F46D2F87C330220069EDC6994F8D1
:106210005230012B06D0022B33D1BDE8F04110469D
:10622000FFF7AABB01EB810000EBC10004EB80008B
:106230001021B0F898007043E065802084F8600079
:106240000A2084F8620004F16300FAF705F82820B8
:1062500084F86300280E84F86500280C84F8660032
:10626000280A84F8670084F86850300A84F86A00C5
:1062700084F86B60012004F8500F0220A070012008
:10628000E763BDE8F08170B51646D0F87C230125A0
:10629000D46994F85220012A02D0022A2ED11AE0A1
:1062A0000820E065802084F860000A2084F86200FD
:1062B000102104F16300F9F7CFFF252084F8630073
:1062C000012084F85000022084F8520004F11000EC
:1062D000C4F88C0012E0FFF74FFB05000ED154F814
:1062E0008C0F4188427849BA007862F31F4141EA35
:1062F000006030602068C08840BAB080284670BD19
:1063000070B5154602460E46D2F87C130220CC69C1
:1063100094F85210012917D0022914D131461046A1
:10632000FFF72AFB00280ED154F88C1F897801F062
:106330000F0129702168097B697022683A29527B14
:10634000AA7000D1042070BD0E258020E56584F878
:1063500060000A2084F86200102104F16300F9F75C
:106360007BFF032084F86300700184F86400002040
:1063700084F8650084F8660084F8675084F8680043
:10638000012084F85000022084F8520004F110002B
:10639000C4F88C00012070BD70B502460220D2F80E
:1063A0007C33DC6994F85230012B06D0022B18D1D3
:1063B000BDE870401046FFF7DFBA0025E56584F8B8
:1063C00060500A2084F86200102104F16300F9F79C
:1063D00043FF84F86350012004F8500F0220A0709E
:1063E000012070BD2DE9F041154602461F46D2F846
:1063F0007C330220069EDC6994F85230012B06D0D3
:10640000022B33D1BDE8F0411046FFF7B5BA01EBDE
:10641000810000EBC10004EB80001021B0F898006F
:106420007043E065002084F860000A2084F8620070
:1064300004F16300F9F710FF2A2084F86300280EA6
:1064400084F86500280C84F86600280A84F8670040
:1064500084F86850300A84F86A0084F86B60012080
:1064600004F8500F0220A0700120E763BDE8F0811E
:1064700000207047D0F87C23D269A2F8F810007889
:106480000B2808D101EB810000EBC10002EB80007A
:1064900090F8910008B1002070470120704700007B
:1064A000F8B50446D0F87C03069D0E46C069A0F8F6
:1064B000F81094F8231361B321780B2929D106EB46
:1064C000860101EBC60100EB810090F890100129D4
:1064D0001FD1072180F89010314620460095FFF724
:1064E00081FFD4F8C47340F27120454309E000BF36
:1064F000D4F8C403C01BB0EB051F0AD894F82303DB
:1065000038B131462046FFF78BFD0128F0D000203E
:10651000F8BD0220F8BDFEB508AF97E870008DE821
:106520007000FFF7B1F90020FEBD2DE9FC5F4FF0D0
:10653000000B824600F54E76D846F9B1087809235B
:106540000C46092800D023700878307048787070A5
:106550004888FF2801D94FF4807070800879307125
:10656000487970718879B071C879F071207A307289
:10657000092A77D99946ADF800305CE00220BDE8E1
:10658000FC9F69462046FEF7DDFE0446407804285D
:106590004ED12078092801D084F8009008EB8801BA
:1065A00001EBC80006EB40050195207805F80A0FBD
:1065B00060786870A078A870E078E8702079287119
:1065C00060796871A079A871E079E871207A287201
:1065D00000271EE069462046FEF7B4FE04464078D8
:1065E000052814D16879012804D1A87902282FD070
:1065F00003282DD0072020700198224600EBC70108
:106600005046143100F06DF87F1C8346FFB2022F14
:1066100007D22879B84204D97188BDF800008142B8
:10662000D8D82879B84211D808F1010000F0FF0845
:10663000B8F1020F04D27088BDF800108842A0D8CB
:106640003079022800D3022040450BD9032096E779
:10665000E8790028D0D120780928CDD084F800909E
:10666000CAE7FFE758468AE770B500F226330025EF
:1066700041B30C781C704C785C704C885C800C7951
:106680001C714C795C718C799C71CC79DC7190F8BF
:106690001D030826C0B1012816D002281DD00325ED
:1066A000082A0DD9088918814889588188899881D4
:1066B000887B9873C87BD873087C1874487C58749E
:1066C000284670BD022070BD082CE9D0102CE7D000
:1066D000202CE5D0402C02D1E2E7082CE0D0DE717E
:1066E000DEE7F0B513780B7053784B7093788B70AE
:1066F000D478CC70938805468B80002092794FF433
:1067000080668A7177101BB1B34201D8BB4200D9B1
:10671000032095F81D1321B101291AD002292DD08B
:106720000DE004F00301022907D0A50709D00129D3
:106730000AD0E143890707D001E0BB4200D903201A
:10674000F0BD402BFBD8F0BD002AF8D0102AF6D8B7
:10675000F0BD04F003010229F3D0A507F1D001290F
:1067600007D0E1438907EAD1002AE8D0B342E6D254
:10677000F0BD002AE3D0102AE3D9E0E7A10707D053
:10678000E1438907DBD1002AD9D0082BD7D8F0BD47
:10679000082BD4D1F0BD0000FEB5022104468DF8CF
:1067A000001094F821230020012A01D10322227035
:1067B00022780D26082700250C2A17D2DFE802F0E0
:1067C000061734E81669CC7C848CA2E194F8200387
:1067D00000280BD001202070C820FEF768FD20465D
:1067E000FFF76BF884F81C53C4F8C853EAE094F838
:1067F000230301280DD0D4F8C803B0F57A7F0CD953
:1068000094F81F03401CC0B284F81F03032878D8F3
:1068100075E084F81F532170D4E00A30C4F8C8032F
:106820000A20FEF744FDCDE0D4F8D42312B10421B0
:10683000204690476420FEF73AFD2046FEF7C8FF49
:1068400084F81D030520207000212046FEF78CFCF3
:10685000607180212046FEF787FC20710146A079F7
:1068600094F81D230092CDE9015094F81C33802246
:106870002046FFF750FEA07994F81D130091CDE952
:10688000015094F81C33617900222046FFF743FE43
:1068900098E02046FEF794FE8DF800009DF8000079
:1068A000002808D184F8245394F83703012801D034
:1068B000072062E0277085E0D4F8D423002A46D070
:1068C000012120469047F5E794F83D13204600F05B
:1068D000A8F8E0BB092050E094F83F034FF00A0508
:1068E00080060CD50121204600F0A9F88DF80000A3
:1068F0009DF8000018B19DF80000032862D12570B2
:1069000060E03CE0D4F8801309B3C4F87C5394F8F9
:10691000471300BF04EB8002D2F8782312798A4231
:1069200006D104EB8000D0F87803C4F87C0304E0BF
:10693000401C10F0FF00EDD0284600B381682046CF
:106940008847E0B9062020700321204600E039E0A6
:10695000D4F8D423904735E0D4F87C0378B10169AA
:10696000204688478DF800009DF8000020B19DF872
:106970000000022803D025E00B20207022E02670C2
:1069800020E0D4F87C03E8B141692046884719E04B
:1069900084F821532046F9F70DFDD4F87C0320B18B
:1069A000C16820468847C4F87C53D4F8D42312B178
:1069B00005212046904794F82203012804D0204660
:1069C000FEF796FF0020FEBD84F82253204600F01B
:1069D00044F8F7E7002211B1D0F8803313B1022256
:1069E000104670470123C0F88033C0F87813F7E7EA
:1069F0000246002092F83C338B4202D982F82413DD
:106A00007047022070478278012A06D10022027462
:106A10000523437441828282C28200221146FEF71E
:106A200006BC8278012A06D100220274092343742D
:106A300041828282C28200221146FEF7F8BB827830
:106A4000012A06D100220274032343744182828208
:106A5000C28200221146FEF7EABB10B50446FEF7DB
:106A600047FF01212046FEF7A9FE002010BD0000CF
:106A700001290AD00548022906D0042903D0052996
:106A800003D1032100E00121017070473C00002088
:106A90000020704730B58DB01546012449B1012959
:106AA00009D0022910D0032918D004240DB02046A3
:106AB00030BD0024FAE701466A460E48FFF79CF80D
:106AC0000028F3D1019813E001466A460948FFF710
:106AD00093F80028EAD1BDF8080009E001466A46AB
:106AE0000448FFF789F80028E0D1BDF80800400A03
:106AF0002860DEE7A40F002030B58FB00546009374
:106B00000B46014601240C48FFF7D2FA68B101AAEE
:106B100029460948FFF770F89DF81100042806D0AF
:106B2000282804D03A2803D101E0002400E00324FF
:106B30000FB0204630BD0000A40F002010B5014664
:106B400001240348FFF796FC00B10024204610BD45
:106B5000A40F002030B58FB0054600930B460146C8
:106B600001240E48FFF79CFC78B101AA29460B4886
:106B7000FFF742F89DF8110004280AD0272806D014
:106B8000282806D03A2805D103E0002402E0022498
:106B900000E003240FB0204630BD0000A40F002009
:106BA00070B50D460446C2F3072104981E4601291C
:106BB0001BD0E06840F04000E060204600F032F872
:106BC000C6F307210029A16B26D021F48031A163EF
:106BD000C5F30741012907D1A16841F00601A16071
:106BE000A16841F02001A16070BDA16B21F480314A
:106BF000A163E1680A4A1140E160E16821F44011B3
:106C0000E160C0B2012803D1E06840F48010E06088
:106C1000204600F007F8DBE741F48031D7E70000B9
:106C2000BFFFBDFF08B5002100914FF07061009AD1
:106C3000521C00928A4210D80269002AF7DA0A220E
:106C40000092521E0092FCD1026942F001020261E0
:106C5000009A521C00928A4201D9032008BD0269A1
:106C6000D207F5D1002008BD816821F001018160C3
:106C70000020704700EB4110064AC0F81025D0F8FC
:106C8000001521F0804141F00041C0F800150020BE
:106C9000704700000000088008B5D0F8402422F0BA
:106CA0002E020092D20405D4012909D1009941F4A1
:106CB000805103E021B9009921F48051C0F84014BB
:106CC000002008BD816841F001018160002070470B
:106CD00008B500214FF070620091009B5B1C00938F
:106CE00093420AD80369002BF7DA00911021016161
:106CF0000099491C0091914201D9032008BD016906
:106D0000C906F5D4002008BD18B500224FF0706305
:106D10000092009C641C00949C420CD80469002CD6
:106D2000F7DA0092202242EA811101610099491CA0
:106D30000091994201D9032018BD01698906F5D453
:106D4000002018BDD0F8080480B2704708B5D0F80C
:106D500040040090C0F3414008BD406900F00100CC
:106D6000704738B5002200EB41110092D1F80025A0
:106D7000D1F80035C2F38142D1F80445DB0F8568B4
:106D8000E40FAD0605D524B93BB3012A25D0032A6B
:106D900023D04FF47A736AB1022A0BD0D1F80025C0
:106DA00042F08042C1F80025D0F8100410F47F0FA3
:106DB0002BD00CE0D1F8002542F08042C1F800252C
:106DC0008268920603D4C06A10F47F0F07D0D1F80E
:106DD000000540F00040C1F80005002038BDD1F8A2
:106DE000000520F00040C1F80005D1F8000540F092
:106DF0000040C1F800050098401C00909842ECD873
:106E0000D1F800050028F6DBE7E7D1F8000520F00F
:106E10000040C1F80005D1F8000540F00040C1F87D
:106E200000050098401C00909842D6D8D1F8000583
:106E30000028F6DBD1E700002DE9F0431E46DDE92E
:106E40000785002700EB41147B1EDDF82490C4F871
:106E5000083515B3012D3CD0022D1ED0032D31D0A5
:106E600001270023C4F80435D4F80C3543F002039D
:106E7000C4F80C35D0F8183401F00F0C012101FAD8
:106E80000CF10B43C0F81834816941F00071816145
:106E900011062BD54FF4004129E040F29D43C4F880
:106EA0000C35130605D500BFD4F80C3543F48073B8
:106EB00019E0DFF898C06045D3D1D4F80C3543F021
:106EC000600310E040F29D63C4F80C351306EBD468
:106ED000C7E740F22523C4F80C351306C1D5D4F812
:106EE0000C3543F4C073C4F80C35BAE70021FFF742
:106EF0002DFFB8F1020F04D1022802D04FF4003068
:106F000000E000204FF0FE5303EA86534FF4F046B2
:106F100006EAC22213434FF4402202EA8542134399
:106F2000C9F30A0213430B43034343F48010C4F82C
:106F30000005032D01D0012D05D1D4F8000540F046
:106F40000050C4F800053846BDE8F0830000044056
:106F5000D0F8140480B27047F8B5964D4C784FF4D1
:106F60008073A84216D1012A02D00D797DB111E0BB
:106F70008D7C0DB1022D0DD18D795DB900EB4415DD
:106F8000D5F80C6526F07006C5F80C6502E04D7961
:106F9000012D10D08D79012D11D00E6A96B38D8AF6
:106FA00077197F1EB7FBF5F7BFB29F4235D91F4651
:106FB0002B02CB6131E02146FFF75CFEF7E0CB7896
:106FC00001270BB18B8A25E08B7C012B02D0012A93
:106FD0001BD01EE00B6ABC2B0CD98B8ACB610B62D9
:106FE000CB68012B04D0022B02D00123CB601AE026
:106FF0000223FBE7CB61CB68012B04D0022B02D02C
:107000000423F3E708E00323F0E78B8A0D6A9D422F
:1070100000D80B6ACB6106E00127CB7813B18B8ACD
:107020007B43F7E7CE61CB694FF0C046C3F312054F
:107030006FF0604303EAC7431D438B7D06EA437349
:107040001D4300EB4413C3F8105512B18C69C3F80B
:107050001445D0F80844D3F8005544F3000425F053
:107060000055C3F80055D3F80055641C45EA447434
:10707000C3F800458D790024012D0DD0C3F80445D7
:10708000D3F8005525F080450095CD78002D009D62
:1070900058D045F4004557E04E7C0D7C4FF000473A
:1070A00047EAC6163543C3F80455D3F80C5545F0E6
:1070B0006005C3F80C55CD79012D0DD1CD785DB9A2
:1070C000D3F8045545F48035C3F80455D3F80C556E
:1070D00045F04005C3F80C558D7C012D01D0032DE2
:1070E000CED1CD79012D08D1CD78012D05D1D3F8A0
:1070F000045545F48035C3F804558D7C012DBFD16E
:10710000CD78002DBCD1CD68012D0CD0022D0FD033
:10711000032D12D0042DB3D1D3F8045545F44045C6
:10712000C3F80455ACE7D3F8045545F40045F7E738
:10713000D3F8045545F00E05F2E7D3F8045545F4AD
:107140008045EDE725F4004545F000450095C3F87E
:10715000005562BBCA7852BB0A6A42B3CB7933BBD3
:107160008B7C33B1012B0FD0022B02D0032B17D114
:107170000AE0D21CC36AC2F38F029BB293420FD2C1
:10718000826942F020020AE0D21CD0F81034C2F327
:107190008F029BB2934203D2826942F08062826185
:1071A00000940A8C93B24A78896900F041F9002072
:1071B000F8BD000000000440F0B500250E4604466E
:1071C0002F46C0F8005E806B40F40010A063A06BF7
:1071D00020F40020A063A06B20F48020A063E0686E
:1071E000400602D4300E012804D0D4F8000420F068
:1071F000040103E0D4F8000440F004012046C4F880
:1072000000141021FFF780FD00B101252046FFF793
:107210005FFD00B101250020411EC6F3072206E0F4
:1072200004EB4013C3F80815C3F80C75401C8242E8
:10723000F6D8A76161610E48844205D140156062AD
:107240000C48A0620C4804E0802060620B48A062F9
:107250000B48C4F80001C6F3074018B9A06940F014
:107260001000A061A06907490843A0612846F0BD4D
:1072700000000440000200010003E0008000600004
:10728000E0004000080020A3D0F8002422F0030210
:10729000C0F80024D0F8002401F003031A43C0F81A
:1072A0000024012903D0022904D0012070474BF6A5
:1072B000803101E041F27071C0F804140020704781
:1072C00000EB4110D0F80815D0F80C0508407047C5
:1072D000416980690840704730B503460846940804
:1072E00002F00301002203F5805303E01D6840F81B
:1072F000045B521CA242F9D300290BD01C68002267
:10730000D50024FA05F3491E521C090400F8013B7C
:10731000090CF5D130BD38B50446D0F8400420F052
:107320002E00009040F48070C4F84004642004F5FE
:107330008864FAF759F9009820F4807020600A20D8
:10734000FAF752F9002038BD70B50446C068002530
:1073500020F0C040E060012901D079B120E0E06870
:1073600040F00050E0600A20FAF73EF960690A3503
:1073700010F0010F10D1C82DF5D30DE0E06840F0FA
:107380008040E0600A20FAF72FF960690A3510F0B2
:10739000010F01D0C82DF5D3C82D01D0002070BD3C
:1073A000012070BD38B5002504460095806820F0A6
:1073B0000100A06010212046FFF7A6FC00B10125C6
:1073C0002046FFF785FC00B10125002004EB4011A9
:1073D000D1F8002522F0802242F08042C1F8002539
:1073E000401C0F28F2D900204FF47A7304EB4011AF
:1073F000D1F8002522F4004242F04042C1F80025B5
:10740000009A521C00929A4203D8D1F80025002A13
:10741000F6DB401C0F28E9D94FF0FF30C4F8140404
:107420006061A06840F00100A060284638BD0000FF
:1074300010B5029C74B9DB1C9C0800EB02300023E1
:1074400000F5805004E000BF51F8042B02605B1C83
:10745000A342F9D3002010BD0C4A0168914214D117
:107460000A68D243D20610D46FF010020A600849AD
:1074700009684968084B4A4206490978521A194472
:10748000D2B24FF0FF33FCF757B8704700100140FD
:10749000E804002010000020A0030020FEE7000008
:1074A0000FB4054B10B503A9044A029800F028F860
:1074B00010BC5DF814FB0000A990000860000020DB
:1074C0000907090E002804DB00F1E02080F8001411
:1074D000704700F00F0000F1E02080F8141D7047A5
:1074E00002E008C8121F08C1002AFAD1704770478D
:1074F000002001E001C1121F002AFBD170470000EB
:107500002DE9FF4F8DB00F460546002606E02528E1
:107510000BD0DDE90F1290476D1C761C28780028EF
:10752000F5D111B03046BDE8F08F0024A246A14647
:107530000122EC4900E0044315F8013F203B02FA28
:1075400003F00842F7D128782A2810D06FF02F02D4
:107550002878A0F13001092914D80AEB8A0102EB3E
:10756000410144F0020400EB010A6D1CF0E701CF79
:107570005FEA000A03D544F40054CAF1000A44F05B
:1075800002046D1C28782E2817D115F8010F44F03D
:1075900004042A280ED06FF02F022878A0F13001C1
:1075A00009290AD809EB890102EB410100EB010925
:1075B0006D1CF2E757F8049B6D1C28786C280FD0DF
:1075C00006DC4C2817D068280DD06A2814D104E0B6
:1075D000742810D07A280FD10DE044F400140AE08A
:1075E00044F4801401E044F440146978814202D1EB
:1075F00004F580146D1C6D1C2A786E2A1FD00CDCDB
:10760000632A31D004DC002A8BD0582A11D1A3E0A0
:10761000642A68D0692A0CD165E0732A2ED004DC74
:107620006F2A73D0702A04D19BE0752A6FD0782A14
:107630006ED01046DDE90F129047761C50E1C4F37E
:107640000250022806D0032809D0042801CF09D00F
:10765000066045E101CFF117C0E9006140E101CFCB
:1076600006803DE106703BE117F8040B8DF8000041
:1076700000208DF80100EB46012003E057F804BB21
:107680004FF0FF3061074FF0000102D40DE008F128
:107690000101884649450FDA8045F8DB1BF80810E0
:1076A0000029F4D108E008F1010188468142FADBA3
:1076B0001BF808100029F6D1DDE90F23AAEB08001A
:1076C0008146214600F036F9304400EB080604E01C
:1076D000DDE90F121BF8010B9047B8F10108F7D252
:1076E00021464846F7E00A21C4F302534FF0000B4D
:1076F0000891022B04D001CFC117032B09D00AE057
:10770000FF1D27F00707F7E8020108E032E01FE05D
:1077100020E000B2C117042B01D140B2C117031EF3
:1077200071F1000307DA4FF0000CD0EB0C006CEBAA
:1077300001012D2302E0230504D52B238DF82430ED
:10774000012303E0E30701D02023F7E7984658E040
:107750000A2110E010210EE010204FF0000B0890DD
:107760000CE010214FF0000B44F004044FF0080926
:10777000089103E008214FF0000B0891C4F3025375
:10778000022B04D001CF0021032B06D006E0FF1D01
:1077900027F00707F7E8020103E080B2042B00D1CD
:1077A000C0B24FF0000823072BD5702A07D0DDF8B0
:1077B00020C08CF0100C5CEA0B0C05D00EE04023CE
:1077C0008DF82430012308E050EA010306D030236D
:1077D0008DF824308DF8252002239846DDF820C04E
:1077E0008CF0080C5CEA0B0C0BD150EA010301D1C0
:1077F000630706D530238DF824304FF00108A9F136
:107800000109582A04D038A20B9208AA0A920BE068
:107810003AA2F9E75B46089AF8F7D2FC0B9B9B5C0F
:107820000A9A521E0A92137050EA0102F2D10A9883
:10783000ADEB000000F1200B600702D524F480348A
:1078400001E04FF00109D94502DDA9EB0B0000E092
:10785000002000EB0B0141440890AAEB010AE00371
:1078600006D4DDE90F232146504600F063F80644B4
:107870004FF0000908E009A911F80900DDE90F122D
:10788000904709F10109761CC145F4DBE0030CD5F2
:10789000DDE90F232146504600F04CF8064404E091
:1078A000DDE90F1230209047761C0899481E089099
:1078B0000029F5DC08E00A980A990078491C0A9129
:1078C000DDE90F129047761CBBF10001ABF1010B13
:1078D000F1DC21465046DDE90F2300F019F806449B
:1078E0006D1C1BE609280100303132333435363740
:1078F00038396162636465660000000030313233FC
:10790000343536373839414243444546000000009B
:107910002DE9F041044600251E461746880404D48C
:1079200005E039462020B0476D1C641EF9D5284675
:10793000BDE8F0812DE9F041044600251E46904641
:10794000C80301D5302700E02027880404D505E0CE
:1079500041463846B0476D1C641EF9D52846BDE83F
:10796000F081000010B504460020E070401EE06287
:10797000204601F06CFD08B1042010BD04F22E2059
:1079800001F0D4FCA0F52A41553901D0032010BDE7
:1079900094F83000E92805D0EB2814D194F832008F
:1079A000902810D104F1660001F0B5FC0749B1EB55
:1079B000002F06D004F1820001F0ADFC044988429A
:1079C00001D1002010BD022010BD0000004641542E
:1079D00046415433F0B50022144D134605EB021412
:1079E00026685EB10768BE4209D166688768BE42F4
:1079F00005D1A4684669B44204D000E00123521CBA
:107A0000022AEBD3022A01D069B904E04BB902295A
:107A100007D01220F0BD05EB02108089B0F5807F01
:107A200001D00020F0BD1020F0BD0000780F002034
:107A300030B50021054B0C4603EB01121568854259
:107A400000D11460491C0229F6D330BD780F002004
:107A50000268490AC06A5289B1FBF2F1001D04C8EC
:107A60001AB1914203D3891AF8E7002070470068E1
:107A7000084470474269891E921E8A4201D800203C
:107A80007047826A408901FB002070472DE9F04170
:107A900005680F00804606D001F03AFB022809D2A3
:107AA0000120BDE8F081EE6816B16869B04207D8E0
:107AB000012605E0411CF4D069698142F1D83E46B7
:107AC00034466869641CA04202D80224022E0AD3FC
:107AD0002146404601F01CFB38B10128E1D0411C91
:107AE000DFD0B442EDD10020DBE74FF0FF36324665
:107AF0002146284601F0C4FC30B957B12246394628
:107B0000284601F0BDFC20B101280FD001242046F9
:107B1000C7E7EC60D5E90401891E884201D8401E00
:107B20002861287940F001002871F0E73446EEE73B
:107B30002DE9F0410E4624300D6804460B22202129
:107B400001F07EFC0020014608232A5C401C202A0C
:107B500012D92F2A0BD05C2A09D02E2A01D09942A3
:107B600014D30B2B34D02E2A32D10CE0401C2B5CCA
:107B70002F2BFBD05C2BF9D02844306041B3207808
:107B8000E52831D032E008210B23DEE7A2F181079E
:107B90007D2F13D82F5C401CA7F1400CBCF13F0F88
:107BA00004D3A7F1800CBCF17F0F11D2A3F1010C1B
:107BB00061450DD26254491C675413E00FA700E0E1
:107BC0007F1C97F800C0BCF1000F04D09445F7D19A
:107BD0000620BDE8F081A2F16107192F01D8203AF3
:107BE000D2B26254491CB0E705202070202A01D887
:107BF000042000E00020E0720020EAE7222A2B2C7B
:107C00003A3B3C3D3E3F5B5D7C7F0000401E0228CE
:107C100012D20A4901EB00118889B0F5807F05D0A6
:107C200008B1401E80B2888110B103E00020FAE75D
:107C3000002008600020704702207047780F002065
:107C40002DE9F04104460021056800F017F90028ED
:107C500026D12846E16901F0FAFB02001FD1206A13
:107C6000017899B1C17A01F03F01A171C17A090788
:107C70000FD404F124010B2610F8013B11F8017B0D
:107C8000DB1B761E04D0002BF6D002E0042206E0B7
:107C90002BB10021204600F005F80200D9D0104693
:107CA000BDE8F0812DE9F047054647690468C069E1
:107CB0008946203710B1B7F5001F02D30420BDE874
:107CC000F087F90560D1401CE861A9694FF0000810
:107CD00029B16089401E10EA572F05D054E0208951
:107CE000B0EB571F1DD94FE0284601F011FA0646A8
:107CF00001281BD9701C33D06069B0423ED8B9F15D
:107D0000000F0ED02846A969FFF7C0FE06000BD071
:107D1000012E0BD0701C23D0204601F0FDFCF8B9D9
:107D200006E0C5F81C80C9E70720C8E70220C6E7BF
:107D30004FF40072002104F1300001F081FB4FF09C
:107D4000000831462046FFF795FE4FF00109E0623A
:107D50000DE000BF84F80390204601F0DDFC08B17F
:107D60000120ACE7E06A08F10108401CE06261898B
:107D70004145EFD8E16AA1EB0800E06231462046B8
:107D8000AE61FFF777FEE861C7F3080020443030AA
:107D90006F612862002092E770B504460E46042009
:107DA000256821E0284601F052FB10BB226A1178B9
:107DB000B1B1D27AE52902F03F02A2710AD02E2990
:107DC00008D00F2A06D022F0200108290AD000216D
:107DD000B14210D000212046FFF764FF20B108E037
:107DE000042006E00121F3E7E1690029DAD1002847
:107DF00001D00021E16170BD70B504460021066824
:107E000000F03CF80DE03046E16901F020FB50B98C
:107E1000206A0078E52809D040B101212046FFF70B
:107E200041FF0028EFD0042807D007E03046E16981
:107E300001F00DFB050003D00FE0072005460CE024
:107E400020220021206A01F0FBFA0B2204F1240118
:107E5000206A01F0EBFA0120F070284670BD70B581
:107E600005680446C169284601F0F1FA002804D1EA
:107E7000226AE52111700121E97070BD2DE9F04100
:107E800007680E460546B1F5001F36D2F00634D11C
:107E90006E61AC6824B93878032805D37C6A1CB1BC
:107EA00078894FEA402812E03889B0EB561F24D970
:107EB000786A12E0284601F02BF90446401C1AD0DB
:107EC000022C1AD37869A04217D9A6EB08064645BA
:107ED0002146EFD23846FFF7CDFDC5E9064060B137
:107EE00000EB5620E861C6F30800384430302862C1
:107EF0000020BDE8F0810120FBE70220F9E7000047
:107F000070B5094C05460020615D00290AD104EBDB
:107F1000850160194968007A09688847002801D1FD
:107F20000121615570BD0000980F002030B4054C50
:107F3000231804EB80001B7A406804691846A446A5
:107F400030BC6047980F002030B4054D2C1805EB6D
:107F50008000247A406885682046AC4630BC604783
:107F6000980F0020044A111802EB8000097A40683B
:107F70004268084610470000980F002030B4054DB5
:107F80002C1805EB8000247A4068C5682046AC4672
:107F900030BC6047980F002038B5044600F0C3FDA0
:107FA00000280CD16946204601F0DFFB002806D1ED
:107FB0002069FFF72BFE002801D10021216038BD88
:107FC00038B50446694601F0D0FB002808D1216984
:107FD00021B10846FFF71AFE002801D100212160D7
:107FE00038BD2DE9F74787B014468A460022694616
:107FF00007A800F0F5FE5FEA000958D1009820605C
:108000000098D0E90417BA1E914202D8CAF80010AD
:108010004DE001784FF00008012901D0066A19E00F
:1080200002240190214601A801F072F8411C03D0FE
:10803000012803D028B106E0012000E0022081469B
:108040002CE008F101080098641C40698442E9D3DF
:1080500024E05DB93146761C009801F0F8F95FEA3A
:1080600000091BD1009C4FF4007530340098007853
:108070000228204604D001F04EF9000108D009E0A2
:1080800001F054F908B908F10108A41CAD1E03E081
:1080900008F10108241D2D1F7F1EDAD1CAF80080C7
:1080A0000098C0F81080017941F0010101710AB017
:1080B0004846BDE8F0872DE9FC410025904607467B
:1080C00004464E1E11E001AB01226946404600F015
:1080D00043FC019801280AD19DF800000D2804D026
:1080E0006D1C04F8010B0A2801D0B542EBDB00201F
:1080F000207015B13846BDE8FC810020FBE7000088
:108100002DE9FF4F91B01D4614464FF4007611A89B
:10811000DDF8788001F08EF8002803DA0B2015B026
:10812000BDE8F08FF54951F8201009B100220A701E
:10813000C0B20490FFF7E4FEC10701D00320EEE7D0
:10814000400701D50A20EAE70EAA03210498FFF7A9
:10815000EDFE38B90E9828B1B0F5004F02D8411E97
:10816000084201D001200E90B24624B154453AD3C2
:10817000B4F1807F37D8601E044234D1B8FBFAFBDB
:10818000B4FBFAF75FEA4B202C4610907ED00CAA85
:1081900001210498FFF7CAFE002878D11298000741
:1081A0006FEAA0104FEA90690C9848456ED3A0EB97
:1081B000090086460C90802868D3802F13D8129827
:1081C0004FF6F5728007129840F6F57307D500F068
:1081D000070002287ED01298C0077BD001E0C007BC
:1081E00001D0022696E0132099E73D000DD1002032
:1081F0004FEA5E480125DFF808C301E06D00401C2E
:108200003CF8101009B14145F8D9BEFBF5F00AEB76
:108210008001C91DB1FBFAF82021039100210791CB
:10822000904233D9B749884230D828E0B449002079
:1082300001254FEA1E3C0E3901E06D00401C31F86B
:108240001080B8F1000F01D0E045F6D9BEFBF5F083
:10825000984203D9042101EB400006E0012600EB1F
:1082600040000321401C01EB50005044401EB0FB75
:10827000FAF8012081030390B1FBFAF0079003990B
:1082800009EB010000EB0801059001E055E034E145
:10829000079808440E9900EB010C491EACF1010C43
:1082A0002CEA010CACEB0001032E1AD008EB0108FC
:1082B00000EB0511A1EB090171453ED80399079820
:1082C000AEEB0101A1EB0801081AB0FBF5F001903B
:1082D000032E00E024E00ED0022E13D0012E2AD06F
:1082E0002DE0DDF80CC08C44CDF80CC0DDF814C0D6
:1082F00061440591DCE7904221D8F7B96F087FF41B
:1083000074AF1AE0904211D93FB94020B0EB450F4D
:1083100003D36F003D0099D188E71298800707D5F5
:10832000032662E76F00802FF4D906E0984206D852
:10833000002FF7D001E0984201D90E20EFE6524617
:108340000021204601F07CF80B226FA1204601F0AD
:108350006DF8514604F10B0001F095F9657303982F
:1083600081B204F10E0001F08EF901202074032E79
:108370000ED0514604F1110001F085F90C99B1F5C8
:10838000803F07D289B204F1130001F07CF905E0C7
:108390000021EFE704F1200001F06DF9F82060758D
:1083A0003F2104F1180001F06EF9FF2104F11A00D9
:1083B00001F069F9494604F11C0001F05CF98027DD
:1083C000032E27D000F003FF014604F1270001F03F
:1083D00052F91FFA88F104F1160001F054F984F8FB
:1083E0002470292084F8260013224AA104F12B00CE
:1083F00001F01CF804F5FF704AF65521089001F0D1
:1084000042F901234A4621460498FFF7B7FD0028A8
:1084100073D124E000F0DBFE014604F1430001F0DB
:108420002AF9414604F1240001F025F9022104F162
:108430002C0001F020F9012104F1300001F023F9B2
:10844000062104F1320001F01EF9292084F8407061
:1084500084F84200132234A104F14700C8E7032E38
:1084600032D1012309F1060221460498FFF786FD67
:1084700052460021204600F0E3FF3049204601F03B
:10848000FAF82F4904F5F27001F0F5F8019904F5B6
:10849000F470491E01F0EFF8022104F5F67001F0C6
:1084A000EAF84AF65521089801F0EDF8012309F1A0
:1084B000070221460498FFF761FD012309F101023B
:1084C00021460498FFF75AFD00212046109A00F03B
:1084D000B7FF6FF00701032E02D0012E32D032E039
:1084E000204601F0C8F84FF0FF31201D01F0C3F81D
:1084F0006FF0704104F1080026E073E038000020BE
:10850000CC970008F5FFFF0FEBFE904D53444F53FF
:10851000352E30004E4F204E414D45202020204624
:1085200041542020202020004E4F204E414D452018
:1085300020202046415433322020200052526141F5
:10854000727241614049204601F095F8474658460D
:108550005F4500D8384680460346DDE904022146DF
:10856000FFF70CFDF0BB52460021204600F068FFEB
:108570000598B7EB080740440590E8D1032E00D0DA
:10858000079D58465D4501D9074600E02F46DDE9C5
:1085900004023B462146FFF7F1FC18BB0598ED1B92
:1085A00038440590EDD1032E05D00C98B0F5803FEE
:1085B00003D3062604E00C2602E0022E38D0012662
:1085C0001298000736D452460021204600F038FFAA
:1085D0004AF65521089801F056F804F5DF75002099
:1085E000287000E02EE001216970A970E8702E71FA
:1085F0000C9909EB010043F6C161B0FBF1F0FE21DB
:1086000069713F2141EA9001A971E871494605F17C
:10861000080001F030F805F10C000C9901F02BF87E
:108620000123002221460498FFF7A8FC50B901E07D
:108630000426C5E7002211460498FFF777FC0028BE
:108640003FF47DAD01206AE5F8FFFF002DE9F74119
:1086500081B0904602980090684600F0EBFD04005F
:1086600003D50B2004B0BDE8F0810D4E002756F86D
:1086700024501DB12846FFF7DBF92F700198002820
:1086800000D0077046F8240002D0B8F1010F01D0E5
:108690000020E7E7002201A902A800F0A1FBE1E722
:1086A000380000202DE9F74392B005000BD002F00E
:1086B0003F063246694613A800F092FB04004FF0D3
:1086C000000804D0ECE0092015B0BDE8F083009864
:1086D000049004A8139900F0ADFC04000ED19DF89D
:1086E0003F00000601D5062408E0700801D00121F2
:1086F00000E0002104A8FFF76DF9044616F01C0FF6
:108700005DD04FF00109C4B1042C10D1002067499D
:1087100002E0401C022804D201EB00121268002A79
:10872000F7D1022807D004A8FFF766FB044646F0FD
:1087300008065CB1B4E01224B2E09DF8160010F017
:10874000110F47D1700701D50824A9E0300747D59C
:1087500000F03DFD07460C9839460E3000F08BFFC7
:108760000C983946163000F086FF0C982021C17213
:108770000C99009800F0BCFD074600220C99009867
:1087800000F065FF0C9800211C3000F074FF009988
:1087900081F8039017B3D1F82C900022394604A831
:1087A00000F01BFF04007BD14946009800F04FFE0B
:1087B00004000098A7F10107C7600DD070E0ECBB82
:1087C0009DF81600C10601D5042469E0B10703D560
:1087D000C00701D0072463E0300701D546F040060A
:1087E0000098C06A68620C98A862700801D00121E4
:1087F00000E0002104A800F03BFD2861B8B30C990B
:10880000009800F075FDA8600C981C3000F083FD06
:10881000C5F82C80E86000992960009905F13000C6
:108820004FF40072C988A9802E7585F81580C5F8A7
:10883000208000218146C5F8188000E030E000F07B
:10884000FFFDB0062ED5EE6866B3AE610098A9684C
:10885000408947020FE0284600F05AFC01460128F3
:1088600000D80224481C03D0F61B24B105E01BE00D
:108870000124F61B01E0BE42EDD8E96184B9F005A0
:1088800010D00098FFF7F6F870B100EB56222A627C
:108890000098012349464078FFF756FB10B10124A8
:1088A000C5F8008020460FE70224F9E7780F002082
:1088B00073B582B0050009D00022694603A800F014
:1088C0008FFA04004FF0000603D02FE0092004B017
:1088D00070BD009929602846039900F0ABFB0400A5
:1088E00014D195F82F00000607D4A879C0061CD52E
:1088F000296A009800F0FCFCA8600098C188A98053
:1089000028460021FFF7BAFA040002D0042C0CD04C
:108910000CE0A86838B10021284600F0A9FC2861C5
:1089200028B9122402E02E6101E005242E602046C1
:10893000CDE710B594B004460020CDE900100290B8
:1089400002E0641C00F011FE217868460029F8D18D
:1089500000F02EFE14B010BD2DE9FE4F8846002118
:10896000196099461546044602A900F0FEFE00284B
:1089700012D1607D00280FD1207DC0070BD0E168A7
:10898000A0690127081A4FF0020A04F1300B854252
:1089900000D9054684E00720BDE8FE8FA169C8051F
:1089A00066D102984089401E10EA512611D129B1A2
:1089B000E06A28B12046FFF74BF805E0A06803E025
:1089C0002046E16900F0A4FB02281BD3411C4AD0D9
:1089D000E061E1690298FFF74DF898B130440190E9
:1089E000680A009025D0029932184889824201D93C
:1089F000801B0090DDE9003248784146FFF7A4FA79
:108A000088BB03E084F815A00220C5E7207D00069E
:108A10000CD5216A0198081A0099884206D208EB01
:108A200040204FF40072594600F000FD00984602C5
:108A30002CE0226A0198824218D0207D00060AD5D7
:108A40000298012359464078FFF798FA58B9207DDB
:108A500000F07F0020750298012359464078019A62
:108A6000FFF772FA10B16775012095E7019820624F
:108A7000208BC0F30800C0F50076AE4200D92E4628
:108A8000011932464046303100F0D0FCA069B044B4
:108A90003044A061D9F800008119AD1BC9F800105D
:108AA000002D7FF47BAF002076E738B50C460546F5
:108AB000694600F05AFE002813D1014628468CB1C1
:108AC000FFF76AF9042801D000280AD12146284678
:108AD00000F07FFB00212846FFF7E4F8042800D1CE
:108AE000002038BDFFF7CAF938BD33B58DB00D464B
:108AF000002269460DA800F073F9040010D1684601
:108B00000D9900F097FA04000AD19DF82F00000695
:108B100001D5062404E01DB12946684600F059FB42
:108B20000FB0204630BDF8B50446694600F01DFE82
:108B300000280ED1217D4A060BD508060ED50098D7
:108B4000226A0123407804F13001FFF717FA08B1D7
:108B50000120F8BD207D00F07F00207500F037FB7C
:108B60000646616A009800F072FC0028F1D1A56AFF
:108B70002946E87A40F02000E872A268206800F0F8
:108B800066FD05F11C00E16800F075FD314605F158
:108B9000160000F070FD002105F1120000F073FDD9
:108BA00000980121C17000F073FD217D01F0BF012B
:108BB0002175F8BD11B59BB002220CA91BA800F0CD
:108BC0000FF90C990091002810D168461B9900F00C
:108BD00031FA00280AD102216846FEF7FBFE002880
:108BE00004D19DF82F00000602D506201CB010BD50
:108BF0009DF80600C00701D00720F7E708990C98F8
:108C000000F076FB04469DF80600C00610D50C98CF
:108C10000E90002110940EA8FFF730F90028E5D13E
:108C200000210EA8FFF7B8F80028E5D00428DDD110
:108C30006846FFF714F90028D8D134B10022214644
:108C4000684600F0CAFC0028D0D10C9800F020FD46
:108C5000CCE72DE9FE4F044600208846186099466F
:108C6000154602A9204600F080FD002806D1607D4F
:108C7000002803D1207D800702D40720BDE8FE8FA5
:108C8000A069012742194FF0020A04F1300B824219
:108C900000D2C5439BE0A169C80575D102984089FF
:108CA000401E10EA512618D129B1E06A38B1204699
:108CB000FEF7CEFE07E0A06838B9002100E0E169C8
:108CC0002046FEF7E3FE00287DD001282DD0411C70
:108CD00054D0E061A16801B9A060207D00060BD5E9
:108CE0000298226A012340785946FFF747F9A0BB52
:108CF000207D00F07F002075E1690298FEF7BAFE42
:108D000098B130440190680A009027D03218029838
:108D100041898A4201D9891B0091DDE900324078FE
:108D20004146FFF72BF9C0B903E084F815A00220F3
:108D3000A4E7216A0198081A009988420AD208EB30
:108D400040214FF40072584600F070FB207D00F087
:108D50007F0020750098460228E00FE0216A019804
:108D600081420FD0E168A06988420BD202980123AA
:108D700059464078019AFFF7E7F818B16775012066
:108D80007CE701E001982062208BC0F30800C0F569
:108D90000076AE4200D92E4620443246414630305D
:108DA00000F044FB207D40F080002075A069B044B5
:108DB0003044A061E168884200D80846E060D9F8F4
:108DC0000000811900E005E0AD1BC9F80010002D7E
:108DD0007FF461AF207D40F04000207500204DE71A
:108DE0002DE9FF41002790460E460F6000F022FA61
:108DF000050003D50B2004B0BDE8F0818A4850F887
:108E000025409CB13460207808F0FE0620B16078DF
:108E1000FFF7A8F8C1070BD02770E8B2B84660701A
:108E2000FFF76EF8C10708D00320E4E70C20E2E763
:108E30000EB1400704D40020DDE71EB1400701D584
:108E40000A20D8E7002631462046FEF78BFD02288F
:108E500022D100254FEA0D0704EB051090F8F2111E
:108E600000F5F77019B1083000F055FA00E0002065
:108E700047F825006D1C042DEED3002557F825601A
:108E800036B131462046FEF76DFD022801D203E0DF
:108E900003206D1C042DF1D3042809D002286DD2C3
:108EA00004F13B0000F042FAB0F5007F66D101E02A
:108EB0000120A0E704F1460000F038FA18B904F1E7
:108EC000540000F028FAA06194F84050A570012DDC
:108ED00001D0022D52D1454394F83D006081E8B3A2
:108EE000411E08424AD104F1410000F01FFA2081DE
:108EF000000743D104F1430000F018FA070004D141
:108F000004F1500000F007FA074604F13E0000F0BB
:108F10000DFA010032D02389481900EB1312974251
:108F20002CD3B81A6789B0FBF7F0B8B103274FF616
:108F3000F57C604500D8022740F6F57C604500D8F6
:108F40000127801C3244A26231446061C4E9076198
:108F5000032F15D013B12944616200E00EE0022F07
:108F60001FD000F0010100EB400001EB500000BFFA
:108F7000A16900F2FF10B1EB502F14D20D203AE797
:108F800004F15A0000F0D2F90028F7D12089002816
:108F9000F4D104F15C0000F0BEF960626069800009
:108FA000E6E74000E4E74FF0FF302061E06080201A
:108FB0002071032F2CD104F1600000F0B7F90128D3
:108FC00026D1711C204600F042FA08BB84F80480C8
:108FD00004F22E2000F0AAF9A0F52A41553917D144
:108FE00004F1300000F097F91049884210D104F5DF
:108FF000057000F090F90E49884209D104F5067019
:1090000000F089F9206104F5077000F084F9E06050
:1090100005492770091F0888401C0880E080204609
:10902000FEF706FD07E700003800002052526141BC
:109030007272416173B504460568019801E0401CF5
:10904000019001782F29FAD05C29F8D00021A16085
:1090500001980078202806D2802084F82F0020462E
:10906000FEF70CFF7CBD01A92046FEF761FD00283C
:10907000F8D12046FEF7E4FD94F82F1028B104281B
:10908000F0D14907EED405207CBD4907FCD4A07976
:10909000C006F8D5A08AC0F308004119284630312F
:1090A00000F026F9A060DEE713B54FF0FF33012290
:1090B00069460248FAF740FA00981CBDA004002057
:1090C00010B5002821D0114B0022001F196803E0C1
:1090D000814203D80A4649680029F9D152B1136880
:1090E000841A9C4204D1006818441060104602E0C3
:1090F000506000E0186039B102680B1A934203D146
:109100000B681A4402604968416010BD6400002089
:109110002DE9F04104680D4602290BD36069A8428D
:1091200008D920784FF0FF36012807D002282BD02D
:10913000032839D001263046BDE8F081206A05EBCE
:10914000550700EB5721204600F081F90028F2D1A5
:10915000C7F3080020447F1C90F83080206A00EBA1
:109160005721204600F073F90028E4D1C7F3080026
:10917000204490F8301048EA0120E90701D00609A0
:10918000D9E7C0F30B06D6E7206A00EB152120468D
:1091900000F05DF90028CED1E8B204EB4000303099
:1091A00000F0C4F80646C6E7206A00EBD511204659
:1091B00000F04DF90028BED140F2FF1000EA850012
:1091C0002044303000F0A7F820F07046B3E70020CC
:1091D00070472DE9F041002305464B72C0690C46EB
:1091E000002825D000210A462E26286A805C521CC1
:1091F00020280AD0052800D1E520092A02D16718C5
:10920000491C7E726718491C78720B2AEDD36018CE
:109210004372286AC07A2072286A1C3000F07BF8FA
:109220002060286A163000F076F8E080000CA080FC
:10923000BDE8F08110B504464FF0FF302268002AE7
:1092400013D0114600E0491C0B78212B0ED33A2B8A
:10925000F9D112F8013B303B0A2B06D28A4204D1E5
:10926000002B02D1491C1846216010BD002010BD02
:10927000F0B502461D4BD2F80050002003EB00145D
:109280002668AE4207D166689768BE4203D1A468DB
:109290005669B44202D0401C0228EFD3022814D1F0
:1092A000002002E0401C022804D203EB00142468D2
:1092B000002CF7D102280ED003EB0014256095682E
:1092C00065605269A2600022A281002903EB0011AF
:1092D000898902D019B10020F0BD491C01E04FF48A
:1092E000807103EB0012401C9181F0BD780F0020CB
:1092F00070B506460D4601F11A0000F017F8044655
:109300003078032805D105F1140000F00FF844EA85
:109310000044204670BDC178827842EA012142783B
:10932000007842EA012140EA012070474178007844
:1093300040EA012070470000F8F728FEFBF78EFC9A
:10934000FAF7F2FDFAF750FDFAF768FFFAF7DAFEDE
:10935000FAF7B8FEFAF740FFFAF706FDFAF724FD30
:10936000FAF776FDFAF766FDFAF71CFFFAF772FFD7
:109370000DA0FEF795F80F480068C16841F0100194
:10938000C1604FF480720C490A48FAF793F80B4C0D
:10939000FAF780FF20780228FAD1F7F7B7FB00BF71
:1093A000FAF778FFFCE70000756172743120696E8E
:1093B00069740000A0040020A00300203C000020ED
:1093C000F0B50B30154D20F007010024144A0FE0D2
:1093D00003688B420BD38B4205D95E1A431847684A
:1093E000C3E9006700E04368136002C004E0021DA7
:1093F00010680028ECD12046002802D1286808B166
:109400000020F0BD064A07481060074A121A22F0F1
:109410000702C0E9002401202860D7E76800002087
:10942000640000206417002060190020002A05D085
:1094300011F8013B00F8013B521EF9D170470000C2
:109440005FFA81F100F8011B521EFBD1704770B525
:109450000446C06A0D460026A8420FD0204600F000
:109460005BF906000AD1607801232A4604F1300135
:10947000FEF76AFD08B1751E0126E562304670BD33
:109480002DE9F047022617460D460446022969D306
:109490006069A84266D920784FF00109012804D0FC
:1094A000022836D003285DD143E0216A05EB550838
:1094B00001EB58212046FFF7CAFF060052D1C8F33E
:1094C00008002044303008F10108E90704D0017891
:1094D000FAB262F31F1100E03946017084F803907C
:1094E000216A204601EB5821FFF7B1FF060039D170
:1094F000C8F3080020443030E90702D0C7F3071151
:1095000005E00178C7F3032201F0F0011143017077
:1095100026E0206A00EB15212046FFF798FF0600A1
:1095200020D1E8B204EB4000B9B2303000F0ABF823
:1095300016E0206A00EBD5112046FFF788FF0600F1
:1095400010D140F2FF1000EA85002044303005467B
:10955000FFF7E1FE67F31B000146284600F08BF899
:1095600084F803903046BDE8F087F8B50E4604460F
:109570000A2902D10D21FFF7F8FF6568002D16DBDF
:1095800060196D1C06733D2D0DDB6B462A4604F1F8
:109590000C012068FFF75DFB0098A84201D100256F
:1095A00001E04FF0FF356560A068401CA060F8BD89
:1095B00038B542680446002A0CDB6B4604F10C0106
:1095C0002068FFF746FB28B960680099884201D1FE
:1095D000A06838BD4FF0FF3038BD2DE9F041056877
:1095E00013460E46074602292DD36869B0422AD990
:1095F0003BB14FF0FF3219462846FFF741FF0028E4
:109600001FD131463846FFF783FD040018D0012CE6
:1096100019D0601C19D0002231462846FFF730FFD0
:1096200000280ED1D5E90410821E914205D2491CB2
:109630002961297941F0010129712646B042E0D81B
:109640000020BDE8F0810220FBE70120F9E770B5BA
:109650000C460646154691B204F11A0000F013F8C4
:109660003078032806D1290C04F11400BDE87040BD
:1096700000F009B870BD0170090A4170090A8170D3
:10968000090AC17070470170090A417070470000F3
:1096900070B5044600F040F8050036D12078032864
:1096A0002CD12079012829D1420204F13000002177
:1096B0000646FFF7C5FE4AF6552104F22E20FFF7B5
:1096C000E2FF13493046FFF7D6FF124904F5057053
:1096D000FFF7D1FF04F506702169FFF7CCFF04F511
:1096E0000770E168FFF7C7FFE2690123521CE262DD
:1096F00060783146FEF742FC00202071002260783D
:109700001146FEF713FC00B10125284670BD00008C
:1097100052526141727241612DE9F0410446C078B4
:109720000027F8B1E56A04F13001607801232A4688
:109730008846FEF723FC08B1012713E00020E07003
:10974000206AA169281A88420CD2A67808E0A0698C
:109750000123054460782A464146FEF70FFC761E39
:10976000022EF4D23846BDE8F08170B50E460400F2
:109770004FF009050CD0206850B1017841B1A188A3
:10978000C288914204D14078FEF7ECFBC00703D0B9
:1097900000203060284670BD00252068F9E70006EB
:1097A0001016000610160000000000000000010264
:1097B0000304060708090000000001020304010079
:1097C000040010004000000100020000010002003F
:1097D000040008001000200000000000916A00084A
:1097E0003D6B0008F96A0008556B0008956A00088F
:1097F0004D53430014980008000000206C00000046
:10980000E0740008809800086C000020F438000024
:10981000F0740008000000000000000000000000DC
:109820000000000000000000000000000000000038
:109830000000000000000000010000001000000017
:10984000000000000024F400000000000000000000
:1098500000000000F097000808000000775C000896
:109860002D5C0008815B00087B5D000871640008C6
:1098700000000000000000000000000000000000E8
:040000050800018965
:00000001FF
