:020000040800F2
:10000000E00700209D0100089F5700081326000804
:100010009D57000895040008A95D00080000000035
:100020000000000000000000000000002B58000845
:100030006105000800000000A15700082D580008C5
:10004000B7010008B7010008B7010008B7010008B0
:10005000B7010008B7010008B7010008B7010008A0
:10006000B7010008B7010008B7010008B701000890
:10007000B7010008B7010008B7010008B701000880
:10008000B7010008B7010008B7010008A50400087F
:1000900099040008B7010008B701000863050008CB
:1000A000B7010008B7010008B7010008B701000850
:1000B000B7010008B7010008B7010008B701000840
:1000C000B7010008B7010008B7010008B701000830
:1000D000B70100084D5D0008B7010008B70100082E
:1000E000B7010008B7010008B7010008B701000810
:1000F000B7010008B7010008B7010008B701000800
:10010000B7010008B7010008B7010008B7010008EF
:10011000B7010008B7010008B7010008B7010008DF
:10012000B7010008B7010008B1040008B7010008D2
:10013000B7010008B7010008B7010008B7010008BF
:10014000B7010008B7010008B7010008B7010008AF
:10015000B7010008B7010008B7010008B70100089F
:10016000B7010008B7010008B7010008B70100088F
:10017000B7010008B7010008B7010008000000003F
:10018000B7010008B7010008DFF80CD000F070F9E3
:1001900000480047A5620008E007002006488047A5
:1001A00006480047FEE7FEE7FEE7FEE7FEE7FEE75C
:1001B000FEE7FEE7FEE7FEE7F558000889010008C4
:1001C0002DE9F05F0546002092469B46884606468C
:1001D000814640241BE0284641464746224600F01F
:1001E000D9F853465A46C01A914110D311461846C1
:1001F000224600F0C0F82D1A67EB01084F46224650
:100200000120002100F0B7F817EB00094E41201E35
:10021000A4F10104DFDC484631462A464346BDE8E6
:10022000F09FD2B201E000F8012B491EFBD27047CB
:100230000022F6E710B513460A4604461946FFF7B2
:10024000F0FF204610BD2DE9FE4F81EA030404F0C3
:10025000004421F0004100944FF0000B23F00043D4
:1002600050EA01045ED052EA03045BD0C3F30A549F
:10027000C1F30A552C44A4F2F3340194A0FB0254B8
:10028000C1F3130141F48011C3F3130343F480134A
:1002900001FB024400FB034E840A970A44EA81549E
:1002A00047EA8357A4FB076802958D0A05FB07857B
:1002B0004FEA932C04FB0C542705029D4FEA065885
:1002C00047EA1637B5EB08056EEB070C870E920E62
:1002D00047EA811742EA8312A7FB0201B6EB0B0142
:1002E00064EB00042B0D43EA0C335E1844EB1C5006
:1002F000DA465146E7FB0201C5F313044FEA0B331C
:1003000043EA14534FEA0432019C43EA0603A4F182
:100310000C040294009CCDE900B400F05AF803B03C
:10032000BDE8F08F00200146F9E70EB540F23341F9
:1003300002910021CDE900110A460B4600F049F870
:1003400003B000BDC1F30A5210B5C1F3130140F26E
:10035000FF3341F480119A4201DA002010BD40F2CF
:1003600033439A42A2F2334203DC524200F012F8C5
:1003700010BD904010BD202A04DB203A00FA02F1A3
:10038000002070479140C2F1200320FA03F3194383
:1003900090407047202A04DB203A21FA02F0002125
:1003A000704721FA02F3D040C2F120029140084385
:1003B0001946704710B5141E73F1000408DA401C8A
:1003C00041F1000192185B411A4301D120F0010074
:1003D00010BD2DE9F04D92469B4611B1B1FA81F264
:1003E00002E0B0FA80F220329046FFF7C4FF0446E4
:1003F0000F4640EA0A0041EA0B0153465A460843B9
:1004000013D0114653EA010019D0C8F140025046FA
:10041000FFF7C0FF05460E46504659464246FFF7D5
:10042000AAFF084305D0012004E020463946BDE874
:10043000F08D0020054346EAE0762C4337430A98C6
:100440006305E40AA0EB08000022FD0A44EA4754D1
:100450000A3002D500200146E9E70105101969417B
:10046000DDE9084500196941BDE8F04DA2E700004B
:10047000064C074D06E0E06840F0010394E80700F1
:1004800098471034AC42F6D3FFF782FEFCAD00086B
:100490001CAE0008FEE70000014800F054B900005F
:1004A0006C000020014800F04EB900006C000020F4
:1004B000014800F04BBC00007003002001681823C5
:1004C000CAB2103AB2FBF3F2054B6FF30901032AEB
:1004D0009B5CC36500D9091D816508467047000013
:1004E000DCAD000810B5014600208B698A6A4FF028
:1004F000C07453B1B3F5005F15D072B1012A0CD0AE
:10050000022A0AD0032A09D104E01AB1012A06D02E
:10051000022A03D1C96AC90100D5012010BDC96AE8
:10052000A142FAD010BD002AF7D0012AF2D0022A47
:10053000F3D0032AF3D010BD30B50468256825F444
:1005400080252560046863608368402B036803D0BE
:1005500099600068C26030BD9A600068C16030BDBB
:1005600070474FF4807000F0F9BD72B6FEE70000EE
:1005700030B5B3F5804F05D06FF0704140F82210D0
:10058000002030BD8C690B688D6823434C688989D5
:10059000240144EA0524234343EA014150F8223070
:1005A000014C23401943E9E70000F0CF10B50A6879
:1005B00050F8223023F0010340F822308C68082CD8
:1005C00023D000234A682243CC681C430B69224392
:1005D0001A434B690E4C1A43CB691A430B6A1A43F0
:1005E0004B6A1A438B6A1A43CB6A1A430B6B1A4342
:1005F0008B691343CA6B09681A4350F82130A3432F
:10060000134340F82130002010BD4023DAE70000FA
:100610007FFF0F0030B5D1E9003443EA04138C6842
:100620008D89240244EA054423430C8A074D00EBDC
:10063000820005EB045423430C7D6D0105EB04643B
:10064000896923430B434360002030BD0000F0FF65
:10065000704770B590F82040012C05D0022C03D0D3
:10066000416A41F4802128E0046809B32469A407A1
:1006700020D04FF4D874056804EB01142D5915F0FF
:100680000405956005682D591AD0ED085560056878
:100690002C5904F00204D4604FF4DA74056804EBBA
:1006A00001142E5906F00F06082E0CD308250DE074
:1006B000E468DCE7416A41F400114162012070BD49
:1006C0006D0D1560E3E72D5905F00F0515610568FF
:1006D0002D59C5F30725956105682C59240C5461E3
:1006E0004FF4DC72046802EB0112A4581C70046819
:1006F000A458240A5C700468A458240C9C700468F4
:10070000A258120EDA704FF4DE72046802EB011286
:10071000A4581C710468A458240A5C710468A45885
:10072000240C9C710468A258120EDA71006829B179
:10073000016941F020010161002070BDC16841F0F4
:100740002001C160F8E72DE9F05F0546006800244C
:100750004669D0F804908768D0F80CB0D0F810A0A3
:10076000D0F81880F10748D0F90714D00121816032
:10077000B80703D5284600F065FA0CE0780702D5E3
:100780004FF4006407E0380702D54FF4805402E0CC
:10079000284600F056FAF80516D529684FF48070FF
:1007A0008860B80503D5284600F071FA0CE078059A
:1007B00002D544F4005407E0380502D544F48044DF
:1007C00002E0284600F062FAF80316D529684FF4D3
:1007D00080308860B80303D5284600F05AFA0CE050
:1007E000780302D544F4004407E0380302D544F40A
:1007F000803402E0284600F04BFA300707D55FEA64
:10080000CB6004D52968102044F40074C8607007D8
:100810004FF0080707D55FEA0B7004D52868C7605A
:10082000284600F09FF9B00706D52868C068800701
:1008300002D0284600F098F9700607D55FEACA6032
:1008400004D52968102044F480640861B00607D5F7
:100850005FEA0A7004D528680761284600F0EEF9BF
:10086000F00606D528680069800702D0284600F007
:10087000E6F9B00308D55FEAC96005D529681020FC
:100880004860284600F0DCF9F00307D55FEA0970FC
:1008900004D528684760284600F0FCF9300446D5A6
:1008A0005FEA497040D5F00504D55FEAC87001D011
:1008B00044F00104B00504D55FEA887001D544F026
:1008C0000204700504D55FEA487001D544F00404C1
:1008D000300529D518F0700F26D008F07000402898
:1008E00015D006DC102809D020280AD0302816D1CF
:1008F0000AE050280ED0602811D10EE044F0080420
:100900000DE044F010040AE044F0200407E044F055
:10091000400404E044F0800401E044F4807428685A
:10092000816921F070018161296804204860002CF0
:1009300005D0686A204368622846FFF789FEBDE853
:10094000F09F70B5040003D094F8200010B104E0CB
:10095000012070BD204600F081F82068016841F058
:100960000101016000F00CFD0546052604E000F0E1
:1009700007FD401B0A2811D820684068C007F6D040
:100980002068016821F00201016000F0F9FC0546D1
:100990000BE000F0F5FC401B0A2806D9606A40F421
:1009A0000030606284F82060D2E7206840688007E9
:1009B000EFD4207E0128206801683DD021F080011D
:1009C0000160607E01282068016838D021F0400174
:1009D0000160A07E01282068016833D021F0200149
:1009E0000160E07E0128206801682ED041F01001EE
:1009F0000160207F01282068016829D021F00801CA
:100A00000160607F01282068016824D021F0040182
:100A10000160D4E902010843D4E9041211430843F8
:100A20006168491E08432168C86100206062012096
:100A300084F82000002070BD41F08001C0E741F043
:100A40004001C5E741F02001CAE721F01001CFE7DE
:100A500041F00801D4E741F00401D9E72DE9F04362
:100A600087B0044614216846FFF7E2FB394B3A4849
:100A7000DFF8DC801968D4F800C0374A0225032665
:100A80000927DFF8D89010300024491CC44530D124
:100A90001960012907D1016841F000710160006807
:100AA00000F000700590106840F0020010601068BF
:100AB00002AB00F0020005904FF44070CDE9000554
:100AC00083E8D0006946484600F054FB00221146F6
:100AD000132000F0BBFD132000F0AAFD00221146F8
:100AE000142000F0B3FD142000F0A2FD07B0BDE813
:100AF000F083DFF86C80C445F8D1D0F800C04CF02A
:100B0000806CC0F800C0D0F800C001290CF0806CE7
:100B1000CDF814C0196007D1016841F0007101607F
:100B2000006800F000700590106840F0020010604E
:100B3000106802AB00F0020005904FF44050CDE980
:100B4000000583E8D0006946484600F013FBCDE776
:100B500000640040000000203038024000040240E1
:100B600000680040704700007CB522496D46A1F145
:100B70001C0488421DD12B4622460021FFF769FD47
:100B8000002815D11CA005F019F920A0216805F056
:100B900015F920A005F012F9002420A0295D05F028
:100BA0000DF9641CE4B2082CF7D31EA005F006F979
:100BB0007CBD104928318842FAD1A1F144022B466C
:100BC0000021FFF746FD0028F2D117A005F0F6F846
:100BD0000EA0216805F0F2F80EA005F0EFF8002451
:100BE0000EA0295D05F0EAF8641CE4B2082CF7D3E6
:100BF000DBE700006C00002043414E31205265636A
:100C00006569766564200D0A0000000049443A25B4
:100C100023780A00446174613A000000307825307E
:100C2000327820000A00000043414E3220526563B2
:100C30006569766564200D0A000000007047704702
:100C4000704770470649884201D106A004E0044974
:100C50002831884202D108A005F0B0B870470000E2
:100C60006C00002043414E312053656E6420646166
:100C70007461206F6B0D0A0043414E322053656E44
:100C8000642064617461206F6B0D0A0070477047C7
:100C90007047704770472DE9F0410446876D00F0BA
:100CA0006FFB064694F835000025022806D0802008
:100CB000606584F834500120BDE8F0812068016847
:100CC00021F0160101602068416921F08001416135
:100CD000206C08B9A06C20B12068016821F00801DF
:100CE00001602068016821F0010101600CE000F062
:100CF00047FB801B052807D920206065032084F866
:100D0000350084F83450D7E720680068C007EED17A
:100D100094F85C103F208840B860012084F83500CA
:100D200084F834500020C7E790F83510022903D02A
:100D30008021416501207047052180F83510006849
:100D4000016821F001010160002070472DE9F8439E
:100D500004464FF00009CDF8009063484FF4165157
:100D6000A56D0068B0FBF1F72E6894F85C100820C0
:100D700000FA01F131420FD021680A6852070BD501
:100D80000A6822F004020A6094F85C108840A860A7
:100D9000606D40F00100606594F85C104FF0010850
:100DA00008FA01F0304208D021684969090604D5E3
:100DB000A860606D40F00200606594F85C1004204B
:100DC0008840304208D021680968890704D5A860A6
:100DD000606D40F00400606594F85C10102088405D
:100DE000304218D021680968090714D5A860206826
:100DF0000168490304D50068000308D5A16C07E029
:100E00000168C90503D4016821F008010160216C63
:100E100009B12046884794F85C1020208840304271
:100E200031D021680968C9062DD5A86094F835002D
:100E300005282068016806D0490347D500680003EB
:100E40001DD4616C1CE021F016010160206841692D
:100E500021F080014161206C08B9A06C20B12068AC
:100E6000016821F00801016094F85C103F2088407F
:100E7000A86084F8358084F83490216D1FE0E16B20
:100E800009B120468847606D00282BD0606DC007EF
:100E900014D0052084F835002068016821F0010194
:100EA00001600098401C0090B84203D82068006898
:100EB000C007F6D184F8358084F83490E16C0029BD
:100EC00010D001B02046BDE8F04308470168C905CD
:100ED000D5D4016821F01001016084F8358084F8D0
:100EE0003490CCE7BDE8F883300000202DE9F041D4
:100EF000044600F045FA06465CB1022084F835004D
:100F0000002584F834502068016821F00101016057
:100F10000DE00120BDE8F08100F032FA801B0528C9
:100F200005D920206065032084F83500F2E72068A9
:100F30000068C007F0D12268116820480140D4E958
:100F400001031843D4E90336334318436369184354
:100F5000A3691843E3691843236A18430843616A85
:100F6000042903D1D4E90B13194308431060206806
:100F70004069666A20F0070130460E4301270428C5
:100F80000CD1A06A0643E06A40B12046FFF7AAFAF6
:100F900020B14020606584F83570BAE7206846616A
:100FA0002046FFF78BFA94F85C203F219140816046
:100FB000656584F835700020ACE700003F8010F0D4
:100FC0002DE9F0410446866D90F834000025012893
:100FD0000DD0012084F8340094F835700020012FE2
:100FE00007D084F8340002252846BDE8F0810220AD
:100FF000FBE7022784F8357060652046FFF79CFA0E
:1010000094F85C103F208840B0602068016841F08F
:1010100016010160206C20B12068016841F00801D0
:1010200001602068016841F001010160DCE7000017
:1010300070B5044600F0A4F90546601C02D00448CF
:101040000078044400F09CF9401BA042FAD370BD24
:1010500024000020F0B587B014216846FFF7E8F8B7
:101060002048016800293AD1012101601E4800246E
:10107000016841F0010101600068022500F00100F3
:1010800005904FF23F00CDE9000502AA03260C2788
:1010900082E8D0006946154800F06CF841F23F4004
:1010A000CDE9000502AA694682E8D000104800F0A8
:1010B00061F84FF68370CDE9000502AA694682E81F
:1010C000D0000C4800F056F84FF63370CDE900051B
:1010D00002AA694682E8D000074800F04BF807B042
:1010E000F0BD000008000020383802400014024023
:1010F0000018024000100240000C02400A4930B4BF
:101100000B680A4A54681B1BC82B0AD9096851602E
:10111000B0F5807F03D006A030BC04F04FBE09A01C
:10112000FAE730BC704700002C00002014000020BB
:101130006B65795F6F6B2070726573736564207582
:10114000700A00006B65795F6F6B20707265737356
:10115000656420646F776E0A00000000044910B5D2
:101160000A68024202D00860FFF7C8FF10BD000005
:10117000143C01402DE9F84FDFF8BCA10022012505
:1011800003264FF00F090AF1040BAAF1040E00BF69
:101190000B6805FA02F42340A34270D10F7907F0DF
:1011A0000307012F01D0022F16D187684FEA4208AA
:1011B00006FA08FC27EA0C07D1F80CC00CFA08FC68
:1011C0004CEA070CC0F808C04768A7430C79C4F381
:1011D000001494403C4344600C79E443A4070AD0D3
:1011E000C4684FEA420C06FA0CF7BC438F6807FA52
:1011F0000CF72743C7600C7904F00304022C12D1CA
:10120000D40800EB840CDCF820405707FF0E09FAE5
:1012100007F824EA0804D1F8108008FA07F848EA29
:101220000408CCF8208004684FEA420C06FA0CF758
:10123000BC430F7907F0030707FA0CF72743076051
:101240004C6814F4403F70D03C4C276847F480470A
:101250002760246822F0030704F480440094384C8B
:1012600007EB040CDCF8084897074FEA177809FAEF
:1012700008F7BC43334FB84202D1002724E054E0C2
:10128000314FB84201D101271EE0304FB84201D1A1
:10129000022719E02E4FB84201D1032714E02D4F49
:1012A000B84201D104270FE02B4FB84201D10527E6
:1012B0000AE02A4FB84201D1062705E0284FB8427C
:1012C00001D1072700E0082707FA08F72743CCF8E1
:1012D0000878DAF800405746D1F804C09C435FEA2A
:1012E000CC2C00D51C433C60DBF800405F46D1F8B5
:1012F00004C09C435FEA8C2C00D51C433C60DEF8A4
:1013000000407746D1F804C09C435FEA8C3C00D58E
:101310001C433C60084F083F3C68D1F804C09C4324
:101320005FEACC3C00D51C433C60521C102AFFF401
:101330002FAFBDE8F88F0000083C01404438024060
:10134000003001400000024000040240000802405A
:10135000000C02400010024000140240001802403D
:10136000001C0240426921EA02030A4043EA0241AA
:10137000816170470AB1816170470904FBE7000091
:1013800001488068704700002400002070B5040008
:1013900025D094F83D00002520B984F83C50204623
:1013A00000F0B8F8242084F83D002068016821F09E
:1013B000010101602068016841F40041016020687A
:1013C000016821F40041016000F0AAFA4D4A616809
:1013D000914201D84C4900E04C49884201D2012099
:1013E00070BD4B492368B0FBF1F15E6826F03F0603
:1013F0000E435E606368934206D94FF49673594377
:101400004FF47A73B1FBF3F12368491C1E6A26F08E
:101410003F06314319626168914210D84900401E6D
:10142000B0FBF1F2521CC2F30B02042A01D20420D9
:1014300022E0B0FBF1F0401CC0F30B001CE0A268FE
:10144000F2B301EBC10303EB0116431EB3FBF6F34A
:101450005B1C43F480431B0549D092B301EBC102EE
:1014600002EB0111401EB0FBF1F0401CC0F30B0079
:1014700040F4804040F400402168CA694CF6FF7394
:101480009A431043C861D4E90710014320680268F9
:1014900022F0C00211430160D4E903010143206836
:1014A000826848F2FF339A4311438160D4E9050111
:1014B00008432168CA6822F0FF021043C86001E0B7
:1014C0000EE016E02068016841F00101016025642A
:1014D000202084F83D00256384F83E50002070BD34
:1014E00001EB4106431EB3FBF6F35B1CB3E701209F
:1014F000C2E701EB4101401EB0FBF1F0401CC0F31C
:101500000B00B7E7A086010080841E0000093D00A3
:1015100040420F0010B586B0044614216846FEF71D
:1015200087FE13492068884220D1124800210268B2
:1015300042F002020260006800F002000590C02044
:1015400000901220CDE901010320039004200490B3
:1015500069460948FFF70EFE06481030016841F45D
:1015600000110160006800F40010059006B010BD85
:1015700000540040303802400004024002488168B4
:101580000278114481607047240000200B4810B598
:10159000016841F400710160016841F480610160FB
:1015A000016841F480710160032000F06FF80F20A2
:1015B00000F006F800F024F8002010BD003C0240C6
:1015C00070B50D4D04464FF47A712878B1FBF0F0F8
:1015D0000A490968B1FBF0F000F0A6FD48B9102CEB
:1015E00007D200222146501E00F030F800206C6027
:1015F00070BD012070BD00002400002030000020DC
:101600000A4808B5016841F480410160006800F4AF
:10161000804000900548001F016841F08051016042
:10162000006800F08050009008BD0000443802407F
:10163000002809DB00F01F020121914040098000D1
:1016400000F1E020C0F8001170470000F0B40E4B2C
:101650001B680C46C3F30223C3F10705042D00D910
:101660000425191D072901D2002300E0DB1E0126F5
:1016700006FA05F1491E214099409E40761E16400B
:101680003143F0BC04F0AABB0CED00E0064900F0C9
:10169000070208684FF6FF03184040EA0220034A99
:1016A00010430860704700000CED00E00000FA05F0
:1016B0002DE9F843054600684FF00109C1074FF0D6
:1016C000000601D1400727D5DFF80C81C8F8686013
:1016D000FFF756FE0746414C05E000BFFFF750FEFE
:1016E000C01B022857D820680001F7D46868810120
:1016F000287A41EA0070394984310860C8F8689056
:10170000FFF73EFE074604E0FFF73AFEC01B022843
:1017100041D820680001F7D52878800752D52F4896
:101720004030016841F08051016000682C4C00F0AD
:1017300080500090206840F480702060FFF720FE09
:10174000074604E0FFF71CFEC01B022823D82068D0
:10175000C005F7D5214C7034206810F4407020D0BB
:10176000A98901F4407181421BD020681D4920F4F1
:101770004070C1F800900E6020602068C00710D053
:10178000FFF7FEFD064641F2883707E0FFF7F8FD58
:10179000801BB84202D90320BDE8F8832068800787
:1017A000F4D5E9680D48C1F301220830032A0BD0B3
:1017B000016821F4F81101602068A989C1F30B01C7
:1017C000084320600020E7E70268074B22F4F81284
:1017D00019400A430260EFE7000047420038024028
:1017E00000700040400E4742FFFCFF0F2DE9F0471C
:1017F0000E46050065D0DFF81481D8F80000F7B276
:1018000000F00700B04207D288F80070D8F8000056
:1018100000F00700B04254D128683D4C810712D532
:10182000400703D5206840F4E05020602878000786
:1018300003D5206840F4604020602068A96820F04B
:10184000F000084320602878C0072DD03049686830
:101850000839012812D0022813D0032811D00968B2
:10186000890700292DDA216821F003010143216055
:10187000FFF786FD814641F2883A0EE00968890348
:10188000EFE709688901ECE7FFF77AFDA0EB0901B2
:10189000514502D90320BDE8F0872068696800F04F
:1018A0000C00B0EB810FEFD1D8F80010404601F0EA
:1018B0000701B14207D90770006800F00700B04285
:1018C00001D00120E7E72878400705D52068E968BE
:1018D00020F4E050084320602878000706D52068EF
:1018E000296920F4604040EAC100206000F038F827
:1018F0002168084AC1F30311515CC84006490860D9
:1019000006480068FFF75CFE0020C4E7003C024088
:1019100008380240E4AD0008300000202800002014
:101920000448054900680968044AC1F38221515CF2
:10193000C84070473000002008380240F4AD00086D
:101940000448054900680968044AC1F34231515C02
:10195000C84070473000002008380240F4AD00084D
:10196000154810B5006810F00C02144813D041104F
:10197000042A0FD0082A0ED10F4C241F2268236896
:1019800002F03F025B0207D52068C0F38810A0FB7D
:10199000010106E0084610BD2168C1F38811A1FBD2
:1019A00000010023FEF70CFC2168C1F30141491C32
:1019B0004900B0FBF1F010BD083802400024F400EB
:1019C0002DE9F84F04006ED02078DFF84C93C00763
:1019D000A9F104054AD009F104000168C1F38101AD
:1019E000012908D00068C0F3810002280AD1D9F883
:1019F0000000400206D52868800337D560680028BB
:101A0000E1D033E06068B0F5803F10D0B0F5A02F92
:101A1000286810D020F480302860286820F48020C6
:101A200028606068A8B1FFF7ABFC06460DE02868A7
:101A300040F48030F4E740F480202860F7E700BFEE
:101A4000FFF79EFC801B642873D828688003F7D5B5
:101A50000CE0FFF795FC064605E000BFFFF790FCA1
:101A6000801B6428F0D828688003F7D42078DFF83A
:101A7000AC8280074FF0000A3ED5A748001D0168E0
:101A800011F00C0F08D00068C0F3810002280BD1C0
:101A9000D9F80000400207D42868800716D5E0680E
:101AA000012800D112E033E1E068B8B10120C8F8A4
:101AB0000000FFF765FC064605E000BFFFF760FC8D
:101AC000801B0228C0D828688007F7D528682169BC
:101AD00020F0F80040EAC10028600DE0C8F800A03E
:101AE000FFF74EFC064604E0FFF74AFC801B022885
:101AF0001FD828688007F7D42078000722D5864FA2
:101B000087486169703771B101210160FFF738FCC6
:101B1000064604E0FFF734FC801B022809D8386829
:101B20008007F7D50EE0C0F800A0FFF729FC0646B5
:101B300005E082E0FFF724FC801B02287DD838688E
:101B40008007F7D42078400768D5DFF8CCB10027AC
:101B50000BF13C0BDBF80000C0000BD4DBF80010ED
:101B600041F08051CBF80010DBF80000012700F0B5
:101B7000805000906B4E3068C00510D4306840F43F
:101B800080703060FFF7FCFB009005E0FFF7F8FB8A
:101B90000099401A022850D83068C005F6D55E4E2C
:101BA000A0686C3601280FD00528306810D020F0CE
:101BB00001003060306820F004003060A068B8B1E7
:101BC000FFF7DEFB00900FE0306840F00100F4E723
:101BD00040F004003060F7E7FFF7D2FB0099411AAC
:101BE00041F28830814266D830688007F4D50EE033
:101BF000FFF7C6FB009007E0FFF7C2FB0099411A10
:101C000041F28830814256D830688007F4D42FB131
:101C1000DBF8001021F08051CBF80010A069C8B3A8
:101C20003D49091D0968C1F3810102294AD00228F2
:101C3000504607D0C8F8600000E03CE0FFF7A0FB8A
:101C400004463BE04746C8F86000FFF799FB0646AC
:101C500005E000BFFFF794FB801B02282BD8286803
:101C60008001F7D4D4E907010843A16A2E4A490844
:101C700002EB0141626A41EA8211084394F82C1098
:101C800040EA0161C9F8001001203866FFF778FBCF
:101C9000044606E03EE000BFFFF772FB001B02288F
:101CA00009D828688001F7D534E000BFFFF768FB4A
:101CB000001B022802D90320BDE8F88F28688001A4
:101CC000F4D427E00128F7D0D9F80000E26900F445
:101CD000800191421CD1226A00F03F01914217D14C
:101CE00047F6C071626A0140B1EB821F10D1A26A4F
:101CF0004FF0FF3300F4403103EB5202B1EB024FDF
:101D000006D194F82C1000F07060B0EB016F01D098
:101D10000120D1E70020CFE704380240000047420D
:101D2000800E4742007000400000FFFF0068503006
:101D300050F8210070470068503040F8212070476B
:101D400010B5040002D0607F10B106E0012010BD84
:101D500000202077204600F041F8022060772068BC
:101D6000C168C943C90632D5CA21416221685320DE
:101D70004862204603F020FD20BB20688168164A97
:101D8000114081602168886862681043D4E90423A7
:101D90001A43104388602168E0680861206801697F
:101DA000228941EA02410161204603F029FD48B938
:101DB00021680A6C22F480220A6421680A6CA369F3
:101DC0001A430A642268FF21516208B110BD002045
:101DD0000121617710BD0000BFFF8FFF1FB50021FB
:101DE00000910191029103910068084988420CD149
:101DF00002200090C00103906846FFF759FC08B12B
:101E0000FEF7B3FB0249012008601FBD0028004017
:101E10003C0E474270B50446007F0B46012819D09E
:101E20000126267702206077B2B19878D97840EA07
:101E3000014558781978000240EA4130054321688D
:101E4000CA204862216853204862204603F0B4FC4F
:101E5000D0B122E0022070BD5878C10603D500F051
:101E6000EF000A305870D87803F09BFC02045878D1
:101E700003F097FC42EA0022987803F092FC0243B8
:101E8000187842EA4035DAE707480540206845609F
:101E9000204603F0B5FC00B966772268FF21516245
:101EA0000021217770BD00003FFFFF002DE9F041C8
:101EB0000446007F0D46012823D04FF0010884F826
:101EC0001C80022060772068002780684FEA40600D
:101ED000D2B1002800DBEF70A878297840EA0146EB
:101EE0006878E978000240EA815006432168CA20F8
:101EF0004862216853204862204603F05DFCB8B177
:101F00002CE00220BDE8F081002800DBEF7028788B
:101F100003F047FC0204687803F043FC42EA002225
:101F2000A87803F03EFC0243E87842EA8056DDE7F9
:101F30000D480640206806602068816821F48021F1
:101F40008160D5E90301084321688A6810438860ED
:101F5000204603F055FC08B984F81D802268FF2153
:101F600051622777CEE700007F7F7F0070B504467F
:101F70000B482168C860FFF703FA05464FF47A76EC
:101F800007E000BFFFF7FCF9401BB04201D9032076
:101F900070BD2068C0688006F4D5002070BD0000C8
:101FA0005F7F010070B5040009D0606A002540B170
:101FB00025616561A56294F8510040B10CE00120F3
:101FC00070BD6068B0F5827FF4D0E561F2E784F817
:101FD0005050204600F044F8022084F85100206858
:101FE000016821F040010160A088218900F482701D
:101FF00001F404410843A18901F400610843217CF4
:1020000001F002010843217D01F001010843218B09
:1020100001F400710843217F01F03801084394F86E
:10202000201001F080010843218D01F40051084384
:1020300021680860A069042101EA104094F8241086
:1020400001F010010843216848602068C16921F44B
:102050000061C1616565012084F85100002070BDF8
:1020600010B586B0044614216846FEF7E1F813491E
:102070002068884220D112480021026842F4805230
:102080000260006800F4805005900D481438026822
:1020900042F002020260006800F002000590382061
:1020A00000900220CDE90101032003900520049057
:1020B00069460448FFF75EF806B010BD00300140E5
:1020C000443802400004024070B515460E46040034
:1020D00003D094F8490010B107E0012070BD002042
:1020E00084F84800204600F01DF804F1080120683B
:1020F000FEF75CFA3146A2682068FEF78BFAD4E955
:1021000001022946236BFEF733FA2168A06851F8D3
:10211000202042F0010241F82020012084F84900EB
:10212000002070BDFEF796BF10B5401EB0F1807F55
:1021300001D3012010BD4FF0E02460610F21601732
:1021400003F04CFE0020A06107202061002010BD9C
:1021500070477047F8B5016804460868CA684B695B
:1021600010F00F0F4FF0000559D003F0010602F4F4
:102170009077374365D0C10705D0D10503D5616C91
:1021800041F001016164410705D5D90703D0616CB5
:1021900041F002016164810705D5D90703D0616C64
:1021A00041F004016164010707D502F020013143C9
:1021B00003D0616C41F008016164616C00293AD080
:1021C000800604D5900602D5204603F04EFC206818
:1021D0004069616CC0F38010090700D460B32046E9
:1021E00003F00EFC20684069400621D520681430B9
:1021F00050E8001F21F0400140E80012002AF5D10C
:10220000E06BA8B172490165E06BFEF78DFD002817
:1022100011D0E06B016D01B0BDE8F04008478306C6
:102220000FD593060DD52046BDE8F84003F01DBC40
:102230002046FFF78EFFF8BD2046FFF78AFF656452
:10224000F8BD266B2023012E7ED1C6067CD5D6068E
:102250007AD508684868009048694FF00206400641
:102260004DD5E26B106840684FF480770004000C95
:102270003AD0A18D814237D9E085D069B8422DD0BE
:1022800020680C3050E8001F21F4807140E80012F3
:10229000002AF5D12068143050E8001F21F0010118
:1022A00040E80012002AF5D12068143050E8001FE1
:1022B00021F0400140E80012002AF5D184F84230B4
:1022C000256320680C3050E8001F21F0100140E821
:1022D0000012002AF5D1E06BFEF7DDFC6663A08DED
:1022E000E18D401A81B206E0A18D8142A8D1D0696A
:1022F000B842A5D166632046FFF72AFFF8BDA08D3E
:10230000E18D401A81B2E08D0028F7D00029F5D088
:1023100020680C3050E8002F22F4907240E800272B
:10232000002FF5D12068143050E8002F22F0010270
:1023300040E80027002FF5D184F84230256320685B
:102340000C3050E8002F00E006E022F0100240E8D8
:102350000023002BF3D1CDE705062BD5150629D593
:1023600094F841002128C9D1A068B0F5805F01D15F
:102370002069B0B1206A411C216221680078486060
:10238000E08C401E0004000CE084B7D12068C168D6
:1023900021F08001C1602068C16841F04001C16046
:1023A000F8BD206A0088C0F308004860206A801CDD
:1023B0002062E5E74006F3D55006F1D5CA6820460D
:1023C00022F04002CA6084F8413000F021F9F8BDE3
:1023D0000559000870B5040004D094F841000025A8
:1023E00010B106E0012070BD84F84050204600F096
:1023F00023F8242084F841002068C16821F40051AA
:10240000C160204603F092FB2068016921F49041ED
:1024100001612068416921F02A0141612068C16899
:1024200041F40051C1606564202084F8410084F8C3
:1024300042006563002070BD70B586B00646142169
:102440006846FDF7F5FE24493068884242D12348AA
:102450000025016841F010010160006800F01000E3
:1024600005901E481438016841F0010101600068C0
:10247000694600F0010005904FF4C0600090022012
:10248000019001200290032003900720049014483B
:10249000FEF770FE144C134820604FF00060C4E952
:1024A00001054014C4E9035080106561C4E9065079
:1024B000256220466562FEF719FD08B1FEF755F862
:1024C000F463002211462520A663FFF7BFF82520FC
:1024D000FFF7AEF806B070BD00100140443802406E
:1024E00000000240406402407003002090F8423037
:1024F000202B01D00220704721B11AB100230363C1
:1025000003F09ABB0120704710B5084A0168914258
:102510000BD1074C074B21784A421944D2B24FF0F5
:10252000FF3300F025F80020207010BD001001409E
:10253000100000202802002070B50A4A016891426C
:102540000ED1094C4FF0FF332178C1F18002D5B292
:10255000064A11442A4600F00BF8207828442070DF
:1025600070BD000000100140100000202802002073
:102570002DE9F843044690F84100984616460D466A
:10258000202802D00220BDE8F88385B17EB100206A
:102590006064212084F84100FEF7F2FEA6848146A3
:1025A000E684A0682027B0F5805F02D003E0012018
:1025B000E9E7206910B12E4600250EE000260CE068
:1025C0008021204603F088FBA8B9C6B116F8010B9C
:1025D00021684860E08C401EE084E08C4B464FF060
:1025E0000002CDF800800028EAD14FF040012046DB
:1025F00003F072FB40B184F841700320C3E735F863
:10260000020BC0F30800E3E784F841700020BAE74A
:102610007047FEE770B50A490646002408884D88D1
:1026200021464543204602F009FD02F08FFEB0B27C
:10263000044901E00880641CAC42FBD370BD00007B
:10264000D00300200020006C2DE9F04F2B492C26F0
:102650000A46887192884FF4305A4FF4285B4FF441
:10266000487541F6631E2B274FF02A0C4FF0F008F7
:1026700045F210594FF4A0744FF4F073B8B10C80C8
:10268000A1F802804A4532D1A1F808A0A1F80AB009
:10269000380288810D804B80A2F5A640103801D108
:1026A0000B804C80BDE8F04F002002F007BCA1F881
:1026B00000804C804A4507D1A1F808A0A1F80AB0D3
:1026C0004FF42C50888105E072450E8105D14F8171
:1026D000A1F80CC00B804D8002E0A1F80AC08F81E8
:1026E000A2F5A6401038DDD10C804B80DAE70E81D0
:1026F000A1F80AC072458F81CCD0CDE7D00300206D
:102700002DE9FE4F161ACDE900104FF000085D1AB2
:1027100047464FF0FF30002E02DD4FF0010102E08E
:1027200003D14FF000018B4602E08346C6F100065C
:10273000002D02DD4FF0010002E003D14FF0000058
:10274000824602E08246C5F10005AE4201DD344614
:1027500000E02C46601C4FF00009029018E0009841
:1027600081B2019880B200F019F8B0442F44A0451E
:1027700004DD0198A8EB040858440190A74203DD4A
:1027800000983F1B5044009009F101001FFA80F9A6
:1027900002998945E3DDBDE8FE8F000000B502F037
:1027A0004DFC02F0D3FD024802490088088000BDBC
:1027B0001C0000200020006CF0B51C4615460E469B
:1027C00007460B46FFF79CFF3A4623463146104624
:1027D000FFF796FF23462A4619463846FFF790FF33
:1027E0002A4623463146BDE8F0401046FFF788BF31
:1027F0002DE9FC4F80460025144603200F46A0EB30
:10280000440649E0381B81B208EB050A01901FFA23
:102810008AF0FFF7C3FF781B81B208EB0409009030
:102820001FFA89F0FFF7BAFF07EB050B1FFA8BF1D0
:102830001FFA89F0FFF7B2FF07EB04091FFA89F1CD
:102840001FFA8AF0FFF7AAFFA8EB050A1FFA89F121
:102850001FFA8AF0FFF7A2FFA8EB04091FFA8BF119
:102860001FFA89F0FFF79AFF019881B21FFA8AF0E8
:10287000FFF794FF009881B21FFA89F0FFF78EFFEF
:102880006D1C002E03DA06EB8506B61D04E0281B3E
:1028900006EB8006641E0A36A542B3DDBDE8FC8F58
:1028A0002DE9F0419046304A0D460446060A9188CB
:1028B00010462F0A4089A1F5AA43103B0FD0A1F57D
:1028C000C853633B24D002F035FD304602F026FDAC
:1028D000E0B202F023FD908902F02CFD36E002F018
:1028E00029FD304602F01AFD5089401C80B202F0EA
:1028F00021FDE0B202F012FD908902F01BFD384686
:1029000002F00CFD9089401C80B202F013FD20E023
:10291000917919B91188091B491E8CB202F00AFD80
:10292000260A304602F0FAFCE0B202F0F7FC30462C
:1029300002F0F4FCE0B202F0F1FC908902F0FAFC43
:10294000384602F0EBFCE8B202F0E8FC384602F050
:10295000E5FCE8B202F0E2FC044910890880891C19
:10296000A1F80080BDE8F081D0030020FE1F006CBC
:102970002DE9F05FD32002F0DDFC02F06DFAFE4A93
:10298000908002F069FA908002F066FA4FF6FF7AC2
:102990000AEA0020908002F05FFA918849F24139FA
:1029A0000843908047F2897545F2103645F210547D
:1029B00041F66317484564D0042002F0BBFC02F0E6
:1029C0004BFA908002F048FA908002F045FA0AEA49
:1029D0000020D046908002F03FFA91880843A0F58D
:1029E00005419080523949D0A8424AD0D42002F003
:1029F000A1FC02F031FA908002F02EFA908002F0F1
:102A00002BFA08EA0020908002F026FA9188084309
:102A10009080B04235D04FF45A4002F08BFC02F067
:102A20001BFA90804FF45B4002F084FC02F014FA31
:102A300008EA002090804FF45C4002F07BFC02F03A
:102A40000BFA918808439080B0F5004F7ED0A042E9
:102A500017D0A12002F06EFC02F0FEF9908002F087
:102A6000FBF908EA0020908002F0F6F9918808430B
:102A7000A0F5AE419080613902D002E0958000E07F
:102A8000978090469188BDA003F098F9B8F80400AB
:102A900048457DD1CF2002F04DFC002002F03EFCE5
:102AA000C12002F03BFC302002F038FCED2002F0A7
:102AB00041FC642002F032FC032002F02FFC1220C3
:102AC00002F02CFC812002F029FCE82002F032FC0C
:102AD000852002F023FC102002F020FC7A2002F076
:102AE0001DFCCB2002F026FC392002F017FC2C2024
:102AF00002F014FC002002F011FC342002F00EFC65
:102B0000022002F00BFCF72002F014FC202002F05F
:102B100005FCEA2002F00EFC002002F0FFFB002082
:102B200002F0FCFBC02002F005FC1B2002F0F6FBCB
:102B3000C12002F0FFFB012002F0F0FBC52002F0F3
:102B4000F9FB302002F0EAFB302000E0B8E002F0B0
:102B5000E5FBC72002F0EEFBB72002F0DFFB3620DA
:102B600002F0E8FB482002F0D9FB3A2002F0E2FB39
:102B7000552002F0D3FBB12002F0DCFB002002F074
:102B8000CDFB1A2002F0CAFBB62002F0D3FB00E016
:102B900098E00A2002F0C2FBA22002F0BFFBF22064
:102BA00002F0C8FB002002F0B9FB262002F0C2FBB5
:102BB000012002F0B3FBE02002F0BCFB0F2002F08A
:102BC000ADFB2A2002F0AAFB282002F0A7FB082078
:102BD00002F0A4FB0E2002F0A1FB082002F09EFBF5
:102BE000542002F09BFBA92002F098FB432002F046
:102BF00095FB0A2002F092FB0F2002F08FFB0020D1
:102C000002F08CFB002002F089FB002002F086FB22
:102C1000002002F083FBE12002F08CFB002002F098
:102C20007DFB152002F07AFB172002F077FB0720CE
:102C300002F074FB112002F071FB062002F06EFB23
:102C40002B2002F06BFB562002F068FB3C2002F0C8
:102C500065FB052002F062FB102002F05FFB0F20F5
:102C600002F05CFB3F2002F059FB3F2002F056FBD4
:102C70000F2002F053FB2B2002F05CFB002002F03F
:102C80004DFB002002F04AFB012002F047FB3F20F1
:102C900002F044FB2A2002F04DFB002002F03EFB34
:102CA000002002F03BFB002002F038FBEF2002F096
:102CB00035FB112002F03EFB7820FEF7B9F9DDE08C
:102CC0009480DEE6A8427CD1112002F033FB78200C
:102CD000FEF7AEF9362002F02DFB002002F01EFBBD
:102CE0003A2002F027FB052002F018FBB22002F088
:102CF00021FB0C2002F012FB0C2002F00FFB002045
:102D000002F00CFB332002F009FB332002F006FB3B
:102D1000B72002F00FFB352002F000FBBB2002F0D1
:102D200009FB322002F0FAFAC02002F003FB0C206B
:102D300002F0F4FAC22002F0FDFA012002F0EEFAED
:102D4000C32002F0F7FA102002F0E8FAC42002F0E3
:102D5000F1FA202002F0E2FAC62002F0EBFA0F208E
:102D600002F0DCFAD02002F0E5FAA42002F0D6FA54
:102D7000A12002F0D3FA07E0D00300204C43442006
:102D800049443A25780D0A00E02002F0D3FAD02019
:102D900002F0C4FA002002F0C1FA022002F0BEFAEA
:102DA000072002F0BBFA0A2002F0B8FA282002F04D
:102DB000B5FA322002F0B2FA442002F0AFFA422013
:102DC00000E05EE002F0AAFA062002F0A7FA0E2068
:102DD00002F0A4FA122002F0A1FA142002F09EFAE6
:102DE000172002F09BFAE12002F0A4FAD02002F0B2
:102DF00095FA002002F092FA022002F08FFA0720E2
:102E000002F08CFA0A2002F089FA282002F086FAF1
:102E1000312002F083FA542002F080FA472002F0B9
:102E20007DFA0E2002F07AFA1C2002F077FA1720C1
:102E300002F074FA1B2002F071FA1E2002F06EFA02
:102E40002A2002F077FA002002F068FA002002F04F
:102E500065FA002002F062FAEF2002F05FFA2B2000
:102E600002F068FA002002F059FA002002F056FA47
:102E7000012002F053FA3F2002F050FA292001F01D
:102E8000FABEB0427ED1ED2002F054FA012002F0E9
:102E900045FAFE2002F042FAEE2002F04BFADE2064
:102EA00002F03CFA212002F039FAF12002F042FA55
:102EB000012002F033FADF2002F03CFA102002F089
:102EC0002DFAC42002F036FA8F2002F027FAC6202D
:102ED00002F030FA002002F021FAE22002F01EFA9D
:102EE000E22002F01BFAE22002F018FABF2002F002
:102EF00021FAAA2002F012FAB02002F01BFA0D20EB
:102F000002F00CFA002002F009FA0D2002F006FA95
:102F1000002002F003FA112002F000FA002002F073
:102F2000FDF9192002F0FAF9002002F0F7F921204A
:102F300002F0F4F9002002F0F1F92D2002F0EEF990
:102F4000002002F0EBF93D2002F0E8F9002002F049
:102F5000E5F95D2002F0E2F9002002F0DFF95D20E2
:102F600002F0DCF9002002F0D9F9B12002F0E2F918
:102F7000802002F0D3F9002002F0D0F98B2002F07B
:102F8000CDF900E0FDE3002002F0C8F9962002F040
:102F9000C5F9002002F0C2F9B22002F0CBF90020FE
:102FA00002F0BCF9002002F0B9F9022002F0B6F9F3
:102FB000002002F0B3F9032002F0B0F9002002F083
:102FC000ADF9B32002F0B6F9002002F0A7F9002015
:102FD00002F0A4F9002002F0A1F9002002F09EF90D
:102FE000002002F09BF9002002F098F9002002F086
:102FF00095F9002002F092F9002002F08FF90020EC
:1030000002F08CF9002002F089F9002002F086F924
:10301000002002F083F9002002F080F9002002F085
:103020007DF9002002F07AF9002002F077F9002003
:1030300002F074F9002002F071F9002002F06EF93C
:10304000002002F06BF9002002F068F9002002F085
:1030500065F9002002F062F9B42002F06BF98B20D0
:1030600002F05CF9002002F059F9962002F056F9BE
:10307000002002F053F9A12002F050F9002002F0E4
:103080004DF9B52002F056F9022002F047F9002070
:1030900002F044F9032002F041F9002002F03EF969
:1030A000042002F03BF9002002F038F9B62002F0CB
:1030B00041F9002002F032F9002002F02FF9B72088
:1030C00002F038F9002002F029F9002002F026F978
:1030D0003F2002F023F9002002F020F95E2002F0E8
:1030E0001DF9002002F01AF9642002F017F90020FF
:1030F00002F014F98C2002F011F9002002F00EF910
:10310000AC2002F00BF9002002F008F9DC2002F0FC
:1031100005F9002002F002F9702002F0FFF800200B
:1031200002F0FCF8902002F0F9F8002002F0F6F826
:10313000EB2002F0F3F8002002F0F0F8DC2002F0BF
:10314000EDF8002002F0EAF8B82002F0F3F80020D1
:1031500002F0E4F8002002F0E1F8002002F0DEF8CE
:10316000002002F0DBF8002002F0D8F8002002F086
:10317000D5F8002002F0D2F8002002F0CFF8BA20F3
:1031800002F0D8F8242002F0C9F8002002F0C6F8B6
:10319000002002F0C3F8002002F0C0F8C12002F0C5
:1031A000C9F8202002F0BAF8002002F0B7F8542045
:1031B00002F0B4F8002002F0B1F8FF2002F0AEF8FF
:1031C000002002F0ABF8C22002F0B4F80A2002F0AE
:1031D000A5F8002002F0A2F8042002F09FF80020D9
:1031E00002F09CF8C32002F0A5F83C2002F096F80B
:1031F000002002F093F83A2002F090F8002002F04C
:103200008DF8392002F08AF8002002F087F8372084
:1032100002F084F8002002F081F83C2002F07EF8F1
:10322000002002F07BF8362002F078F8002002F04F
:1032300075F8322002F072F8002002F06FF82F20AB
:1032400002F06CF8002002F069F82C2002F066F819
:10325000002002F063F8292002F060F8002002F05C
:103260005DF8262002F05AF8002002F057F82420DA
:1032700002F054F8002002F051F8242002F04EF839
:10328000002002F04BF8232002F048F8002002F062
:1032900045F83C2002F042F8002002F03FF83620CA
:1032A00002F03CF8002002F039F8322002F036F843
:1032B000002002F033F82F2002F030F8002002F056
:1032C0002DF82C2002F02AF8002002F027F82920FF
:1032D00002F024F8002002F021F8262002F01EF867
:1032E000002002F01BF8242002F018F8002002F061
:1032F00015F8242002F012F8002002F00FF8232025
:1033000002F00CF8002002F009F8C42002F012F8D4
:10331000622002F003F8002002F000F8052001F01E
:10332000FDFF002001F0FAFF842001F0F7FF0020EC
:1033300001F0F4FFF02001F0F1FF002001F0EEFFBA
:10334000182001F0EBFF002001F0E8FFA42001F0BD
:10335000E5FF002001F0E2FF182001F0DFFF002070
:1033600001F0DCFF502001F0D9FF002001F0D6FF72
:103370000C2001F0D3FF002001F0D0FF172001F056
:10338000CDFF002001F0CAFF952001F0C7FF00200B
:1033900001F0C4FFF32001F0C1FF002001F0BEFFE7
:1033A000E62001F0BBFF002001F0B8FFC52001F0CE
:1033B000C1FF322001F0B2FF002001F0AFFF442036
:1033C00001F0ACFF002001F0A9FF652001F0A6FF8D
:1033D000002001F0A3FF762001F0A0FF002001F003
:1033E0009DFF882001F09AFF002001F097FFC62082
:1033F00001F0A0FF202001F091FF002001F08EFFDE
:10340000172001F08BFF002001F088FF012001F060
:1034100085FF002001F082FFC72001F08BFF002014
:1034200001F07CFF002001F079FF002001F076FF21
:10343000002001F073FFC82001F07CFF002001F0A4
:103440006DFF002001F06AFF002001F067FF0020FF
:1034500001F064FFC92001F06DFF002001F05EFF64
:10346000002001F05BFF002001F058FF002001F078
:1034700055FF002001F052FF002001F04FFF002017
:1034800001F04CFF002001F049FF002001F046FF51
:10349000002001F043FF002001F040FF002001F078
:1034A0003DFF002001F03AFF002001F037FF00202F
:1034B00001F034FF002001F031FFE02001F03AFF7D
:1034C000162001F02BFF002001F028FF1C2001F046
:1034D00025FF002001F022FF212001F01FFF002026
:1034E00001F01CFF362001F019FF002001F016FF4B
:1034F000462001F013FF002001F010FF522001F0E0
:103500000DFF002001F00AFF642001F007FF0020FA
:1035100001F004FF7A2001F001FF002001F0FEFE1F
:103520008B2001F0FBFE002001F0F8FE992001F055
:10353000F5FE002001F0F2FEA82001F0EFFE0020D1
:1035400001F0ECFEB92001F0E9FE002001F0E6FEFA
:10355000C42001F0E3FE002001F0E0FECA2001F0EB
:10356000DDFE002001F0DAFED22001F0D7FE0020BF
:1035700001F0D4FED92001F0D1FE002001F0CEFEF2
:10358000E02001F0CBFE002001F0C8FEF32001F0A6
:10359000C5FE002001F0C2FEE12001F0CBFE1620A6
:1035A00001F0BCFE002001F0B9FE1C2001F0B6FEC7
:1035B000002001F0B3FE222001F0B0FE002001F057
:1035C000ADFE362001F0AAFE002001F0A7FE452046
:1035D00001F0A4FE002001F0A1FE522001F09EFEA9
:1035E000002001F09BFE642001F098FE002001F015
:1035F00095FE7A2001F092FE002001F08FFE8B20D4
:1036000001F08CFE002001F089FE992001F086FE79
:10361000002001F083FEA82001F080FE002001F0D0
:103620007DFEB92001F07AFE002001F077FEC42073
:1036300001F074FE002001F071FECA2001F06EFE60
:10364000002001F06BFED22001F068FE002001F0A6
:1036500065FED82001F062FE002001F05FFEE02050
:1036600001F05CFE002001F059FEF32001F056FE4F
:10367000002001F053FEE22001F05CFE052001F085
:103680004DFE002001F04AFE0B2001F047FE002015
:1036900001F044FE1B2001F041FE002001F03EFE3F
:1036A000342001F03BFE002001F038FE442001F000
:1036B00035FE002001F032FE4F2001F02FFE0020E9
:1036C00001F02CFE612001F029FE002001F026FE11
:1036D000792001F023FE002001F020FE882001F077
:1036E0001DFE002001F01AFE972001F017FE0020B9
:1036F00001F014FEA62001F011FE002001F00EFEE4
:10370000B72001F00BFE002001F008FEC22001F0FE
:1037100005FE002001F002FEC72001F0FFFD0020A1
:1037200001F0FCFDD12001F0F9FD002001F0F6FDD3
:10373000D62001F0F3FD002001F0F0FDDD2001F0C6
:10374000EDFD002001F0EAFDF32001F0E7FD00208F
:1037500001F0E4FDE32001F0EDFD052001F0DEFDC8
:10376000002001F0DBFD0A2001F0D8FD002001F06F
:10377000D5FD1C2001F0D2FD002001F0CFFD33204B
:1037800000E0FAE201F0CAFD002001F0C7FD44208C
:1037900001F0C4FD002001F0C1FD502001F0BEFD8C
:1037A000002001F0BBFD622001F0B8FD002001F017
:1037B000B5FD782001F0B2FD002001F0AFFD8820BA
:1037C00001F0ACFD002001F0A9FD972001F0A6FD5D
:1037D000002001F0A3FDA62001F0A0FD002001F0D3
:1037E0009DFDB72001F09AFD002001F097FDC22059
:1037F00001F094FD002001F091FDC72001F08EFD45
:10380000002001F08BFDD12001F088FD002001F0A7
:1038100085FDD52001F082FD002001F07FFDDD2037
:1038200001F07CFD002001F079FDF32001F076FD30
:10383000002001F073FDE42001F07CFD012001F087
:103840006DFD002001F06AFD012001F067FD002000
:1038500001F064FD022001F061FD002001F05EFD39
:103860002A2001F05BFD002001F058FD3C2001F012
:1038700055FD002001F052FD4B2001F04FFD0020CE
:1038800001F04CFD5D2001F049FD002001F046FDF6
:10389000742001F043FD002001F040FD842001F080
:1038A0003DFD002001F03AFD932001F037FD00209E
:1038B00001F034FDA22001F031FD002001F02EFDC9
:1038C000B32001F02BFD002001F028FDBE2001F007
:1038D00025FD002001F022FDC42001F01FFD002085
:1038E00001F01CFDCD2001F019FD002001F016FDB6
:1038F000D32001F013FD002001F010FDDD2001F0C8
:103900000DFD002001F00AFDF32001F007FD00206D
:1039100001F004FDE52001F00DFD002001F0FEFCAA
:10392000002001F0FBFC002001F0F8FC002001F079
:10393000F5FC022001F0F2FC002001F0EFFC292050
:1039400001F0ECFC002001F0E9FC3C2001F0E6FC79
:10395000002001F0E3FC4B2001F0E0FC002001F02E
:10396000DDFC5D2001F0DAFC002001F0D7FC7420C2
:1039700001F0D4FC002001F0D1FC842001F0CEFC49
:10398000002001F0CBFC932001F0C8FC002001F0E6
:10399000C5FCA22001F0C2FC002001F0BFFCB32056
:1039A00001F0BCFC002001F0B9FCBE2001F0B6FC27
:1039B000002001F0B3FCC42001F0B0FC002001F0B5
:1039C000ADFCCD2001F0AAFC002001F0A7FCD32023
:1039D00001F0A4FC002001F0A1FCDC2001F09EFC21
:1039E000002001F09BFCF32001F098FC002001F086
:1039F00095FCE62001F09EFC112001F08FFC0020D8
:103A000001F08CFC342001F089FC002001F086FCE0
:103A1000562001F083FC002001F080FC762001F0AC
:103A20007DFC002001F07AFC772001F077FC00207B
:103A300001F074FC662001F071FC002001F06EFCC6
:103A4000882001F06BFC002001F068FC992001F057
:103A500065FC002001F062FCBB2001F05FFC00204F
:103A600001F05CFC992001F059FC002001F056FCAB
:103A7000662001F053FC002001F050FC552001F0BD
:103A80004DFC002001F04AFC552001F047FC0020CD
:103A900001F044FC452001F041FC002001F03EFC17
:103AA000432001F03BFC002001F038FC442001F0F1
:103AB00035FC002001F032FCE72001F03BFC322015
:103AC00001F02CFC002001F029FC552001F026FC1F
:103AD000002001F023FC762001F020FC002001F002
:103AE0001DFC662001F01AFC002001F017FC672085
:103AF00001F014FC002001F011FC672001F00EFC25
:103B0000002001F00BFC872001F008FC002001F0F0
:103B100005FC992001F002FC002001F0FFFBBB2016
:103B200001F0FCFB002001F0F9FB992001F0F6FB0D
:103B3000002001F0F3FB772001F0F0FB002001F002
:103B4000EDFB442001F0EAFB002001F0E7FB5620EA
:103B500001F0E4FB002001F0E1FB232001F0DEFB9B
:103B6000002001F0DBFB332001F0D8FB002001F046
:103B7000D5FB452001F0D2FB002001F0CFFBE8206F
:103B800001F0D8FB002001F0C9FB002001F0C6FBCA
:103B9000992001F0C3FB002001F0C0FB872001F059
:103BA000BDFB002001F0BAFB882001F0B7FB00202C
:103BB00001F0B4FB772001F0B1FB002001F0AEFB77
:103BC000662001F0ABFB002001F0A8FB882001F08B
:103BD000A5FB002001F0A2FBAA2001F09FFB002022
:103BE00001F09CFBBB2001F099FB002001F096FB4B
:103BF000992001F093FB002001F090FB662001F07A
:103C00008DFB002001F08AFB552001F087FB00208E
:103C100001F084FB552001F081FB002001F07EFBC8
:103C2000442001F07BFB002001F078FB442001F0F0
:103C300075FB002001F072FB552001F06FFB0020A6
:103C400001F06CFBE92001F075FBAA2001F066FB96
:103C5000002001F063FB002001F060FB002001F078
:103C60005DFB002001F066FBAA2001F057FBCF208E
:103C700001F060FB002001F051FB002001F04EFB41
:103C8000002001F04BFB002001F048FB002001F078
:103C900045FB002001F042FB002001F03FFB00202B
:103CA00001F03CFB002001F039FB002001F036FB65
:103CB000002001F033FB002001F030FB002001F078
:103CC0002DFB002001F02AFB002001F027FB002043
:103CD00001F024FB002001F021FBF02001F02AFB81
:103CE000002001F01BFB502001F018FB002001F028
:103CF00015FB002001F012FB002001F00FFBF32068
:103D000001F018FB002001F009FBF92001F012FB83
:103D1000062001F003FB102001F000FB292001F038
:103D2000FDFA002001F0FAFA3A2001F003FB5520D9
:103D300001F0F4FA112001F0FDFA6420FDF778F9A2
:103D4000292001F0F7FA352001F0F4FA002001F003
:103D5000E5FA512001F0EEFAFF2001F0DFFA5320DE
:103D600001F0E8FA2C2001F0D9FA552001F0E2FA2E
:103D7000822001F0D3FA2C20FDE3A0427ED14FF443
:103D800070435521184601F0EBFA4FF20105AA21C4
:103D9000284601F0E5FA4FF2020B5221584601F095
:103DA000DFFA0821A81C01F0DBFA0121E81C01F070
:103DB000D7FA0D214FF4304001F0D2FA0D214BF229
:103DC000010001F0CDFA0D214BF2020001F0C8FA1A
:103DD00034214FF4364001F0C3FA34214BF2016034
:103DE00001F0BEFA34214BF2026001F0B9FA0D2164
:103DF0004FF4314001F0B4FA0D214BF2011001F003
:103E0000AFFA0D214BF2021001F0AAFA34214FF45F
:103E1000374001F0A5FA34214BF2017001F0A0FA0D
:103E200034214BF2027001F09BFA00214FF4324032
:103E300001F096FA00214BF2012001F091FA0021E5
:103E40004BF2022001F08CFA24214FF4384001F0AB
:103E500087FA24214BF6010001F082FA24214BF667
:103E6000020001F07DFA01214FF43F4001F078FAA1
:103E70000F214FF4334001F073FA00E0FEE30F210D
:103E80004BF2013001F06CFA0F214BF2023001F0DD
:103E900067FA34214FF4394001F062FA34214BF6CD
:103EA000011001F05DFA34214BF6021001F058FACE
:103EB00008214FF4354001F053FA08214BF201502C
:103EC00001F04EFA08214BF2025001F049FA0321A9
:103ED0004FF4424001F044FA24214FF43A4001F0FB
:103EE0003FFA24214BF6012001F03AFA24214BF647
:103EF000022001F035FA00214FF43C4001F030FA85
:103F000078214BF6014001F02BFA00214BF60240DC
:103F100001F026FA00214FF43D4001F021FA78210A
:103F20004BF6015001F01CFA00214BF6025001F053
:103F300017FA00214FF43E4001F012FA64214BF6CB
:103F4000016001F00DFA00214FF4514001F008FA30
:103F500033214DF2011001F003FA00214DF202105D
:103F600001F0FEF934214DF2031001F0F9F90021BE
:103F70004DF2041001F0F4F93A214DF2051001F070
:103F8000EFF900214DF2061001F0EAF94A214DF255
:103F9000071001F0E5F900214DF2081001F0E0F9F9
:103FA0005C214DF2091001F0DBF900214DF20A10FD
:103FB00001F0D6F981214DF20B1001F0D1F9002169
:103FC0004DF20C1001F0CCF9A6214DF20D1001F0CC
:103FD000C7F900214DF20E1001F0C2F9E5214DF2B2
:103FE0000F1001F0BDF901214DF2101001F0B8F9E8
:103FF00013214DF2111001F0B3F901214DF212100D
:1040000001F0AEF954214DF2131001F0A9F901218C
:104010004DF2141001F0A4F982214DF2151001F0B7
:104020009FF901214DF2161001F09AF9CA214DF2C3
:10403000171001F095F902214DF2181001F090F9D6
:1040400000214DF2191001F08BF902214DF21A10E6
:1040500001F086F901214DF21B1001F081F90221D6
:104060004DF21C1001F07CF934214DF21D1001F0CD
:1040700077F902214DF21E1001F072F967214DF21D
:104080001F1001F06DF902214DF2201001F068F9C6
:1040900084214DF2211001F063F902214DF222102A
:1040A00001F05EF9A4214DF2231001F059F902212B
:1040B0004DF2241001F054F9B7214DF2251001F012
:1040C0004FF902214DF2261001F04AF9CF214DF2AD
:1040D000271001F045F902214DF2281001F040F9B6
:1040E000DE214DF2291001F03BF902214DF22A1098
:1040F00001F036F9F2214DF22B1001F031F90221D5
:104100004DF22C1001F02CF9FE214DF22D1001F092
:1041100027F903214DF22E1001F022F910214DF262
:104120002F1001F01DF903214DF2301001F018F9A4
:1041300033214DF2311001F013F903214DF2321009
:1041400001F00EF96D214DF2331001F009F9002153
:104150004FF4524001F004F933214DF2012001F0F7
:10416000FFF800214DF2022001F0FAF834214DF25F
:10417000032001F0F5F800214DF2042001F0F0F8E1
:104180003A214DF2052001F0EBF800214DF2062016
:1041900001F0E6F84A214DF2072001F0E1F8002194
:1041A0004DF2082001F0DCF85C214DF2092001F00D
:1041B000D7F800214DF20A2001F0D2F881214DF20A
:1041C0000B2001F0CDF800214DF20C2001F0C8F8D1
:1041D000A6214DF20D2001F0C3F800214DF20E2072
:1041E00001F0BEF8E5214DF20F2001F0B9F80121F0
:1041F0004DF2102001F0B4F813214DF2112001F01E
:10420000AFF801214DF2122001F0AAF854214DF22D
:10421000132001F0A5F801214DF2142001F0A0F8BF
:1042200082214DF2152001F09BF801214DF216205C
:1042300001F096F8CA214DF2172001F091F8022101
:104240004DF2182001F08CF800214DF2192001F0F8
:1042500087F802214DF21A2001F082F801214DF277
:104260001B2001F07DF802214DF21C2001F078F8AE
:1042700034214DF21D2001F073F802214DF21E2071
:1042800001F06EF867214DF21F2001F069F802215C
:104290004DF2202001F064F884214DF2212001F03C
:1042A0005FF802214DF2222001F05AF8A4214DF2CC
:1042B000232001F055F802214DF2242001F050F89E
:1042C000B7214DF2252001F04BF802214DF22620B6
:1042D00001F046F8CF214DF2272001F041F80221EC
:1042E0004DF2282001F03CF8DE214DF2292001F0AA
:1042F00037F802214DF22A2001F032F8F2214DF276
:104300002B2001F02DF802214DF22C2001F028F88D
:10431000FE214DF22D2001F023F803214DF22E2035
:1043200001F01EF810214DF22F2001F019F80321A1
:104330004DF2302001F014F833214DF2312001F01C
:104340000FF803214DF2322001F00AF86D214DF2F1
:10435000332001F005F800214FF4534001F000F83C
:1043600033214DF2013000F0FBFF00214DF202300D
:1043700000F0F6FF34214DF2033000F0F1FF002190
:104380004DF2043000F0ECFF3A214DF2053000F020
:10439000E7FF00214DF2063000F0E2FF4A214DF226
:1043A000073000F0DDFF00214DF2083000F0D8FFAB
:1043B0005C214DF2093000F0D3FF00214DF20A30AC
:1043C00000F0CEFF81214DF20B3000F0C9FF00213B
:1043D0004DF20C3000F0C4FFA6214DF20D3000F07C
:1043E000BFFF00214DF20E3000F0BAFFE5214DF283
:1043F0000F3000F0B5FF01214DF2103000F0B0FF9A
:1044000013214DF2113000F0ABFF01214DF21230BB
:1044100000F0A6FF54214DF2133000F0A1FF01215E
:104420004DF2143000F09CFF82214DF2153000F067
:1044300097FF01214DF2163000F092FFCA214DF294
:10444000173000F08DFF02214DF2183000F088FF88
:1044500000214DF2193000F083FF02214DF21A3095
:1044600000F07EFF01214DF21B3000F079FF0221A8
:104470004DF21C3000F074FF34214DF21D3000F07D
:104480006FFF02214DF21E3000F06AFF67214DF2EE
:104490001F3000F065FF02214DF2203000F060FF78
:1044A00084214DF2213000F05BFF02214DF22230D9
:1044B00000F056FFA4214DF2233000F051FF0221FD
:1044C0004DF2243000F04CFFB7214DF2253000F0C2
:1044D00047FF02214DF2263000F042FFCF214DF27E
:1044E000273000F03DFF02214DF2283000F038FF68
:1044F000DE214DF2293000F033FF02214DF22A3047
:1045000000F02EFFF2214DF22B3000F029FF0221A6
:104510004DF22C3000F024FFFE214DF22D3000F042
:104520001FFF03214DF22E3000F01AFF10214DF233
:104530002F3000F015FF03214DF2303000F010FF56
:1045400033214DF2313000F00BFF03214DF23230B8
:1045500000F006FF6D214DF2333000F001FF002125
:104560004FF4544000F0FCFE33214DF2014000F0C6
:10457000F7FE002100E07EE34DF2024000F0F0FE85
:1045800034214DF2034000F0EBFE00214DF20440D7
:1045900000F0E6FE3A214DF2054000F0E1FE002178
:1045A0004DF2064000F0DCFE4A214DF2074000F0DB
:1045B000D7FE00214DF2084000F0D2FE5C214DF202
:1045C000094000F0CDFE00214DF20A4000F0C8FE87
:1045D00081214DF20B4000F0C3FE00214DF20C4052
:1045E00000F0BEFEA6214DF20D4000F0B9FE002104
:1045F0004DF20E4000F0B4FEE5214DF20F4000F008
:10460000AFFE01214DF2104000F0AAFE13214DF241
:10461000114000F0A5FE01214DF2124000F0A0FE75
:1046200054214DF2134000F09BFE01214DF2144045
:1046300000F096FE82214DF2154000F091FE01211E
:104640004DF2164000F08CFECA214DF2174000F0EA
:1046500087FE02214DF2184000F082FE00214DF24B
:10466000194000F07DFE02214DF21A4000F078FE64
:1046700001214DF21B4000F073FE00E0FEE202213A
:104680004DF21C4000F06CFE34214DF21D4000F054
:1046900067FE02214DF21E4000F062FE67214DF2DE
:1046A0001F4000F05DFE02214DF2204000F058FE58
:1046B00084214DF2214000F053FE02214DF22240B0
:1046C00000F04EFEA4214DF2234000F049FE0221ED
:1046D0004DF2244000F044FEB7214DF2254000F099
:1046E0003FFE02214DF2264000F03AFECF214DF26E
:1046F000274000F035FE02214DF2284000F030FE48
:10470000DE214DF2294000F02BFE02214DF22A401D
:1047100000F026FEF2214DF22B4000F021FE022196
:104720004DF22C4000F01CFEFE214DF22D4000F019
:1047300017FE03214DF22E4000F012FE10214DF223
:104740002F4000F00DFE03214DF2304000F008FE36
:1047500033214DF2314000F003FE03214DF232408F
:1047600000F0FEFD6D214DF2334000F0F9FD002117
:104770004FF4554000F0F4FD33214DF2015000F0AC
:10478000EFFD00214DF2025000F0EAFD34214DF220
:10479000035000F0E5FD00214DF2045000F0E0FD73
:1047A0003A214DF2055000F0DBFD00214DF206509C
:1047B00000F0D6FD4A214DF2075000F0D1FD002156
:1047C0004DF2085000F0CCFD5C214DF2095000F094
:1047D000C7FD00214DF20A5000F0C2FD81214DF2CB
:1047E0000B5000F0BDFD00214DF20C5000F0B8FD63
:1047F000A6214DF20D5000F0B3FD00214DF20E50F8
:1048000000F0AEFDE5214DF20F5000F0A9FD0121B1
:104810004DF2105000F0A4FD13214DF2115000F0A4
:104820009FFD01214DF2125000F09AFD54214DF2EE
:10483000135000F095FD01214DF2145000F090FD51
:1048400082214DF2155000F08BFD01214DF21650E2
:1048500000F086FDCA214DF2175000F081FD0221C3
:104860004DF2185000F07CFD00214DF2195000F07F
:1048700077FD02214DF21A5000F072FD01214DF238
:104880001B5000F06DFD02214DF21C5000F068FD40
:1048900034214DF21D5000F063FD02214DF21E50F7
:1048A00000F05EFD67214DF21F5000F059FD02211E
:1048B0004DF2205000F054FD84214DF2215000F0C3
:1048C0004FFD02214DF2225000F04AFDA4214DF28D
:1048D000235000F045FD02214DF2245000F040FD30
:1048E000B7214DF2255000F03BFD02214DF226503C
:1048F00000F036FDCF214DF2275000F031FD0221AE
:104900004DF2285000F02CFDDE214DF2295000F030
:1049100027FD02214DF22A5000F022FDF2214DF236
:104920002B5000F01DFD02214DF22C5000F018FD1F
:10493000FE214DF22D5000F013FD03214DF22E50BB
:1049400000F00EFD10214DF22F5000F009FD032163
:104950004DF2305000F004FD33214DF2315000F0A3
:10496000FFFC03214DF2325000F0FAFC6D214DF2B4
:10497000335000F0F5FC00214FF4564000F0F0FCFD
:1049800033214DF2016000F0EBFC00214DF202609A
:1049900000F0E6FC34214DF2036000F0E1FC002160
:1049A0004DF2046000F0DCFC3A214DF2056000F0AD
:1049B000D7FC00214DF2066000F0D2FC4A214DF2F6
:1049C000076000F0CDFC00214DF2086000F0C8FC4B
:1049D0005C214DF2096000F0C3FC00214DF20A6039
:1049E00000F0BEFC81214DF20B6000F0B9FC00210B
:1049F0004DF20C6000F0B4FCA6214DF20D6000F009
:104A0000AFFC00214DF20E6000F0AAFCE5214DF252
:104A10000F6000F0A5FC01214DF2106000F0A0FC39
:104A200013214DF2116000F09BFC01214DF2126048
:104A300000F096FC54214DF2136000F091FC01212E
:104A40004DF2146000F08CFC82214DF2156000F0F4
:104A500087FC01214DF2166000F082FCCA214DF264
:104A6000176000F07DFC02214DF2186000F078FC28
:104A700000214DF2196000F073FC02214DF21A6022
:104A800000F06EFC01214DF21B6000F069FC022178
:104A90004DF21C6000F064FC34214DF21D6000F00A
:104AA0005FFC02214DF21E6000F05AFC67214DF2BE
:104AB0001F6000F055FC02214DF2206000F050FC18
:104AC00084214DF2216000F04BFC02214DF2226066
:104AD00000F046FCA4214DF2236000F041FC0221CD
:104AE0004DF2246000F03CFCB7214DF2256000F04F
:104AF00037FC02214DF2266000F032FCCF214DF24E
:104B0000276000F02DFC02214DF2286000F028FC07
:104B1000DE214DF2296000F023FC02214DF22A60D3
:104B200000F01EFCF2214DF22B6000F019FC022176
:104B30004DF22C6000F014FCFE214DF22D6000F0CF
:104B40000FFC03214DF22E6000F00AFC10214DF203
:104B50002F6000F005FC03214DF2306000F000FCF6
:104B600033214DF2316000F0FBFB03214DF2326046
:104B700000F0F6FB6D214DF2336000F0F1FB5521A2
:104B8000184600F0EDFBAA21284600F0E9FB52216F
:104B9000584600F0E5FB0821A81C00F0E1FB0021CD
:104BA000E81C00F0DDFBCC214FF4314000F0D8FBD5
:104BB00000214BF2011000F0D3FB05214FF43640E9
:104BC00000F0CEFB70214FF4374000F0C9FB70219C
:104BD0004BF2017000F0C4FB01214FF4384000F0AB
:104BE000BFFB03214BF6010000F0BAFB03214BF69B
:104BF000020000F0B5FB03214BF6030000F0B0FB10
:104C000002214FF43C4000F0ABFB00214BF6014089
:104C100000F0A6FB00214BF6024000F0A1FBD021E2
:104C20004FF4494000F09CFB02214CF6011000F0CB
:104C300097FB50214CF6021000F092FB50214CF6ED
:104C4000031000F08DFB50214CF6041000F088FB9F
:104C500000214FF4545000F083FB55214FF468506D
:104C600000F07EFB4FF4885000F064FB782001F0E8
:104C700006FB4FF4245000F05DFBB9E0B842FCD1D4
:104C8000E22000F057FB1D2000F048FB022000F05E
:104C900045FB042000F042FB642001F0F0FAE02024
:104CA00000F048FB012000F039FB0A20FCF7C0F9B6
:104CB000E02000F03FFB032000F030FB0C20FCF76D
:104CC000B7F9012000F036FB0A20FCF7B1F9E62025
:104CD00000F030FB2F2000F021FBFF2000F01EFB36
:104CE000FF2000F01BFBB02000F024FB202000F090
:104CF00015FB002000F012FB032000F00FFB40F238
:104D00001F3000F00BFB012000F008FB40F2DF1029
:104D100000F004FB002000F001FBB42000F00AFBCF
:104D2000042000F0FBFA40F21F4000F0F7FA0020E8
:104D300000F0F4FA2E2000F0F1FA002000F0EEFA74
:104D4000002000F0EBFA002000F0E8FA002000F06C
:104D5000E5FAB62000F0EEFA022000F0DFFA4FF498
:104D6000037000F0DBFA002000F0D8FA172000F002
:104D7000D5FA152000F0D2FA002000F0CFFA00207A
:104D800000F0CCFAF02000F0D5FA032000F0C6FACB
:104D9000292000F0CFFAD02000F0CCFA002000F05B
:104DA000BDFABE2000F0C6FA052000F0B7FAFE20DA
:104DB00000F0B4FA012000F0B1FA002000F0AEFAE1
:104DC000002000F0ABFA002000F0A8FAB82000F0B4
:104DD000B1FA032000F0A2FA012000F09FFABA20F5
:104DE00000F0A8FA012000F099FA642000F03EF8E3
:104DF000B8F80400484505D0B04203D0A04201D025
:104E0000B84219D14FF02040D0F81C1121F00F0109
:104E1000C0F81C11D0F81C1121F47061C0F81C11ED
:104E2000D0F81C1141F00301C0F81C11D0F81C117E
:104E300041F40071C0F81C110020FDF705FC0122AF
:104E400091020448FCF796FA5046BDE8F05FFDF782
:104E5000E1BB000000140240034808B50088ADF82B
:104E60000000BDF8000008BD0020006C10B502462F
:104E7000BE2000F05FFA052000F050FA1046FBF764
:104E800054FA9FED0C1B53EC112BFBF7DCF9FBF7ED
:104E900059FA80B200F042FA012000F03FFAFF20F8
:104EA00000F03CFA002000F039FABDE81040002084
:104EB00000F034BA666666666666044070B55E4C9D
:104EC00000232146A279898841F66316012A01D080
:104ED0001AB10CE0B14202D109E0B14207D1082871
:104EE00005D2DFE800F0161812140C19100E08286D
:104EF00012D2DFE800F0110406080A0C0E1080231D
:104F00000AE0402308E0C02306E0202304E06023F9
:104F100002E0A02300E0E02345F21055A94202D1AF
:104F20004FF4585000E03620A1F51342413A03D027
:104F3000A1F5EE42893A01D143F00803194600F089
:104F40000FFAA188B1420AD098062088628802D55B
:104F5000904202D303E0904201D9228060806089B0
:104F6000A94240D100F0E6F9002000F0D7F96089AD
:104F7000401C80B200F0DEF9002000F0CFF960891B
:104F8000801C80B200F0D6F92088401EC0F30F20AC
:104F900000F0C4F96089C01C80B200F0CBF9207821
:104FA000401EC0B200F0BAF9A08900F0C3F9002099
:104FB00000F0B4F9A089401C80B200F0BBF90020D9
:104FC00000F0ACF9A089801C80B200F0B3F96088D1
:104FD000401EC0F30F2000F0A1F9A089C01C80B2D0
:104FE00000F0A8F921E000F0A5F9002000F096F902
:104FF000002000F093F92088401EC0F30F2000F03D
:105000008DF92078401EC0B200F088F9A08900F028
:1050100091F9002000F082F9002000F07FF960880B
:10502000401EC0F30F2000F079F9A078BDE8704071
:10503000401EC0B200F072B9D0030020F0B53B4A68
:105040000D460446060A918810462F0A4089A1F5AC
:10505000C853633B16D0A1F5AA43103B4CD000F0D7
:1050600069F9304600F05AF9E0B200F057F990893A
:1050700000F060F9384600F051F9E8B2BDE8F040C0
:1050800000F04CB9917931B300F054F9304600F09A
:1050900045F9E0B200F042F91088401EC0F30F203D
:1050A00000F03CF91078401E5FFA80F000F036F90D
:1050B000908900F03FF9384600F030F9E8B200F08E
:1050C0002DF95088401EC0F30F2000F027F990788A
:1050D000401EC0B2D2E71188091B491E8CB200F0F5
:1050E00029F9002000F01AF9002000F017F9200A31
:1050F00000F014F9E0B2D9E700F01CF9304600F0F6
:105100000DF95089401C80B200F014F9E0B200F0B3
:1051100005F9908900F00EF9384600F0FFF8908903
:10512000401C80B200F006F9A7E70000D003002081
:105130002DE9FF4F1D460C468A46580700D0012036
:1051400000EBD500690810FB01F0203A00F0FF09E0
:10515000D0B20026DFF8A4B002904BE00C2D11D0A5
:10516000102D14D0182D17D0202D45D12449029888
:1051700001EBC0104FF00008875D380613D52148B9
:10518000026814E00298204900EB400008E01F4943
:10519000029801EB0010EDE702981D4900EBC000FA
:1051A00001EB8000E6E70D9828B9164842682146D1
:1051B0000098FDF775FB7806070E641CBBF802002B
:1051C000A4B2A04218D9A4EB0A00A84209D10098C1
:1051D0005446401C80B20090BBF8001081420BD9AD
:1051E00006E008F1010000F0FF08B8F1080FC4D391
:1051F000761CF6B24E45B1D3BDE8FF8FD003002038
:105200005C7E00081C0000209C660008106B0008F3
:10521000007100082DE9F84F044600F0FF0910194D
:105220000D46DDE90AB61FFA80F8581987B24FF02B
:10523000000A12E0444503D305EB0B004C4685B24F
:10524000BD420FD25B4629462046CDF800A0FFF7AD
:105250006FFF04EB5B0084B2761C3278A2F1200071
:105260005E28E7D9BDE8F88F2DE9FF4F81B04FF0F8
:105270000008DDE90EBA1E46814644460AF00105E3
:105280004FEA5B072CE0301B401EC1B20A2000F041
:105290008CFD0399B1FBF0F00A21B0FBF1F201FBA8
:1052A0001200B8F1000F05D1711E8C4202DA48B12C
:1052B0004FF001083030C2B207FB049080B25B4669
:1052C000009508E05FEA0A6007FB049080B25B4645
:1052D00000950AD530220299FFF72AFF641CE4B238
:1052E000B442D0D305B0BDE8F08F2022F3E710B56B
:1052F00001F07CF84FF47A742046FBF799FE01F038
:105300000BF82046FBF794FE0F2001F025F820460D
:10531000FBF78EFEBDE8104001F00AB901B5BDF8FB
:105320000000ADF80000BDF800000149088008BD8C
:105330000020006C01B5BDF80000ADF80000BDF81C
:1053400000000149088008BDFE1F006C02480349A7
:105350000089088070470000D0030020FE1F006C09
:10536000024A1080901C018070470000FE1F006CF4
:105370000E4810B50C4901601521416000214FF421
:1053800080328160C0E90312416101764176817605
:10539000C17601774177FBF7D4FA002803D0BDE846
:1053A0001040FBF7E2B810BD006400406C00002024
:1053B0000E4810B50C4901601521416000214FF4E1
:1053C00080328160C0E903124161017641768176C5
:1053D000C17601774177FBF7B4FA002803D0BDE826
:1053E0001040FBF7C2B810BD0068004094000020D8
:1053F000094808B5016841F4800101600068002295
:1054000000F48000009011463A20FCF71FF9BDE837
:1054100008403A20FCF70CB9303802402DE9F04F33
:105420008FB01C216846FAF703FF1C2107A8FAF782
:10543000FFFE2E484FF0040B0024C0E902B41025F3
:10544000C0E904458461C4614FF4805A0462C0E934
:10545000094AC46204634463DFF8949084634FF0A4
:1054600020484464C0E900890F26CDE9004602A91E
:105470000A20112781E8B100002269461B480694E2
:10548000FCF722FE08B1FBF770F8184806215030EF
:1054900007AAC0E90214C0E904458461C46104623A
:1054A000C0E9094A4FF48041C0E90B414463846379
:1054B0004464C0E900898DE850080597CDE903658B
:1054C000FF20CDE90646CDE908600848CDE90C7417
:1054D000CDE90A6569465030FCF7F6FD002801D099
:1054E000FBF743F80FB0BDE8F08F0000BC000020D0
:1054F000040100A02DE9F04786B014216846FAF7B0
:1055000097FE4B480024016841F0040101600168E6
:1055100001F004010591016841F02001016001687A
:1055200001F020010591016841F0800101600168EE
:1055300001F080010591016841F0010101600168FD
:1055400001F001010591016841F04001016001682D
:1055500001F040010591016841F01001016001680E
:1055600001F010010591016841F00201016001683C
:1055700001F002010591016841F008010160006835
:10558000012200F008002B4F95020590294638466D
:10559000FBF7F0FEDFF8A090002201214846FBF760
:1055A000E9FE012258214846FBF7E4FEDFF88CA013
:1055B0004FF40048012241465046FBF7DBFE0095C0
:1055C000032601250396CDE9015469463846FBF7C9
:1055D000D1FD59200090CDE9015469464846039415
:1055E000FBF7C8FD2F024FF404100097CDE9010529
:1055F00069465046FBF7BEFD009769464846CDE92F
:105600000145FBF7B7FDCDF800800396CDE90154C5
:1056100069465046FBF7AEFD002211461720FCF705
:1056200015F81720FCF704F806B0BDE8F087000075
:1056300030380240001402400000024000180240CE
:105640000D4810B50B4901600C49416000214FF431
:1056500080428160C0E9031241618161C1610162E0
:10566000FBF794FE002803D0BDE81040FAF77DBF99
:1056700010BD0000005400405C010020A086010025
:1056800070B586B014216846FAF7D2FD234800248D
:1056900021490594C0E900147F218160FF21C0E900
:1056A000031444618461FCF74BFB08B1FAF75DFF1A
:1056B00000211A48FCF73AFB46F26666B04228D051
:1056C00009258DF8005035208DF801008DF8024035
:1056D00003940122694611480494FCF7E7FB08B1E2
:1056E000FAF743FF06208DF814008DF81550262098
:1056F0008DF816008DF81740012205A90748FCF720
:1057000089FB08B1FAF731FF324601210348FCF763
:1057100012FB06B070BD000000280040B001002060
:105720000F4810B50D4901604FF4827141600021AE
:105730008160C1604FF400720161C0E90512C1616E
:105740000162416281620A21C162FCF72BFC0028E0
:1057500003D0BDE81040FAF708BF10BD003001408B
:10576000D00100200C4810B50A4901604FF4E13126
:105770004160002181600C22C160C0E90412816196
:10578000C161FCF727FE002803D0BDE81040FAF7FE
:10579000ECBE10BD0010014028030020FEE7FEE72C
:1057A0007047002102E00A38C0B2491C0A28FAD228
:1057B000090740EA116070472DE9F041044600688E
:1057C0000025C168490618D4C16841F08001C16054
:1057D000FBF7D6FD06464FF47A78042707E000BFB2
:1057E000FBF7CEFD801B404501D967770125206876
:1057F000C068400601D4002DF2D02846BDE8F081F3
:1058000070B5044600680025C16821F08001C160C0
:1058100020688068800606D42046FCF7A7FB10B1FC
:10582000042060770125284670BD704710B5FBF74E
:10583000A5FE08490868401C0860B0F57A7F07D3C8
:1058400000200860BDE8104008210348FBF78ABD2E
:1058500010BD0000140000200000024030B593B0DD
:1058600030216846FAF7E4FC14210CA8FAF7E0FCB2
:105870001E480025016841F080510160006800F079
:10588000805011901A48016841F48041016000681D
:10589000022400F480401190052000904FF48030E5
:1058A0000190012002908005CDE9064008AA04205D
:1058B000A82182E813000B906846FCF781F808B134
:1058C00072B6FEE70CA90F2081E831004FF4A0501A
:1058D0000F904FF48050109005210CA8FBF786FF25
:1058E000002801D072B6FEE713B030BD4038024048
:1058F000007000400248016841F470010160704787
:1059000088ED00E010B5806B0021C185FCF721FC1B
:1059100010BD70B5846B2068406994F84110C0F3E5
:10592000C0100025212904D118B1E584204600F0DB
:105930008EF82068406994F84210C0F38010222944
:1059400004D118B1E585204600F05AF8606C40F0AB
:10595000100060642046FCF7FCFB70BD10B50146EA
:10596000806B096809684FF00002C9052ED4C28512
:1059700001680C3151E8003F23F4807341E80034A2
:10598000002CF5D10168143151E8003F23F00103E8
:1059900041E80034002CF5D10168143151E8003F92
:1059A00023F0400341E80034002CF5D1202180F899
:1059B0004210016B012909D101680C3151E8003F07
:1059C00023F0100341E80034002CF5D14263016B51
:1059D000012902D0FCF798FD10BD818DFCF7B8FBC2
:1059E00010BD10B5806B01214163016B012902D00C
:1059F000FCF7A2FD10BD818D4908FCF7A9FB10BD85
:105A000001680C3151E8002F22F4907241E8002324
:105A1000002BF5D10168143151E8002F22F001026A
:105A200041E80023002BF5D1016B012909D1016860
:105A30000C3151E8002F22F0100241E80023002B26
:105A4000F5D1202180F842100021016370470168E0
:105A50000C3151E8002F22F0C00241E80023002B56
:105A6000F5D1202180F84110704708B590F8421018
:105A7000222901D0022008BD82684FF480539A4247
:105A800001D1016921B1816A9A421BD04AB10AE071
:105A90000268816A5268C2F308020A80816A891C1E
:105AA00008E0026972B10268526802F07F020A706F
:105AB000816A491C8162C18D491E0904090CC18596
:105AC00003D01BE002685268F1E70168CA6822F05F
:105AD0002002CA600168CA6822F48072CA60016844
:105AE0004A6922F001024A61202180F84210002117
:105AF0004163026B012A03D0FCF706FD002008BDBC
:105B0000016301680C3151E8002F22F0100241E8D6
:105B10000023002BF5D101680A68D20602D50A6875
:105B200049680091818DFCF713FBE7E770B50446E7
:105B300000680169E26821F4405111430161216963
:105B4000A068E26908436169114308432168CA6893
:105B500049F20C639A430243CA6020684169A26912
:105B600021F440711143416131492068884202D0DB
:105B70003049884202D1FBF7E3FE01E0FBF7D0FE9B
:105B8000E2690023192164253226B2F5004F6268CC
:105B900028D0A0FB0101930F9200FAF711FB0146F8
:105BA000B0FBF5F06FF01802504301EB800006EBFC
:105BB0000010B0FBF5F000F0F002B1FBF5F002EBE5
:105BC0000012B1FBF5F06FF01803584301EB8000B1
:105BD00006EB0010B0FBF5F000F00F002168104458
:105BE000886070BDA0FB010192185B41FAF7E8FAEA
:105BF0000146B0FBF5F00201B1FBF5F06FF01803C0
:105C0000584301EB800006EBC000B0FBF5F000F05C
:105C1000F80002EB4002B1FBF5F0584301EB8000C5
:105C200006EBC000B0FBF5F000F00700D6E700007F
:105C3000001001400014014038B58162044682859D
:105C4000002013466064222284F84220E56B1F4A3C
:105C5000EA63E56B1E4A2A64E56B1E4AEA64E26B5E
:105C600010650A462168E06B091DFBF7A9F930B100
:105C700010206064202084F84200012038BD206894
:105C8000016840680090206948B120680C3050E8F5
:105C9000001F41F4807140E80012002AF5D120680D
:105CA000143050E8001F41F0010140E80012002AC2
:105CB000F5D12068143050E8001F41F0400140E861
:105CC0000012002AF5D1002038BD00005D590008FF
:105CD000E3590008135900082DE9F8439846174680
:105CE0000D460446089E24E0701C22D0FBF748FBBA
:105CF000A0EB0800B0421AD8CEB12068C1684907AD
:105D000017D5802D15D0402D13D00168C943090740
:105D10000FD401680025406800902046FFF770FE10
:105D20000820606484F840500120BDE8F883032017
:105D3000FBE72068006835EA000004D00020B84284
:105D4000D2D00020F1E70120F9E7000010B50448A7
:105D5000FCF700FABDE81040014800F003B800006D
:105D6000280300200C4A0168914214D10A68D243EA
:105D7000D20610D46FF010020A6008490968496819
:105D8000084B4A4206490978521A1944D2B24FF0D8
:105D9000FF33FCF7EDBB704700100140700300209B
:105DA0001000002028020020FEE70246012000E04B
:105DB0005043491EC9B2FBD2704700000FB4054BD7
:105DC00010B503A9044A029800F028F810BC5DF849
:105DD00014FB00008D620008340000200907090E42
:105DE000002804DB00F1E02080F80014704700F088
:105DF0000F0000F1E02080F8141D704702E008C891
:105E0000121F08C1002AFAD170477047002001E034
:105E100001C1121F002AFBD1704700002DE9FF4F7E
:105E20008DB00F460546002606E025280BD0DDE99B
:105E30000F1290476D1C761C28780028F5D111B000
:105E40003046BDE8F08F0024A246A1460122EC496D
:105E500000E0044315F8013F203B02FA03F008423A
:105E6000F7D128782A2810D06FF02F022878A0F1D7
:105E70003001092914D80AEB8A0102EB410144F0F0
:105E8000020400EB010A6D1CF0E701CF5FEA000A93
:105E900003D544F40054CAF1000A44F002046D1C16
:105EA00028782E2817D115F8010F44F004042A2869
:105EB0000ED06FF02F022878A0F1300109290AD8FE
:105EC00009EB890102EB410100EB01096D1CF2E7CE
:105ED00057F8049B6D1C28786C280FD006DC4C28E2
:105EE00017D068280DD06A2814D104E0742810D087
:105EF0007A280FD10DE044F400140AE044F4801431
:105F000001E044F440146978814202D104F5801420
:105F10006D1C6D1C2A786E2A1FD00CDC632A31D0D0
:105F200004DC002A8BD0582A11D1A3E0642A68D05F
:105F3000692A0CD165E0732A2ED004DC6F2A73D055
:105F4000702A04D19BE0752A6FD0782A6ED0104653
:105F5000DDE90F129047761C50E1C4F3025002288D
:105F600006D0032809D0042801CF09D0066045E1F6
:105F700001CFF117C0E9006140E101CF06803DE1AA
:105F800006703BE117F8040B8DF8000000208DF837
:105F90000100EB46012003E057F804BB4FF0FF304F
:105FA00061074FF0000102D40DE008F101018846BD
:105FB00049450FDA8045F8DB1BF808100029F4D1B9
:105FC00008E008F1010188468142FADB1BF808105D
:105FD0000029F6D1DDE90F23AAEB0800814621460E
:105FE00000F036F9304400EB080604E0DDE90F125A
:105FF0001BF8010B9047B8F10108F7D2214648463B
:10600000F7E00A21C4F302534FF0000B0891022B72
:1060100004D001CFC117032B09D00AE0FF1D27F0E0
:106020000707F7E8020108E032E01FE020E000B2D5
:10603000C117042B01D140B2C117031E71F1000337
:1060400007DA4FF0000CD0EB0C006CEB01012D23B4
:1060500002E0230504D52B238DF82430012303E02F
:10606000E30701D02023F7E7984658E00A2110E023
:1060700010210EE010204FF0000B08900CE01021D2
:106080004FF0000B44F004044FF00809089103E0BE
:1060900008214FF0000B0891C4F30253022B04D0E7
:1060A00001CF0021032B06D006E0FF1D27F00707D4
:1060B000F7E8020103E080B2042B00D1C0B24FF038
:1060C000000823072BD5702A07D0DDF820C08CF0FC
:1060D000100C5CEA0B0C05D00EE040238DF8243048
:1060E000012308E050EA010306D030238DF8243064
:1060F0008DF8252002239846DDF820C08CF0080C8E
:106100005CEA0B0C0BD150EA010301D1630706D501
:1061100030238DF824304FF00108A9F10109582AE5
:1061200004D038A20B9208AA0A920BE03AA2F9E72F
:106130005B46089AFAF744F80B9B9B5C0A9A521E3E
:106140000A92137050EA0102F2D10A98ADEB0000F6
:1061500000F1200B600702D524F4803401E04FF0F9
:106160000109D94502DDA9EB0B0000E0002000EB9E
:106170000B0141440890AAEB010AE00306D4DDE9D3
:106180000F232146504600F063F806444FF0000903
:1061900008E009A911F80900DDE90F12904709F19B
:1061A0000109761CC145F4DBE0030CD5DDE90F23C2
:1061B0002146504600F04CF8064404E0DDE90F1299
:1061C00030209047761C0899481E08900029F5DC7D
:1061D00008E00A980A990078491C0A91DDE90F1233
:1061E0009047761CBBF10001ABF1010BF1DC2146BD
:1061F0005046DDE90F2300F019F806446D1C1BE63C
:10620000092801003031323334353637383961628C
:106210006364656600000000303132333435363750
:106220003839414243444546000000002DE9F04121
:10623000044600251E461746880404D405E0394666
:106240002020B0476D1C641EF9D52846BDE8F081BA
:106250002DE9F041044600251E469046C80301D5AD
:10626000302700E02027880404D505E04146384661
:10627000B0476D1C641EF9D52846BDE8F081A82101
:106280004843800800BF401EFCD2704713B54FF052
:10629000FF33012269460248FCF76AF900981CBDE9
:1062A00028030020FBF772F9FFF7D8FAFFF722F96D
:1062B000FFF79EF8FFF756FAFFF7E2F9FFF7C0F98C
:1062C000FFF72EFAFFF754F8FFF772F8FFF7A6F87A
:1062D0000CA0FFF773FD0E480068C16841F0100183
:1062E000C1604FF480720B490948FCF7FFF8FCF7D6
:1062F0003FFB4FF47A6400BFFEF7F9FF2046FAF740
:1063000097FEF9E7756172743120696E6974000057
:106310002803002028020020F0B54FF6FF70FCF79C
:1063200079F900200B49F02604464FF4C875770030
:10633000086004EBD470A5EB6001A6EB6000A3B28B
:10634000A2B289B280B2FCF737FAA41D24B2BC42D3
:10635000EFDBF0BD1C0000202DE9F04704464FF6AE
:10636000FF7A5046FCF756F9DFF87C901F2127464C
:106370004FF448754FF4F078C9F800100EE0264647
:1063800007E0B1B2B8B22246FCF732FA06EB44009D
:1063900006B2AE42F5DB07EB440007B24646B74211
:1063A000EDDB40F2DC50FAF743FE5046FCF732F9E1
:1063B0004FF61F0164082746B046C9F800100EE0EA
:1063C000264607E0B1B2B8B22246FCF711FA06EB56
:1063D000440006B2AE42F5DB07EB440007B2474586
:1063E000EEDBBDE8F08700001C0000202DE9F05F27
:1063F0004FF6FF7B5846FCF70DF9DFF8309100218E
:106400000D464FF4F07640F21F34C9F80010002119
:10641000AAB223460846FCF773F90320FAF708FEF0
:10642000AD1D2DB2B542F2DB002540F2DF184FF46E
:1064300048770021ABB242460846FCF761F90320D9
:10644000FAF7F6FDAD1D2DB2BD42F2DB5846FCF762
:10645000E1F81F21A24600254446C9F80010AAB25F
:10646000D046534600212046FCF74AF90320FAF7AC
:10647000DFFDAD1D2DB2B542F1DB00250022ABB230
:1064800011462046FCF73CF90320FAF7D1FDAD1D7B
:106490002DB2BD42F2DB5846FCF7BCF84FF4784110
:1064A0000025C9F80010ABB2224641460020FCF797
:1064B00027F90320FAF7BCFDAD1D2DB2BD42F2DB7A
:1064C00000250023AAB241461846FCF719F903201B
:1064D000FAF7AEFDAD1D2DB2B542F2DB5846FCF722
:1064E00099F84FF61F01C9F80010B146002546463D
:1064F000AAB2002331462046FCF702F90320FAF73E
:1065000097FDAD1D2DB24D45F2DB0025ABB200224B
:1065100031462046FCF7F4F80320FAF789FDAD1D5B
:106520002DB2BD42F2DBBDE8F09F00001C00002050
:106530002DE9FC474FF6FF70FCF76CF81E21002098
:10654000FEF77CFD3F4C4FF478404FF0100A20607E
:106550003DA1CDE900A15346C8221E210020FEF72F
:1065600059FE4FF6E07738A018252760CDE9005096
:106570001023C8223C210020FEF74CFE4FF4FC689B
:1065800031A02026C4F80080CDE900601023C82285
:106590005A210020FEF73EFE4FF01F090120C4F8EB
:1065A0000090CDE90050042340F2D242782100202F
:1065B000FEF75AFE40F2DC50FAF73AFD22A02760BF
:1065C000CDE900501023C822B4210020FEF722FE9E
:1065D00021A0C4F80080CDE900601023C822D22198
:1065E0000020FEF717FE1FA0CDE900601023C8228F
:1065F000F0210020FEF70EFE1DA1C4F80090CDE9A9
:1066000000A11023C8224FF487710020FEF702FE7C
:106610001BA0CDE900501023C8224FF49671002032
:10662000FEF7F8FD4FF61F00206019A0CDE90050DD
:106630001023C8224FF4A5710020FEF7EBFDBDE842
:10664000FC8700001C00002048656C6C6F20576FB1
:10665000726C6421000000002057616E7420706924
:106660003F000000205072696E7420484558210098
:10667000536B6574636820686173206265656E00A2
:1066800072756E6E696E6720666F723A2000000048
:10669000207365636F6E64732E00000000000000BD
:1066A0000000000000000000000000003F4000006B
:1066B00000000000000030004000300040000000FA
:1066C00009000BC03D000BC03D00090018C024406C
:1066D0007FE0224031800000180024C01B000D80A4
:1066E0003240018003801C4027401C80074000404E
:1066F000100060000000000000000000000000002A
:1067000000001F80204040200000402020401F80CB
:1067100000000000090006001F80060009000000BC
:10672000040004003F80040004000000001000602A
:106730000000000000000000040004000400040049
:106740000400000000000040000000000000000005
:10675000002001C006003800400000001F802040DB
:10676000204020401F800000000010403FC000403B
:106770000000000018C021402240244018400000C2
:1067800010802040244024401B80000002000D00A7
:1067900011003FC0014000003C80244024402440C0
:1067A000238000001F8024402440344003800000E8
:1067B0003000200027C03800200000001B8024404B
:1067C000244024401B8000001C0022C022402240A4
:1067D0001F800000000000000840000000000000D2
:1067E0000000000004600000000000000000040041
:1067F0000A0011002080404009000900090009003A
:106800000900000000004040208011000A00040040
:106810001800200023402400180000001F802040A2
:10682000274029401F400000004007C039000F00EA
:1068300001C0004020403FC0244024401B80000095
:106840001F802040204020403080000020403FC07A
:10685000204020401F80000020403FC024402E40A8
:1068600030C0000020403FC024402E003000000017
:106870000F001080204022403380020020403FC0A3
:10688000040004003FC02040204020403FC0204082
:10689000204000000060202020203FC02000200079
:1068A00020403FC024400B0030C0204020403FC06B
:1068B00020400040004000C03FC03C0003C03C00FE
:1068C0003FC0000020403FC00C4023003FC02000DC
:1068D0001F802040204020401F80000020403FC0FB
:1068E00024402400180000001F802140214020E0A7
:1068F0001FA0000020403FC02440260019C00040D7
:1069000018C0244024402240318000003000204044
:106910003FC020403000000020003F800040004089
:106920003F80200020003E0001C00700380020000A
:10693000380007C03C0007C038000000204039C0C4
:10694000060039C0204000002000384007C0384011
:1069500020000000304021C02640384020C0000008
:10696000000000007FE04020402000000000700098
:106970000C000380004000000000402040207FE029
:106980000000000000002000400020000000000087
:106990000010001000100010001000100000000097
:1069A000400000000000000000000280054005409B
:1069B00003C0004020003FC00440044003800000AA
:1069C00000000380044004400640000000000380F3
:1069D000044024403FC000400000038005400540C3
:1069E00003400000000004401FC024402440200059
:1069F000000002E0055005500650042020403FC032
:106A00000440040003C000400000044027C00040D0
:106A10000000000000100010041027E0000000003B
:106A200020403FC00140070004C0044020402040F7
:106A30003FC000400040000007C0040007C0040041
:106A400003C00000044007C00440040003C000402D
:106A5000000003800440044003800000041007F09D
:106A600004500440038000000000038004400450F0
:106A700007F00010044007C00240040004000000BA
:106A8000000006400540054004C00000000004006E
:106A90001F800440004000000400078000400440C4
:106AA00007C000400400070004C001800600040085
:106AB000060001C0070001C006000000044006C037
:106AC000010006C0044000000410071004E001802B
:106AD000060004000000044005C006400440000019
:106AE0000000000004007BE04020000000000000E7
:106AF0000000FFF000000000000040207BE00400E8
:106B00000000000040008000400020002000400005
:106B10000000000000000000000000000000000075
:106B20000000000000001FCC000C0000000000006E
:106B30000000080030006000080030006000000025
:106B4000022003FC1E20022003FC1E200220000065
:106B500000000E1811043FFF10840C7800000000A4
:106B60000F0010840F3800C00778188400780000E8
:106B700000780F8410C411240E9800E400840008EB
:106B80000800680070000000000000000000000025
:106B900000000000000007E0181820044002000078
:106BA000000040022004181807E000000000000068
:106BB0000240024001800FF00180024002400000CC
:106BC0000080008000800FF80080008000800000BE
:106BD0000001000D000E0000000000000000000099
:106BE0000000008000800080008000800080008025
:106BF0000000000C000C000000000000000000007D
:106C00000000000600180060018006001800200047
:106C1000000007F0080810041004080807F000003E
:106C20000000080408041FFC000400040000000029
:106C300000000E0C10141024104411840E0C0000DF
:106C400000000C1810041104110412880C700000CC
:106C5000000000E00320042408241FFC002400009E
:106C600000001F9810841104110410881070000097
:106C7000000007F008881104110418880070000053
:106C800000001C00100010FC13001C00100000008D
:106C900000000E3811441084108411440E38000096
:106CA00000000700088C10441044088807F000001A
:106CB000000000000000030C030C000000000000B6
:106CC00000000000000101060000000000000000BC
:106CD0000000008001400220041008081004000099
:106CE00002200220022002200220022002200000B6
:106CF0000000100408080410022001400080000079
:106D000000000E001200100C106C10800F0000002C
:106D100003E00C1813E4142417C4082807D000005B
:106D20000004003C03C41C40074000E4001C0004B5
:106D300010041FFC1104110411040E8800700000DF
:106D400003E00C1810041004100410081C100000BC
:106D500010041FFC100410041004080807F00000C1
:106D600010041FFC1104110417C4100408180000BB
:106D700010041FFC1104110017C0100008000000CF
:106D800003E00C181004100410441C7800400000AC
:106D900010041FFC10840080008010841FFC10046D
:106DA0000000100410041FFC100410040000000078
:106DB00000030001100110011FFE10001000000070
:106DC00010041FFC110403801464181C100400003C
:106DD00010041FFC1004000400040004000C000058
:106DE00010041FFC1F0000FC1F001FFC100400000B
:106DF00010041FFC0C04030000E010181FFC10001E
:106E000007F00808100410041004080807F0000038
:106E100010041FFC10841080108010800F000000F0
:106E200007F0081810241024101C080A07F20000AC
:106E300010041FFC1104110011C011300E0C0004CD
:106E400000000E1C11041084108410441C38000033
:106E50001800100010041FFC10041000180000009F
:106E600010001FF810040004000410041FF81000A4
:106E700010001E0011E0001C007013801C001000A8
:106E80001FC0103C00E01F0000E0103C1FC00000CD
:106E90001004180C163401C001C01634180C10046C
:106EA00010001C00130400FC13041C001000000060
:106EB0000804101C1064108413041C041018000033
:106EC0000000000000007FFE40024002400200007F
:106ED000000030000C0003800060001C0003000074
:106EE00000004002400240027FFE0000000000005F
:106EF0000000000020004000400040002000000092
:106F00000001000100010001000100010001000179
:106F100000004000400020000000000000000000D1
:106F200000000098012401440144014400FC0004D5
:106F300010001FFC0088010401040088007000009C
:106F400000000070008801040104010400880000B2
:106F50000000007000880104010411081FFC0004F7
:106F6000000000F8014401440144014400C800004D
:106F70000000010401040FFC1104110411001800A9
:106F8000000000D601290129012901C901060000DC
:106F900010041FFC008401000100010400FC000437
:106FA00000000104190419FC0004000400000000A2
:106FB0000000000300010101190119FE000000009A
:106FC00010041FFC0024004001B4010C0104000067
:106FD0000000100410041FFC000400040000000066
:106FE000010401FC0104010001FC0104010000FC9A
:106FF000010401FC008401000100010400FC000404
:10700000000000F8010401040104010400F800007C
:10701000010101FF008501040104008800700000E7
:1070200000000070008801040104010501FF000157
:107030000104010401FC008401040100018000003E
:10704000000000CC01240124012401240198000047
:1070500000000100010007F8010401040000000025
:10706000010001F8000400040004010801FC000410
:10707000010001800170000C00100160018001001E
:1070800001F0010C003001C00030010C01F00100E2
:1070900000000104018C00740170018C01040000E7
:1070A000010101810171000E0018016001800100E1
:1070B00000000184010C013401440184010C000032
:1070C000000000000000000001003EFC4002400201
:1070D0000000000000000000FFFF000000000000B2
:1070E0000000400240023EFC0100000000000000E1
:1070F0000000600080008000400040002000200070
:10710000000000000000000000000000000000007F
:10711000000000000000000000000000000000006F
:10712000000000000000000000000000000000005F
:107130000000000F80380FFE380F8038000000007C
:10714000000000000000000000000000000001003E
:10715000000600000C0000380000310000060000AE
:107160000C000038000030000000000000000000AB
:1071700061800067F807F98000618000618000612C
:10718000800061800067F807F980006180000000DE
:1071900000000000000001C0E003E0F00630080439
:1071A00018081FFFFE040E080787F00381E00000A7
:1071B0000000000001F000060C00040408060C703A
:1071C00001F9C0000E00003BE000EC1807080804BD
:1071D0000C180003E00000000001E00007F003F8D5
:1071E00018041C0804170807E1D003C0E00023B00E
:1071F000003C080020080000100000000000000112
:1072000000003100003200001C00000000000000FF
:10721000000000000000000000000000000000006E
:10722000000000000000000000000000000000005E
:107230007F0001FFC00780F00C0018100004200040
:10724000020000000000002000021000040C0018E2
:107250000780F001FFC0007F000000000000000078
:107260000000000000000000000000004200006676
:1072700000006600003C0000180003FFC00018007A
:10728000003C0000660000660000420000000000B4
:10729000080000080000080000080000080001FFC6
:1072A000C0000800000800000800000800000800F6
:1072B00000000000000100003100003200001C004E
:1072C00000000000000000000000000000000000BE
:1072D0000000000000000000080000080000080096
:1072E0000008000008000008000008000008000076
:1072F000080000080000000000000000000000007E
:1073000038000038000038000000000000000000D5
:10731000000000000000000000000000000000006D
:10732000000600001C000070000180000E00003804
:107330000000C0000700001C00003000000000003A
:10734000000000007F8001FFE00380700600180449
:10735000000804000806001803807001FFE0007FA9
:10736000800000000000000000000100080100088B
:1073700001000803FFF807FFF800000800000800FC
:10738000000800000000000000000001C03802C03A
:1073900058040098040118040218040418061C1864
:1073A00003F81801E0F800000000000000000001F0
:1073B000C0E003C0F0040008040808040808061828
:1073C0000803F41801E7F00001E0000000000000ED
:1073D000000000000300000D00001100006100002B
:1073E000810803010807FFF80FFFF80001080001FA
:1073F000080000000000000000E007FCD0060808BC
:10740000061008061008061008061838060FF006C1
:1074100007C0000000000000000000003F8001FFE6
:10742000E00384300208180410080410080410084F
:10743000071810030FF00007C00000000000000054
:10744000000003C0000700000600000600F8060761
:10745000F806180006E00007000006000000000023
:1074600000000001E1E003F7F006341004180804FE
:107470001808040C08040C0806161803F3F001C1E0
:10748000E000000000000000F80003FC30030638B4
:107490000402080402080402080404100308F001AE
:1074A000FFC0007F0000000000000000000000009E
:1074B00000000000000000007038007038007038D4
:1074C00000000000000000000000000000000000BC
:1074D000000000000000000000000000301A003032
:1074E0001C00000000000000000000000000000080
:1074F000000000000000000800001400002200004E
:1075000041000080800100400200200400100800BB
:107510000800000000000000210000210000210000
:1075200000210000210000210000210000210000B6
:107530002100002100000000000000000000080001
:10754000080400100200200100400080800041007B
:1075500000220000140000080000000000000003EA
:10756000C00004C000040000080038080F380808F4
:10757000380810000C300007E00003C000000000D5
:10758000000000003F8000FFE0038070020F100643
:10759000708804C088048308047F8802C0900301B7
:1075A0002000FE400000080000180001F8003E081E
:1075B00001C20007020007E20000FE00001FC80031
:1075C00001F800003800000804000807FFF807FF72
:1075D000F80408080408080408080408080618083D
:1075E00003F41801E7F00001E000000000000000D3
:1075F0003F8001FFE00380700200180400080400CF
:10760000080400080400100600200780C0000000E5
:1076100004000807FFF807FFF80400080400080446
:10762000000804001802001003807001FFE0007FD2
:107630008000000004000807FFF807FFF8040808AE
:10764000040808040808040808043E0804000806A2
:10765000001801006000000004000807FFF807FFA1
:10766000F8040808040800040800040800043E00A8
:10767000060000060000018000000000000000007D
:107680003F8001FFE0038070060018040008040238
:10769000080402080203F00783F000020000020061
:1076A00004000807FFF807FFF804080800080000B6
:1076B000080000080000080004080807FFF807FF9A
:1076C000F80400080000000000000400080400089E
:1076D00004000807FFF807FFF80400080400080486
:1076E000000800000000000000000000000600008C
:1076F0000700000104000104000104000307FFFE6D
:1077000007FFFC0400000400000400000400080758
:10771000FFF807FFF8040C08001800003E0004C73B
:10772000800503C80600F8040038040018000008AB
:1077300004000807FFF807FFF8040008000008002D
:107740000008000008000008000008000018000001
:107750006000000004000807FFF807800807FC002D
:10776000007FC00003F80007C0007800078008070A
:10777000FFF807FFF804000804000807FFF80700F7
:107780000803C00000E000003800001E00000700F1
:107790000001C00400F007FFF80400000000000032
:1077A0007F8001FFE00380700600180400080400D9
:1077B0000806001803003001FFE0007F8000000091
:1077C00004000807FFF807FFF80404080404000495
:1077D0000400040400040400060C0003F80001F097
:1077E00000000000000000007F8001FFE0038070C7
:1077F0000600880400880400C806003C03003E011F
:10780000FFE6007F8400000004000807FFF807FF80
:10781000F8040808040800040C00040F00040BC05E
:107820000610F003F03801E0080000080000000135
:10783000E0F803F030063010041808041808040CAF
:1078400008040C080206180207F00781E000000097
:107850000180000600000400000400000400080786
:10786000FFF807FFF8040008040000040000060009
:107870000001800004000007FFE007FFF00400188B
:1078800000000800000800000800000800000804CC
:10789000001007FFE004000004000006000007E0FD
:1078A0000007FE00041FE00001F80000380001E0BE
:1078B000043E0007C00006000004000004000007AA
:1078C000E00007FFC0041FF80007C007F80007FF2B
:1078D00080043FF80007C004F8000700000400001F
:1078E00000000004000806001807C07805F1C80071
:1078F0003E00001F800463E80780F80600180400BB
:107900000800000004000006000007800007E008EF
:10791000047C08001FF80007F800180804E00807B6
:10792000000006000004000000000001000806003E
:10793000380400F80403E8040F08047C0805F00884
:1079400007C00807001804006000000000000000E5
:1079500000000000000000000000003FFFFE2000CB
:10796000022000022000022000022000020000008D
:1079700000000000000008000007000000C0000038
:1079800038000006000001C000003000000E0000BA
:1079900001000000000000000000200002200002A2
:1079A0002000022000022000023FFFFE0000000035
:1079B00000000000000000000000000000000000C7
:1079C000000800001000003000002000003000001F
:1079D000100000080000000000000000000001008E
:1079E0000001000001000001000001000001000092
:1079F0000100000100000100000100000100000181
:107A00000000000000000000002000002000001026
:107A10000000100000000000000000000000000056
:107A2000000000000000000000F00019F8001B1822
:107A3000002208002608002408002410003FF80057
:107A40001FF800000800001800000004000007FFF5
:107A5000F80FFFF000181800100800200800200898
:107A6000003018001FF0000FC000000000000000F0
:107A700007C0001FF0001830002008002008002078
:107A800008003C08001C100000600000000000001E
:107A90000000000007C0001FF00038180020080098
:107AA000200800200804101007FFF80FFFF0000066
:107AB000100000000000000000000007C0001FF0E0
:107AC00000123000221800220800220800320800AC
:107AD0001E10000E2000000000000000200000200A
:107AE0000800200801FFF803FFF80620080420081A
:107AF0000420080720000300000000000000000030
:107B0000000E000E6E001FF30031B10020B1002006
:107B1000B1003191001F13002E1E00200E00300016
:107B200000000004000807FFF80FFFF8001008002D
:107B30002000002000002008003FF8001FF800008F
:107B400008000000000000000000002008002008DD
:107B5000002008063FF8063FF80000080000080073
:107B6000000800000000000000000000000000000D
:107B700003000003002001002001002003063FFE57
:107B8000063FFC00000000000000000000000004B0
:107B9000000807FFF80FFFF8000188000300002F1E
:107BA000C00038F80020380020080000080000005D
:107BB000000000000000040008040008040008079A
:107BC000FFF80FFFF80000080000080000080000A0
:107BD00000000000002008003FF8003FF8001008F7
:107BE000002000003FF8003FF800100800200000CF
:107BF0003FF8003FF8000008000000002008003FA8
:107C0000F8003FF8001008001000002000002008D5
:107C1000003FF8001FF8000008000000000000000E
:107C200007C0000FF00018300030080020080020C6
:107C300008003008001830000FF00007C0000000F6
:107C4000000000002001003FFF003FFF0010110076
:107C50002009002008002008003038001FF0000F25
:107C6000C00000000000000007C0001FF00038182E
:107C7000002008002008002009001011001FFF004C
:107C80003FFF000001000000002008002008002045
:107C900008003FF8003FF80008080010080020081E
:107CA0000020000030000030000000000000000054
:107CB0000000000C78001E18003308002308002183
:107CC000080021880021980030F000386000000092
:107CD00000000000200000200000200000FFF00352
:107CE000FFF80020080020080020080000300000F5
:107CF00000000000000000002000003FF0007FF8BE
:107D0000000018000008000008002010003FF800E4
:107D10007FF0000010000000000000002000003094
:107D200000003C00003F800023F00000780000705D
:107D3000002380003C0000300000200000200000F4
:107D40003C00003FE00023F80000E0002700003E78
:107D500000003FE00021F80001E0003E00002000AC
:107D6000000000002008002008003838003E6800AD
:107D700027800003C8002CF80038380020180020A5
:107D800008000000000000002000003003003C015B
:107D9000003F830023EC000070002380003C0000C3
:107DA000200000200000000000000000000000385B
:107DB000080020380020F80023E8002F88003E0843
:107DC00000380800201800007000000000000000CB
:107DD0000000000000000000000000000800001487
:107DE000001FF7FC30000620000200000000000029
:107DF0000000000000000000000000000000000083
:107E00000000FFFFFF000000000000000000000075
:107E1000000000000000000000002000023000060A
:107E20001FF7FC0014000008000000000000000024
:107E300000000000000000000000001800006000CA
:107E4000004000004000002000001000000800007A
:107E50000400000400000C000010000000000000FE
:107E60000000000000000000000000000000000012
:107E70000000000000000000000000000000000002
:107E800000000000000000000000000000000000F2
:107E900000000000000000000000000000000000E2
:107EA00000000000000000000000000000000000D2
:107EB00000000000000000000000000000000000C2
:107EC00000000000000000000000000000000000B2
:107ED00000000000000000000000000000000000A2
:107EE0000000000000000000000000000000000092
:107EF0000000000007F000C007FFE1E007F001E02C
:107F0000000000C0000000000000000000000000B1
:107F10000000000000000000000000000000000061
:107F20000000000000000000000000000000000051
:107F30000000000000000000000000000000000041
:107F40000000000000000000000000000000000031
:107F50000000000000000000000000000000000021
:107F6000000000000020000001C0000007800000A9
:107F70001F0000001E0000001C20000001C00000C7
:107F8000078000001F0000001E0000001C00000011
:107F900000000000000000000000000000000000E1
:107FA00000000000000000000000000000000000D1
:107FB00000000000000000000000000000000000C1
:107FC00000000000000000000000000000000000B1
:107FD00000000000000000000000000000000000A1
:107FE00000180C0000180C0000180FE0001FFC0027
:107FF00003F80C0000180C0000180C0000180C000E
:1080000000180C0000180FE0001FFC0003F80C0023
:1080100000180C0000180C00000000000000000018
:108020000000000000000000000000000000000050
:108030000000000000000000000000000000000040
:108040000000000000000000000000000000000030
:108050000000000000000000000000000000000020
:108060000000000000000780007807C000FC064008
:10807000010E002003070020020380200FFFFFFCF9
:108080000201C0200200E0600130704001F03F803A
:1080900000F01F00000000000000000000000000D1
:1080A00000000000000000000000000000000000D0
:1080B00000000000000000000000000000000000C0
:1080C00000000000000000000000000000000000B0
:1080D00000000000000000000000000000FE0000A2
:1080E00001FF00000301800002008060030181C0E5
:1080F00001FF070000FE18000000E0000003BF00C1
:10810000000CFFC00071806001C10020030180608D
:108110000000FFC000003F00000000000000000061
:10812000000000000000000000000000000000004F
:10813000000000000000000000000000000000003F
:10814000000000000000000000000000000000002F
:1081500000000000000000000000000000001F0000
:1081600000007FC000FCC0C001FF80600303E0206E
:108170000202782002061E2003FC074001F0038063
:10818000000103C000011C600001E020000100208C
:10819000000100400000018000000000000000001D
:1081A00000000000000000000000000000000000CF
:1081B00000000000000000000000000000000000BF
:1081C00000000000000000000000000000000000AF
:1081D000000000000000000000000000000000009F
:1081E000002000001C6000001C4000001F800000F8
:1081F0000F00000000000000000000000000000070
:10820000000000000000000000000000000000006E
:10821000000000000000000000000000000000005E
:10822000000000000000000000000000000000004E
:10823000000000000000000000000000000000003E
:10824000000000000000000000000000000000002E
:10825000000000000000000000000000000000001E
:10826000000000000000000000000000000000000E
:1082700000000000000000000007F800003FFF00C1
:10828000007807C001C000E00300003004000008CF
:1082900008000004100000020000000000000000C0
:1082A00000000000000000000000000000000000CE
:1082B00000000000000000000000000000000000BE
:1082C00000000000000000000000000000000000AE
:1082D000000000000000000000000000000000009E
:1082E0001000000208000004040000080300003031
:1082F00001C000E0007807C0003FFF000007F80061
:10830000000000000000000000000000000000006D
:10831000000000000000000000000000000000005D
:10832000000000000000000000000000000000004D
:10833000000000000000000000000000000000003D
:10834000000000000000000000000000000000002D
:10835000000000000000000000000000000000001D
:1083600000000000000C1800000E3800000E38005D
:1083700000063000000360000061438000FFFF80C2
:10838000006143000003600000063000000E38006A
:10839000000E3800000C1800000000000000000073
:1083A00000000000000000000000000000000000CD
:1083B00000000000000000000000000000000000BD
:1083C00000000000000000000000000000000000AD
:1083D000000000000000000000000000000000009D
:1083E000000000000000800000008000000080000D
:1083F000000080000000800000008000007FFF007F
:10840000000080000000800000008000000080006C
:10841000000080000000800000000000000000005C
:10842000000000000000000000000000000000004C
:10843000000000000000000000000000000000003C
:10844000000000000000000000000000000000002C
:10845000000000000000000000000000000000001C
:1084600000000001000000E3000000E2000000FC4A
:108470000000007800000000000000000000000084
:1084800000000000000000000000000000000000EC
:1084900000000000000000000000000000000000DC
:1084A00000000000000000000000000000000000CC
:1084B00000000000000000000000000000000000BC
:1084C00000000000000000000000000000000000AC
:1084D000000000000000000000000000000000009C
:1084E000000080000000800000008000000080008C
:1084F000000080000000800000008000000080007C
:10850000000080000000800000008000000080006B
:10851000000080000000800000000000000000005B
:10852000000000000000000000000000000000004B
:10853000000000000000000000000000000000003B
:10854000000000000000000000000000000000002B
:10855000000000000000000000000000000000001B
:1085600000000000000000C0000001E0000001E089
:10857000000000C00000000000000000000000003B
:1085800000000000000000000000000000000000EB
:1085900000000000000000000000000000000000DB
:1085A00000000000000000000000000000000000CB
:1085B00000000000000000000000000000000000BB
:1085C00000000000000000000000000000000000AB
:1085D000000000000000000000000000000000009B
:1085E0000000000C00000038000000E000000380E4
:1085F00000000E00000038000000E00000038000D2
:10860000000E00000038000000E0000003800000C1
:108610000E00000018000000000000000000000034
:10862000000000000000000000000000000000004A
:10863000000000000000000000000000000000003A
:10864000000000000000000000000000000000002A
:10865000000000000000000000000000000000001A
:1086600000000000000FF800007FFF0000F007800E
:10867000018000C003000060020000200200002012
:108680000200002003000060018000C000E00380C1
:10869000007FFF00000FF800000000000000000055
:1086A00000000000000000000000000000000000CA
:1086B00000000000000000000000000000000000BA
:1086C00000000000000000000000000000000000AA
:1086D000000000000000000000000000000000009A
:1086E000000000000000000000800020008000204A
:1086F000008000200080006001FFFFE003FFFFE03A
:1087000000000060000000200000002000000020A9
:108710000000000000000000000000000000000059
:108720000000000000000000000000000000000049
:108730000000000000000000000000000000000039
:108740000000000000000000000000000000000029
:108750000000000000000000000000000000000019
:1087600000000000007800E0009801600100026055
:108770000200046002000860020010600200206035
:1087800002004060030080600183006001FE00E0A1
:10879000007C0780000000000000000000000000D6
:1087A00000000000000000000000000000000000C9
:1087B00000000000000000000000000000000000B9
:1087C00000000000000000000000000000000000A9
:1087D0000000000000000000000000000000000099
:1087E0000000000000F0078001F007C00100004019
:1087F00002000020020100200201002002010020EE
:10880000030380200186804001FCC0C000787F8087
:1088100000001E000000000000000000000000003A
:108820000000000000000000000000000000000048
:108830000000000000000000000000000000000038
:108840000000000000000000000000000000000028
:108850000000000000000000000000000000000018
:1088600000000800000038000000480000018800F7
:1088700000060800000C0810003008100040081026
:1088800001FFFFF003FFFFF003FFFFF000000810FF
:1088900000000810000008100000000000000000A8
:1088A00000000000000000000000000000000000C8
:1088B00000000000000000000000000000000000B8
:1088C00000000000000000000000000000000000A8
:1088D0000000000000000000000000000000000098
:1088E0000000000000000780001F864003E1002018
:1088F00003020020030400200304002003040020DE
:108900000304002003060040030301C00301FF80AD
:1089100003007E00000000000000000000000000D6
:108920000000000000000000000000000000000047
:108930000000000000000000000000000000000037
:108940000000000000000000000000000000000027
:108950000000000000000000000000000000000017
:10896000000000000007FC00003FFF000070C38013
:10897000008180C00101006003020020020200208B
:1089800002020020020200200203004001C180C058
:1089900000C0FF8000007E0000000000000000001A
:1089A00000000000000000000000000000000000C7
:1089B00000000000000000000000000000000000B7
:1089C00000000000000000000000000000000000A7
:1089D0000000000000000000000000000000000097
:1089E0000000000000F0000003C000000380000051
:1089F00003000000030007E003003FE00301C000A4
:108A0000030600000318000003600000038000005C
:108A10000300000000000000000000000000000053
:108A20000000000000000000000000000000000046
:108A30000000000000000000000000000000000036
:108A40000000000000000000000000000000000026
:108A50000000000000000000000000000000000016
:108A600000001F0000783F8000FC60C0018EC04005
:108A700003078020020300200201802002018020E1
:108A80000201C0200301E040018670C000FC3F806D
:108A900000781F000000000000000000000000003F
:108AA00000000000000000000000000000000000C6
:108AB00000000000000000000000000000000000B6
:108AC00000000000000000000000000000000000A6
:108AD0000000000000000000000000000000000096
:108AE000003F000000FF81C001C0C1C00100602044
:108AF000020020200200202002002020020020602E
:108B0000020040C00100C18000C18F00007FFE0054
:108B1000001FF00000000000000000000000000046
:108B20000000000000000000000000000000000045
:108B30000000000000000000000000000000000035
:108B40000000000000000000000000000000000025
:108B50000000000000000000000000000000000015
:108B60000000000000000000000000000000000005
:108B700000000000000300C0000781E0000781E062
:108B8000000300C000000000000000000000000022
:108B900000000000000000000000000000000000D5
:108BA00000000000000000000000000000000000C5
:108BB00000000000000000000000000000000000B5
:108BC00000000000000000000000000000000000A5
:108BD0000000000000000000000000000000000095
:108BE0000000000000000000000000000000000085
:108BF000000000000006006600060078000000008B
:108C00000000000000000000000000000000000064
:108C10000000000000000000000000000000000054
:108C20000000000000000000000000000000000044
:108C30000000000000000000000000000000000034
:108C40000000000000000000000000000000000024
:108C50000000000000000000000000000000000014
:108C600000000000000080000001C0000003600060
:108C700000063000000C180000180C000030060040
:108C80000060030000C001800100004002000020DD
:108C900004000010000000000000000000000000C0
:108CA00000000000000000000000000000000000C4
:108CB00000000000000000000000000000000000B4
:108CC00000000000000000000000000000000000A4
:108CD0000000000000000000000000000000000094
:108CE0000004100000041000000410000004100034
:108CF0000004100000041000000410000004100024
:108D00000004100000041000000410000004100013
:108D1000000410000004100000000000000000002B
:108D20000000000000000000000000000000000043
:108D30000000000000000000000000000000000033
:108D40000000000000000000000000000000000023
:108D50000000000000000000000000000000000013
:108D6000000000000400001002000020010000408C
:108D700000C00180006003000030060000180C00F5
:108D8000000C180000063000000360000001C00065
:108D90000000800000000000000000000000000053
:108DA00000000000000000000000000000000000C3
:108DB00000000000000000000000000000000000B3
:108DC00000000000000000000000000000000000A3
:108DD0000000000000000000000000000000000093
:108DE000000000000078000001F8000002380000D8
:108DF00002000000040000C0040079E0040081E0EB
:108E0000040100C004030000020200000306000089
:108E100001FC000000F8000000000000000000005D
:108E20000000000000000000000000000000000042
:108E30000000000000000000000000000000000032
:108E40000000000000000000000000000000000022
:108E50000000000000000000000000000000000012
:108E6000000FF800003FFE000070078000C000C047
:108E70000101F8400307FC20021E042002300820F4
:108E800002203020023FFC20013F044001800CC042
:108E900000E03180001FC200000000000000000060
:108EA00000000000000000000000000000000000C2
:108EB00000000000000000000000000000000000B2
:108EC00000000000000000000000000000000000A2
:108ED0000000000000000000000000000000002072
:108EE00000000060000003E000003E200003E020DE
:108EF000003E200003E020000380200007FC20004B
:108F0000003FE0000003FE2000003FE0000001E021
:108F10000000002000000020000000000000000011
:108F20000000000000000000000000000000000041
:108F30000000000000000000000000000000000031
:108F40000000000000000000000000000000000021
:108F50000000000000000000000000000000000011
:108F6000020000200200002003FFFFE003FFFFE0FB
:108F70000201002002010020020100200201002065
:108F800002010020030300200186806001FCC0C0B4
:108F900000F87F8000001F000000000000000000BB
:108FA00000000000000000000000000000000000C1
:108FB00000000000000000000000000000000000B1
:108FC00000000000000000000000000000000000A1
:108FD0000000000000000000000000000000000091
:108FE0000007F800003FFF000070078000C000C0CD
:108FF00001000040030000200200002002000020C9
:10900000020000200200002001000040018000C09A
:1090100003C00180003006000000000000000000D6
:109020000000000000000000000000000000000040
:109030000000000000000000000000000000000030
:109040000000000000000000000000000000000020
:109050000000000000000000000000000000000010
:10906000020000200200002003FFFFE003FFFFE0FA
:109070000200002002000020020000200200002068
:109080000300006001000040018000C000F0078084
:10909000007FFE00000FF80000000000000000004C
:1090A00000000000000000000000000000000000C0
:1090B00000000000000000000000000000000000B0
:1090C00000000000000000000000000000000000A0
:1090D0000000000000000000000000000000000090
:1090E000020000200200002003FFFFE003FFFFE07A
:1090F00002010020020100200201002002010020E4
:109100000201002002038020020FE0200300006023
:1091100003C000E000600300000000000000000049
:10912000000000000000000000000000000000003F
:10913000000000000000000000000000000000002F
:10914000000000000000000000000000000000001F
:10915000000000000000000000000000000000000F
:10916000020000200200002003FFFFE003FFFFE0F9
:1091700002010020020100200201000002010000A3
:10918000020100000201000002038000030FE00062
:109190000300000003C000000060000000000000A9
:1091A00000000000000000000000000000000000BF
:1091B00000000000000000000000000000000000AF
:1091C000000000000000000000000000000000009F
:1091D000000000000000000000000000000000008F
:1091E0000007F800003FFE000070078001C001C0CA
:1091F00001000040030000200200002002000020C7
:1092000002000020010020200100204003C03F8018
:1092100000303F800000200000002000000000001F
:10922000000000000000000000000000000000003E
:10923000000000000000000000000000000000002E
:10924000000000000000000000000000000000001E
:1092500000000000000000000000000002000020EC
:109260000200002003FFFFE003FFFFE00200802078
:1092700002008020000080000000800000008000CC
:10928000020080200200802003FFFFE003FFFFE0D8
:10929000020000200200002000000000000000008A
:1092A00000000000000000000000000000000000BE
:1092B00000000000000000000000000000000000AE
:1092C000000000000000000000000000000000009E
:1092D000000000000000000000000000000000008E
:1092E000000000000000000002000020020000203A
:1092F000020000200200002003FFFFE003FFFFE068
:1093000002000020020000200200002002000020D5
:10931000000000000000000000000000000000004D
:10932000000000000000000000000000000000003D
:10933000000000000000000000000000000000002D
:10934000000000000000000000000000000000001D
:10935000000000000000000000000000000000000D
:109360000000000E0000000F0000000F00000001D0
:1093700002000001020000010200000302000006DA
:1093800003FFFFFC03FFFFF80200000002000000E3
:1093900002000000020000000000000000000000C9
:1093A00000000000000000000000000000000000BD
:1093B00000000000000000000000000000000000AD
:1093C000000000000000000000000000000000009D
:1093D000000000000000000000000000000000008D
:1093E000020000200200002003FFFFE003FFFFE077
:1093F0000200C0200201002000078000000FE000F2
:109400000030F80002603E2003800F20030003E0DC
:10941000020000E002000020000000200000000028
:10942000000000000000000000000000000000003C
:10943000000000000000000000000000000000002C
:10944000000000000000000000000000000000001C
:10945000000000000000000000000000000000000C
:10946000020000200200002003FFFFE003FFFFE0F6
:109470000200002002000020000000200000002068
:10948000000000200000002000000020000000601C
:10949000000000E0000003000000000000000000E9
:1094A00000000000000000000000000000000000BC
:1094B00000000000000000000000000000000000AC
:1094C000000000000000000000000000000000009C
:1094D000000000000000000000000000020000206A
:1094E0000200002003FFFFE003E0002003FF002054
:1094F000001FF0000001FF8000000FE000001E00D0
:109500000003E000003E002003E0002003FFFFE036
:1095100003FFFFE002000020020000200000000026
:10952000000000000000000000000000000000003B
:10953000000000000000000000000000000000002B
:10954000000000000000000000000000000000001B
:1095500000000000000000000000000002000020E9
:109560000200002003FFFFE00380002003F0002042
:1095700000FC0000001F00000007C0000001F00018
:1095800000007C0002001F80020007E003FFFFE0F4
:1095900002000000020000000000000000000000C7
:1095A00000000000000000000000000000000000BB
:1095B00000000000000000000000000000000000AB
:1095C000000000000000000000000000000000009B
:1095D000000000000000000000000000000000008B
:1095E000000FF800003FFE0000F00780018000C07F
:1095F00001000040020000200200002002000020C4
:109600000200002001000040018000C000F0038043
:10961000003FFE00000FF800000000000000000006
:10962000000000000000000000000000000000003A
:10963000000000000000000000000000000000002A
:10964000000000000000000000000000000000001A
:10965000000000000000000000000000000000000A
:10966000020000200200002003FFFFE003FFFFE0F4
:1096700002008020020080200200800002008000A2
:1096800002008000020080000301800001830000CE
:1096900000FE0000007C0000000000000000000050
:1096A00000000000000000000000000000000000BA
:1096B00000000000000000000000000000000000AA
:1096C000000000000000000000000000000000009A
:1096D000000000000000000000000000000000008A
:1096E000000FF800007FFF0000F00380018001C040
:1096F00001000640020004200200042002000620AF
:10970000020003E0010000F80180005C00E0038C2F
:10971000003FFF0C000FFC180000000000000000DC
:109720000000000000000000000000000000000039
:109730000000000000000000000000000000000029
:109740000000000000000000000000000000000019
:109750000000000000000000000000000000000009
:10976000020000200200002003FFFFE003FFFFE0F3
:109770000201002002010020020180000201E0003D
:109780000201FC0003033F80018607E001FC00E0CA
:1097900000F8002000000020000000000000000091
:1097A00000000000000000000000000000000000B9
:1097B00000000000000000000000000000000000A9
:1097C0000000000000000000000000000000000099
:1097D0000000000000000000000000000000000089
:1097E000000000000078060000FE01E0018600C0D5
:1097F00003030040020300200201802002018020B8
:109800000201C0200200C0200100E060018070C0A1
:1098100003E03F8000001F00000000000000000087
:109820000000000000000000000000000000000038
:109830000000000000000000000000000000000028
:109840000000000000000000000000000000000018
:109850000000000000000000000000000000000008
:109860000060000003800000030000000200000010
:10987000020000200200002003FFFFE003FFFFE0E2
:109880000200002002000020020000000200000090
:109890000380000000E00000000000000000000065
:1098A00000000000000000000000000000000000B8
:1098B00000000000000000000000000000000000A8
:1098C0000000000000000000000000000000000098
:1098D0000000000000000000000000000200000086
:1098E0000200000003FFFF0003FFFFC00200004072
:1098F00002000060000000200000002000000020A6
:1099000000000020020000400200008003FFFF0072
:109910000200000002000000000000000000000043
:109920000000000000000000000000000000000037
:109930000000000000000000000000000000000027
:109940000000000000000000000000000000000017
:109950000000000000000000000000000000000007
:10996000020000000200000003C0000003FC000031
:10997000023FC0000003F80000007F80000007E005
:1099800000000780000078000203C000023C0000D5
:1099900003C0000002000000020000000000000000
:1099A00000000000000000000000000000000000B7
:1099B00000000000000000000000000000000000A7
:1099C0000000000000000000000000000000000097
:1099D0000000000000000000000000000200000085
:1099E00003C0000003FF8000023FFE0002007FE092
:1099F00000000F000200F00003EF000003FF8000F2
:109A0000020FFE0000003FE000001F000207E00020
:109A100003F8000003000000020000000000000046
:109A20000000000000000000000000000000000036
:109A30000000000000000000000000000000000026
:109A40000000000000000000000000000000000016
:109A50000000000000000000000000000000000006
:109A60000200002002000020038000E003F0032039
:109A700002FC0C20021F30000007C0000007F000AD
:109A800002187C0002601F20038003E0020000E057
:109A90000200002000000020000000000000000084
:109AA00000000000000000000000000000000000B6
:109AB00000000000000000000000000000000000A6
:109AC0000000000000000000000000000000000096
:109AD0000000000000000000000000000000000086
:109AE000020000000300000003C0000003F80000B3
:109AF000023E0020020FC0200001FFE000007FE0D6
:109B000000038020021C002002700000038000007F
:109B10000200000002000000000000000000000041
:109B20000000000000000000000000000000000035
:109B30000000000000000000000000000000000025
:109B40000000000000000000000000000000000015
:109B50000000000000000000000000000000000005
:109B600000000020006000E0038003E003000FA07D
:109B700002003E200200F8200203E020020F8020B5
:109B8000023E00200278002003E00060038000E035
:109B900002000300000000000000000000000000C0
:109BA00000000000000000000000000000000000B5
:109BB00000000000000000000000000000000000A5
:109BC0000000000000000000000000000000000095
:109BD0000000000000000000000000000000000085
:109BE0000000000000000000000000000000000075
:109BF000000000001FFFFFFC100000041000000424
:109C00001000000410000004100000041000000404
:109C10001000000400000000000000000000000030
:109C20000000000000000000000000000000000034
:109C30000000000000000000000000000000000024
:109C40000000000000000000000000000000000014
:109C50000000000000000000000000000000000004
:109C600000000000000000000700000003C000002A
:109C700000780000001E00000003C0000000F0009B
:109C800000001E0000000780000000F00000003C03
:109C900000000006000000000000000000000000BE
:109CA00000000000000000000000000000000000B4
:109CB00000000000000000000000000000000000A4
:109CC0000000000000000000000000000000000094
:109CD0000000000000000000000000000000000084
:109CE0000000000010000004100000041000000438
:109CF0001000000410000004100000041000000414
:109D00001FFFFFFC0000000000000000000000003A
:109D10000000000000000000000000000000000043
:109D20000000000000000000000000000000000033
:109D30000000000000000000000000000000000023
:109D40000000000000000000000000000000000013
:109D50000000000000000000000000000000000003
:109D600000000000000000000000000002000000F1
:109D700004000000080000001800000010000000AF
:109D8000180000001800000004000000020000009D
:109D900000000000000000000000000000000000C3
:109DA00000000000000000000000000000000000B3
:109DB00000000000000000000000000000000000A3
:109DC0000000000000000000000000000000000093
:109DD0000000000000000000000000000000000182
:109DE000000000010000000100000001000000016F
:109DF000000000010000000100000001000000015F
:109E0000000000010000000100000001000000014E
:109E1000000000010000000100000001000000003F
:109E20000000000000000000000000000000000032
:109E30000000000000000000000000000000000022
:109E40000000000000000000000000000000000012
:109E50000000000000000000000000000000000002
:109E600000000000000000001000000010000000D2
:109E700010000000180000000800000004000000AE
:109E800000000000000000000000000000000000D2
:109E900000000000000000000000000000000000C2
:109EA00000000000000000000000000000000000B2
:109EB00000000000000000000000000000000000A2
:109EC0000000000000000000000000000000000092
:109ED0000000000000000000000000000000000082
:109EE0000000038000018FC000038C600006182072
:109EF0000004102000041020000420200004204052
:109F0000000620400003FFC00001FFE00000002029
:109F100000000020000000C0000000000000000061
:109F20000000000000000000000000000000000031
:109F30000000000000000000000000000000000021
:109F40000000000000000000000000000000000011
:109F50000000000000000000000000000000000001
:109F6000020000000200000003FFFFE007FFFFC047
:109F7000000180C0000200600002002000040020F8
:109F8000000400200004002000060040000300C080
:109F90000001FF800000FE00000000000000000043
:109FA00000000000000000000000000000000000B1
:109FB00000000000000000000000000000000000A1
:109FC0000000000000000000000000000000000091
:109FD0000000000000000000000000000000000081
:109FE0000000000000007E000001FF80000381C02F
:109FF00000020040000600200004002000040020B1
:10A0000000040020000600200003C0400001C080C2
:10A01000000003000000000000000000000000003D
:10A020000000000000000000000000000000000030
:10A030000000000000000000000000000000000020
:10A040000000000000000000000000000000000010
:10A050000000000000000000000000000000000000
:10A060000000000000007E000001FF80000380C0AF
:10A07000000600600004002000040020000400200E
:10A08000020400400202008003FFFFE007FFFFC060
:10A090000000004000000040000000000000000040
:10A0A00000000000000000000000000000000000B0
:10A0B00000000000000000000000000000000000A0
:10A0C0000000000000000000000000000000000090
:10A0D0000000000000000000000000000000000080
:10A0E0000000000000007E000001FF80000311C09E
:10A0F0000002104000041060000410200004102032
:10A100000004102000061020000310400001F0C0E1
:10A1100000007100000000000000000000000000CE
:10A12000000000000000000000000000000000002F
:10A13000000000000000000000000000000000001F
:10A14000000000000000000000000000000000000F
:10A1500000000000000000000000000000000000FF
:10A1600000000000000400000004002000040020A3
:10A1700000040020007FFFE001FFFFE00104002059
:10A180000304002002040020020400200204000056
:10A190000200000001C0000001C00000000000003B
:10A1A00000000000000000000000000000000000AF
:10A1B000000000000000000000000000000000009F
:10A1C000000000000000000000000000000000008F
:10A1D000000000000000000000000000000000007F
:10A1E000000000000000001C0000E33E0003FFC26E
:10A1F00000020CC3000404C1000404C1000404C133
:10A20000000404C100060CC10003F8C30005F0629D
:10A210000006007E0006003C000000000000000078
:10A22000000000000000000000000000000000002E
:10A23000000000000000000000000000000000001E
:10A24000000000000000000000000000000000000E
:10A2500000000000000000000000000000000000FE
:10A26000020000200200002003FFFFE007FFFFE0E4
:10A270000001002000020020000600000004000091
:10A280000004000000040020000600200003FFE09E
:10A290000001FFE00000002000000020000000009E
:10A2A00000000000000000000000000000000000AE
:10A2B000000000000000000000000000000000009E
:10A2C000000000000000000000000000000000008E
:10A2D000000000000000000000000000000000007E
:10A2E0000000000000000000000400200004002026
:10A2F00000040020000400200387FFE0038FFFE03C
:10A30000038000200000002000000020000000204A
:10A31000000000000000000000000000000000003D
:10A32000000000000000000000000000000000002D
:10A33000000000000000000000000000000000001D
:10A34000000000000000000000000000000000000D
:10A3500000000000000000000000000000000000FD
:10A3600000000000000000000000000600000007E0
:10A3700000000001000000010004000100040001D1
:10A3800000040003000400060387FFFC038FFFF8AE
:10A39000038000000000000000000000000000003A
:10A3A00000000000000000000000000000000000AD
:10A3B000000000000000000000000000000000009D
:10A3C000000000000000000000000000000000008D
:10A3D000000000000000000000000000000000007D
:10A3E000020000200200002003FFFFE007FFFFE063
:10A3F0000000082000001020000030000000FC00D9
:10A4000000058E00000707A0000601E0000400E040
:10A4100000040020000000200000000000000000F8
:10A42000000000000000000000000000000000002C
:10A43000000000000000000000000000000000001C
:10A44000000000000000000000000000000000000C
:10A4500000000000000000000000000000000000FC
:10A4600000000000000000000200002002000020A8
:10A47000020000200200002003FFFFE007FFFFE0D2
:10A48000000000200000002000000020000000204C
:10A4900000000000000000000000000000000000BC
:10A4A00000000000000000000000000000000000AC
:10A4B000000000000000000000000000000000009C
:10A4C000000000000000000000000000000000008C
:10A4D000000000000000000000000000000000007C
:10A4E000000400200007FFE0000FFFE00002002052
:10A4F00000040000000400200007FFE00003FFE06C
:10A500000002002000040000000400200007FFE01B
:10A510000003FFE000000020000000000000000039
:10A52000000000000000000000000000000000002B
:10A53000000000000000000000000000000000001B
:10A54000000000000000000000000000000000000B
:10A5500000000000000000000000000000000000FB
:10A5600000040020000400200007FFE0000FFFE0CF
:10A570000001002000020020000200000004000092
:10A580000004000000040020000600200003FFE09B
:10A590000001FFE00000002000000020000000009B
:10A5A00000000000000000000000000000000000AB
:10A5B000000000000000000000000000000000009B
:10A5C000000000000000000000000000000000008B
:10A5D000000000000000000000000000000000007B
:10A5E0000000000000007E000000FF80000381C02A
:10A5F00000020040000600200004002000040020AB
:10A60000000400200006002000020040000381C07A
:10A610000001FF8000007E0000000000000000003C
:10A62000000000000000000000000000000000002A
:10A63000000000000000000000000000000000001A
:10A64000000000000000000000000000000000000A
:10A6500000000000000000000000000000000000FA
:10A6600000040001000400010007FFFF000FFFFFCE
:10A67000000100C10002004100040020000400208D
:10A68000000400200004002000060040000301C078
:10A690000001FF8000007E000000000000000000BC
:10A6A00000000000000000000000000000000000AA
:10A6B000000000000000000000000000000000009A
:10A6C000000000000000000000000000000000008A
:10A6D000000000000000000000000000000000007A
:10A6E0000000000000007E000001FF80000380C029
:10A6F000000200600004002000040020000400208C
:10A700000004002000020041000300C10003FFFF1D
:10A710000007FFFF00000001000000010000000032
:10A720000000000000000000000000000000000029
:10A730000000000000000000000000000000000019
:10A740000000000000000000000000000000000009
:10A7500000000000000000000000000000000000F9
:10A760000004002000040020000400200004002059
:10A77000000FFFE0000FFFE00000C02000010020FC
:10A780000002002000060020000400000004000079
:10A7900000070000000300000000000000000000AF
:10A7A00000000000000000000000000000000000A9
:10A7B0000000000000000000000000000000000099
:10A7C0000000000000000000000000000000000089
:10A7D0000000000000000000000000000000000079
:10A7E00000000000000003E00001C0E00003E040C2
:10A7F0000006302000043020000418200004182037
:10A800000004182000040C2000020C60000307C0A4
:10A81000000783800000000000000000000000002E
:10A820000000000000000000000000000000000028
:10A830000000000000000000000000000000000018
:10A840000000000000000000000000000000000008
:10A8500000000000000000000000000000000000F8
:10A8600000000000000400000004000000040000DC
:10A87000000C0000001FFF8000FFFFC0000400600C
:10A880000004002000040020000400200004004018
:10A890000000018000000000000000000000000037
:10A8A00000000000000000000000000000000000A8
:10A8B0000000000000000000000000000000000098
:10A8C0000000000000000000000000000000000088
:10A8D0000000000000000000000000000000000078
:10A8E00000040000000400000007FF80000FFFC00C
:10A8F0000000006000000020000000200000002098
:10A900000000002000040040000400800007FFE079
:10A91000000FFFC0000000400000004000000000E9
:10A920000000000000000000000000000000000027
:10A930000000000000000000000000000000000017
:10A940000000000000000000000000000000000007
:10A9500000000000000000000000000000000000F7
:10A960000004000000040000000780000007F00061
:10A970000004FE0000041FC0000003E0000003808C
:10A9800000001C00000460000007800000060000BA
:10A9900000040000000000000000000000000000B3
:10A9A00000000000000000000000000000000000A7
:10A9B0000000000000000000000000000000000097
:10A9C0000000000000000000000000000000000087
:10A9D0000000000000000000000000000004000073
:10A9E000000600000007C0000007FC0000043F80D4
:10A9F000000003E000040F800006F0000007F000F4
:10AA00000007FF8000040FE00000038000043C000A
:10AA10000007C00000060000000400000000000065
:10AA20000000000000000000000000000000000026
:10AA30000000000000000000000000000000000016
:10AA40000000000000000000000000000000000006
:10AA500000000000000000000000000000000000F6
:10AA6000000000200004002000040060000700E057
:10AA7000000783200007E6000004F80000003C0007
:10AA800000045E20000587A0000601E000040060CD
:10AA90000004002000000020000000000000000072
:10AAA00000000000000000000000000000000000A6
:10AAB0000000000000000000000000000000000096
:10AAC0000000000000000000000000000000000086
:10AAD0000000000000000000000000000000000076
:10AAE0000004000000040003000700030007E00169
:10AAF0000004F80100041F02000007FC000000E051
:10AB000000000700000438000007C0000006000035
:10AB1000000400000004000000000000000000002D
:10AB20000000000000000000000000000000000025
:10AB30000000000000000000000000000000000015
:10AB40000000000000000000000000000000000005
:10AB500000000000000000000000000000000000F5
:10AB60000000000000078060000600E0000403E031
:10AB7000000407A000040E2000043C200004702004
:10AB80000005E0200007802000070060000400E0CE
:10AB90000000038000000000000000000000000032
:10ABA00000000000000000000000000000000000A5
:10ABB0000000000000000000000000000000000095
:10ABC0000000000000000000000000000000000085
:10ABD0000000000000000000000000000000000075
:10ABE0000000000000000000000000000000000065
:10ABF0000000000000000000000080000000800055
:10AC00000001400007FE3FF80800000410000002A9
:10AC10001000000200000000000000000000000022
:10AC20000000000000000000000000000000000024
:10AC30000000000000000000000000000000000014
:10AC40000000000000000000000000000000000004
:10AC500000000000000000000000000000000000F4
:10AC600000000000000000000000000000000000E4
:10AC7000000000000000000000000000FFFFFFFFD8
:10AC800000000000000000000000000000000000C4
:10AC900000000000000000000000000000000000B4
:10ACA00000000000000000000000000000000000A4
:10ACB0000000000000000000000000000000000094
:10ACC0000000000000000000000000000000000084
:10ACD0000000000000000000000000000000000074
:10ACE0000000000010000002100000020800000434
:10ACF00007FE3FF8000140000000800000008000D7
:10AD00000000000000000000000000000000000043
:10AD10000000000000000000000000000000000033
:10AD20000000000000000000000000000000000023
:10AD30000000000000000000000000000000000013
:10AD40000000000000000000000000000000000003
:10AD500000000000000000000000000000000000F3
:10AD6000180000003000000040000000400000001B
:10AD7000400000002000000030000000080000003B
:10AD800004000000020000000200000002000000B9
:10AD90000C0000001800000000000000000000008F
:10ADA00000000000000000000000000000000000A3
:10ADB0000000000000000000000000000000000093
:10ADC0000000000000000000000000000000000083
:10ADD0000000000000000000000000000006101647
:10ADE000000610160000000000000000010203042D
:10ADF0000607080900000000010203041CAE000859
:10AE00000000002038000000FC5D000854AE00087F
:10AE100038000020A80700000C5E000800000000B9
:10AE20000000000000000000000000000000000022
:10AE30000000000000000000000000FFFFFFFFFF17
:10AE40000100000010000000000000000024F400D9
:04AE500000000000FE
:040000050800018965
:00000001FF
