:020000040800F2
:10000000504C00209D010008B94B0008D74400085F
:100010003D4A00083B080008857700080000000002
:10002000000000000000000000000000035700086E
:100030006509000800000000374D0008115700084E
:10004000B7010008B7010008B7010008B7010008B0
:10005000B7010008B7010008B7010008B7010008A0
:10006000B7010008B7010008B7010008B701000890
:10007000B7010008B7010008B7010008B701000880
:10008000B7010008B7010008B701000849080008D7
:100090003D080008B7010008B7010008670900081B
:1000A000B7010008B7010008B7010008B701000850
:1000B000B7010008B7010008B7010008B701000840
:1000C000B7010008B7010008B7010008B701000830
:1000D000B7010008355C0008B7010008B701000847
:1000E000B7010008B7010008B7010008B701000810
:1000F000B7010008B7010008B7010008B701000800
:10010000B7010008F54D0008B7010008B701000865
:10011000B7010008B7010008B7010008B7010008DF
:10012000B7010008B70100089D080008A9080008E9
:10013000B7010008B7010008B7010008B7010008BF
:10014000B7010008B7010008B7010008BD4B00085F
:10015000B7010008B5080008B7010008B70100089A
:10016000B7010008B7010008B7010008B70100088F
:10017000B7010008B7010008B7010008000000003F
:10018000B7010008B7010008DFF80CD000F0BAFA98
:1001900000480047219A0008504C0020064880473C
:1001A00006480047FEE7FEE7FEE7FEE7FEE7FEE75C
:1001B000FEE7FEE7FEE7FEE7DD57000889010008DD
:1001C0002DE9F05F0546002092469B46884606468C
:1001D000814640241BE0284641464746224600F01F
:1001E000DDF853465A46C01A914110D311461846BD
:1001F000224600F0C4F82D1A67EB01084F4622464C
:100200000120002100F0BBF817EB00094E41201E31
:10021000A4F10104DFDC484631462A464346BDE8E6
:10022000F09F10B540EA01040346A40703D009E09B
:1002300010C9121F10C3042AFAD203E011F8014BAF
:1002400003F8014B521EF9D210BDD2B201E000F802
:10025000012B491EFBD270470022F6E710B513466A
:100260000A4604461946FFF7F0FF204610BD2DE967
:10027000FE4F81EA030404F0004421F000410094A1
:100280004FF0000B23F0004350EA01045ED052EA25
:1002900003045BD0C3F30A54C1F30A552C44A4F2FF
:1002A000F3340194A0FB0254C1F3130141F4801113
:1002B000C3F3130343F4801301FB024400FB034E1A
:1002C000840A970A44EA815447EA8357A4FB0768E3
:1002D00002958D0A05FB07854FEA932C04FB0C540D
:1002E0002705029D4FEA065847EA1637B5EB080581
:1002F0006EEB070C870E920E47EA811742EA8312D3
:10030000A7FB0201B6EB0B0164EB00042B0D43EAE3
:100310000C335E1844EB1C50DA465146E7FB0201F1
:10032000C5F313044FEA0B3343EA14534FEA043284
:10033000019C43EA0603A4F10C040294009CCDE95D
:1003400000B400F04AF803B0BDE8F08F0020014689
:10035000F9E730B50B46014600202022012409E0D0
:1003600021FA02F59D4205D303FA02F5491B04FA6E
:1003700002F52844151EA2F10102F1DC30BD202A4D
:1003800004DB203A00FA02F1002070479140C2F1EC
:10039000200320FA03F3194390407047202A04DB1E
:1003A000203A21FA02F00021704721FA02F3D040EE
:1003B000C2F12002914008431946704710B5141E3F
:1003C00073F1000408DA401C41F1000192185B410E
:1003D0001A4301D120F0010010BD2DE9F04D9246E5
:1003E0009B4611B1B1FA81F202E0B0FA80F22032FC
:1003F0009046FFF7C4FF04460F4640EA0A0041EA70
:100400000B0153465A46084313D0114653EA0100E4
:1004100019D0C8F140025046FFF7C0FF05460E460E
:10042000504659464246FFF7AAFF084305D001202F
:1004300004E020463946BDE8F08D0020054346EA39
:10044000E0762C4337430A986305E40AA0EB0800E2
:100450000022FD0A44EA47540A3002D50020014632
:10046000E9E7010510196941DDE90845001969410D
:10047000BDE8F04DA2E72DE9FE4F804681EA03007A
:10048000C00F0C46009021F0004123F00045B8EB6E
:100490000200A94105D24046214690461C460B4623
:1004A000024623F00040104347D0270DC7F30A004F
:1004B000C3F30A510290401A019040286BDAC3F34B
:1004C000130040F4801B0098924620B10023D2EB29
:1004D000030A63EB0B0B01985946C0F140025046EA
:1004E000FFF74DFF06460D4650465946019A00F06B
:1004F0001BF910EB08006141002487EA115284EADD
:10050000E7731A4340D0009A62B3019A012A4FEA76
:10051000075215DC001B61EB02014FF0004202EABA
:100520000752CDE90042001C41F5801132462B46AE
:10053000FFF753FF03B0BDE8F08F40462146F9E7CF
:10054000001B61EB0201001C41F5801300185B41A8
:100550002018A2F5001747EB030140EAD570B61941
:100560006D4111E06D084FEA360645EAC0754FEA65
:100570000752001B61EB0201001C41F58011490884
:100580004FEA30000019514132462B4603B0BDE816
:10059000F04FFFF713BF0098012240000023D0EB7B
:1005A000020263EBE073009821464FEAE074B8EB77
:1005B000000061EB0401E9E783F000435BE781F0B1
:1005C000004158E72DE9F04D81EA030404F0004BA7
:1005D00021F0004514464FF0000A23F0004150EA94
:1005E000050220D054EA01021DD0C5F30A57024685
:1005F000C5F31303C1F31300C1F30A5640F4801589
:1006000043F48013A7EB0608101BD64608F2FD380A
:1006100073EB050002D308F1010801E092185B4179
:10062000B8F1000F03DA00200146BDE8F08D00208C
:100630004FF48011064684460EE0171B73EB050746
:1006400005D3121B63EB050306434CEA010C490872
:100650004FEA300092185B4150EA0107EDD152EAAF
:10066000030012D082EA040083EA0501084305D0A2
:10067000101BAB4106D20122002306E000224FF0FE
:10068000004302E06FF0010253101AEB06004CEB3E
:10069000085110EB0A0041EB0B01BDE8F04DFFF7EC
:1006A0008DBEC1F30A52C1F3130140F2FF3341F48E
:1006B00080119A4202DA00200146704740F233432B
:1006C0009A42A2F2334202DC5242FFF767BEFFF7C2
:1006D00056BE000030B5041E71F1000404DB4FF07B
:1006E0000044404264EB0101141E73F1000405DB79
:1006F0001C464FF00043524263EB0403994208BF8B
:10070000904230BD064C074D06E0E06840F0010322
:1007100094E8070098471034AC42F6D3FFF738FD51
:10072000549E0008749E0008202A06DBCB17203A4E
:1007300041FA02F043EAE07306E041FA02F3D040E6
:10074000C2F12002914008431946704770B58C18D9
:1007500010F8015B15F0070301D110F8013B2A11D5
:1007600006D110F8012B03E010F8016B01F8016BC2
:100770005B1EF9D12B0705D40023521E0DD401F8BE
:10078000013BFAE710F8013BCB1A921C03E013F887
:10079000015B01F8015B521EF9D5A142D8D30020BC
:1007A00070BD70470146014802F068BFCC020020CE
:1007B00010B5044802F074FF042801D0012010BDD8
:1007C000002010BDCC02002010B500F00BF801286D
:1007D00001D0012010BDBDE81040014803F07AB8F7
:1007E000CC02002008B501208DF800009DF8000023
:1007F00008BD000038B50024009313460A460146A0
:10080000034803F061F900B10124204638BD00001F
:10081000CC0200207047000038B500240093134636
:100820000A460146034803F047FA00B10124204676
:1008300038BD0000CC0200207047FEE7014800F000
:10084000FABC000068010020014800F0F4BC000080
:1008500068010020002070470020704710B500227A
:100860000449054805F0D8FB0449034805F0C7FBD7
:10087000002010BD1C1D0020401000201C15002071
:1008800010B50146034805F0BAFB024805F090FB9D
:10089000002010BD4010002000207047014800F0EB
:1008A000CDBF0000B0050020014800F0C7BF000028
:1008B00050030020014800F0C1BF0000B003002039
:1008C00001681823CAB2103AB2FBF3F2054B6FF37A
:1008D0000901032A9B5CC36500D9091D816508468F
:1008E00070470000189E000810B5014600208B6973
:1008F0008A6A4FF0C07453B1B3F5005F15D072B17E
:10090000012A0CD0022A0AD0032A09D104E01AB124
:10091000012A06D0022A03D1C96AC90100D50120E3
:1009200010BDC96AA142FAD010BD002AF7D0012A31
:10093000F2D0022AF3D0032AF3D010BD30B50468F8
:10094000256825F480252560046863608368402B52
:10095000036803D099600068C26030BD9A60006887
:10096000C16030BD70474FF4807001F06FB972B64E
:10097000FEE70022AFF3008030B50E4B05460120A4
:100980005C7A002C14D1587A1C54587A03EB8000FE
:1009900045605D7A03F108002A54587A421C5A7265
:1009A000303008703A2048702F208870CC700020BA
:1009B00030BD0000402C002030B5B3F5804F05D08D
:1009C0006FF0704140F82210002030BD8C690B6838
:1009D0008D6823434C688989240144EA0524234314
:1009E00043EA014150F82230014C23401943E9E722
:1009F0000000F0CF10B50A6850F8223023F0010350
:100A000040F822308C68082C23D000234A68224307
:100A1000CC681C430B6922431A434B690E4C1A43A2
:100A2000CB691A430B6A1A434B6A1A438B6A1A43FF
:100A3000CB6A1A430B6B1A438B691343CA6B096861
:100A40001A4350F82130A343134340F821300020CB
:100A500010BD4023DAE700007FFF0F0030B5D1E979
:100A6000003443EA04138C688D89240244EA054467
:100A700023430C8A074D00EB820005EB045423430B
:100A80000C7D6D0105EB0464896923430B434360CE
:100A9000002030BD0000F0FF10B504460146ADF562
:100AA0000C7D0FA006F070FE00222146684608F07B
:100AB00095F928B9684607F00BFE10A006F064FE11
:100AC000204608F013FC010005D012A006F05CFEE1
:100AD0000DF50C7D10BD19A006F056FEF8E70000DC
:100AE0002A2A2A2044656C6574652046696C653A3B
:100AF000202573202A2A2A0D0A0000006F70656ED7
:100B0000207375636365737366756C6C79210D0A68
:100B10000000000046696C652064656C6574696F4F
:100B20006E206661696C65642C206572726F72203C
:100B3000636F6465EFBC9A25640D0A0054686520F4
:100B400066696C65207761732064656C65746564A3
:100B5000207375636365737366756C6C79210D0A18
:100B600000000000F0B587B001AA694622A007F096
:100B7000D4FD08B121A03AE025A006F005FE0198B9
:100B8000009945694489AD1E65434C430178E60AE6
:100B9000EF0A25A006F0F8FD27A006F0F5FD2FA02E
:100BA00006F0F2FD4FF4007132A006F0EDFD019861
:100BB000418932A006F0E8FD0198416937A0891EFD
:100BC00006F0E2FD29463CA006F0DEFD394641A0D4
:100BD00006F0DAFD45A0009906F0D6FD21464AA0B0
:100BE00006F0D2FD31464FA006F0CEFD53A006F030
:100BF000CBFD07B0F0BD0000303A0000665F6765CE
:100C000074667265652829206572726F720D0A001C
:100C10002A2A2A20464154206469736B20696E6633
:100C20006F202A2A2A0D0A004641542074797065E3
:100C3000203D2025640D0A005B313D464154313290
:100C40002C323D46415431362C333D4641543332EB
:100C50002C343D65784641545D0D0A00536563743C
:100C60006F722073697A6528627974657329203DF3
:100C70002000000025640D0A00000000436C75731D
:100C80007465722073697A6528736563746F727313
:100C900029203D2025640D0A00000000546F746176
:100CA0006C20636C757374657220636F756E74204D
:100CB0003D20256C640D0A00546F74616C207365CF
:100CC00063746F7220636F756E74203D20256C64B1
:100CD0000D0A0000546F74616C20737061636528A5
:100CE0004D4229203D20256C640D0A004672656541
:100CF00020636C757374657220636F756E74203D2C
:100D000020256C640D0A00004672656520736563DA
:100D1000746F7220636F756E74203D20256C640DB6
:100D20000A00000046726565207370616365284D96
:100D30004229203D20256C640D0A0000476574207F
:100D4000464154206469736B20696E666F204F4B77
:100D50000D0A000010B50446014686B014A006F046
:100D600013FD6946204608F05CFA010006D004290C
:100D700019D016A006F008FD06B010BD1CA0009901
:100D800006F002FD9DF8081020A006F0FDFC25A04D
:100D90000DF1090106F0F8FCBDF80610BDF80400DD
:100DA00000F056F8E8E724A006F0EEFCE4E70000C7
:100DB0002A2A2A2046696C6520696E666F206F6654
:100DC0003A202573202A2A2A0D0A0000665F7374D0
:100DD00061742829206572726F72EFBC8C65727223
:100DE0006F7220636F64653A2025640D0A0000006D
:100DF00046696C652073697A652862797465732920
:100E0000203D20256C640D0A0000000046696C65D9
:100E100020617474726962757465203D2030782594
:100E2000780D0A0046696C65204E616D65203D2095
:100E300025730D0A0000000046696C6520646F652B
:100E400073206E6F742065786973740D0A0000005A
:100E500010B50C4640F2BC7100F01F0301EB5021AD
:100E6000C0F3431206A006F08FFC04F01F03E10A52
:100E7000C4F34512BDE8104007A006F085BC000091
:100E800046696C652064617461203D2025642F25CE
:100E9000642F25640D0A000046696C652074696D35
:100EA00065203D2025643A25643A25640D0A00003A
:100EB00010B504460146ADF5267D14A006F064FC8D
:100EC00001222146684607F089FF010013D004295A
:100ED00017D016A006F058FC684607F0F9FB0DF590
:100EE000267D10BD6A4664218CA807F080FC8CA981
:100EF00017A006F049FC039906988842F2D10AA08F
:100F000000E014A006F040FCE6E700002A2A2A20B0
:100F100052656164696E67205458542066696C6537
:100F20003A202573202A2A2A0D0A0000665F6F7076
:100F3000656E2829206572726F72EFBC8C657272C3
:100F40006F7220636F64653A2025640D0A0000000B
:100F50002573000046696C6520646F6573206E6FB1
:100F6000742065786973740D0A00000030B595B07F
:100F70000546014606A808F037F8040008D006A880
:100F800007F0BAFB214612A006F0FEFB15B030BDFB
:100F9000294619A006F0F8FB0DF10904694606A8D8
:100FA00008F01FF968B99DF8090050B19DF80800D4
:100FB0002146C00601D519A000E01BA006F0E4FB05
:100FC000ECE71CA006F0E0FB06A807F095FBDDE7C8
:100FD0000D0A665F6F70656E6469722829206572FC
:100FE000726F72EFBC8C6572726F7220636F646592
:100FF0003A2025640D0A00002A2A2A20416C6C2020
:10100000656E747269657320696E206469723A2036
:101010002573202A2A2A0D0A000000004449523A6A
:101020002025730D0A00000046494C453A202573DF
:101030000D0A00005363616E20646972204F4B0DEE
:101040000A00000010B503F0FBFCFFF78BFD0AA0BF
:10105000FFF78CFF0E230A2240F2E97107A000F08F
:1010600013F806A0FFF724FF04A0FFF773FEBDE806
:10107000104002A0FFF710BD303A2F007465737462
:101080002E7478740000000010B504460146ADF5DA
:10109000127D0FA006F078FB0A222146684607F071
:1010A0009DFE010008D012A006F06EFB684607F016
:1010B0000FFB0DF5127D10BD182216A18CA8FFF7AD
:1010C000B0F869468CA807F0D0FF214617A0EBE7DF
:1010D0002A2A2A204372656174696E672054585425
:1010E0002066696C653A202573202A2A2A0D0A0099
:1010F0004F70656E2066696C65206572726F72EF65
:10110000BC8C6572726F7220636F64653A202564CF
:101110000D0A00004C696E65313A2048656C6C6FB1
:101120002C2046617446732A2A2A0A005772697471
:10113000652066696C65204F4B3A2025730D0A00C7
:10114000704770B590F82040012C05D0022C03D0D8
:10115000416A41F4802128E0046809B32469A407A6
:1011600020D04FF4D874056804EB01142D5915F004
:101170000405956005682D591AD0ED08556005687D
:101180002C5904F00204D4604FF4DA74056804EBBF
:1011900001142E5906F00F06082E0CD308250DE079
:1011A000E468DCE7416A41F400114162012070BD4E
:1011B0006D0D1560E3E72D5905F00F051561056804
:1011C0002D59C5F30725956105682C59240C5461E8
:1011D0004FF4DC72046802EB0112A4581C7004681E
:1011E000A458240A5C700468A458240C9C700468F9
:1011F000A258120EDA704FF4DE72046802EB01128C
:10120000A4581C710468A458240A5C710468A4588A
:10121000240C9C710468A258120EDA71006829B17E
:10122000016941F020010161002070BDC16841F0F9
:101230002001C160F8E72DE9F05F05460068002451
:101240004669D0F804908768D0F80CB0D0F810A0A8
:10125000D0F81880F10748D0F90714D00121816037
:10126000B80703D5284600F065FA0CE0780702D5E8
:101270004FF4006407E0380702D54FF4805402E0D1
:10128000284600F056FAF80516D529684FF4807004
:101290008860B80503D5284600F071FA0CE078059F
:1012A00002D544F4005407E0380502D544F48044E4
:1012B00002E0284600F062FAF80316D529684FF4D8
:1012C00080308860B80303D5284600F05AFA0CE055
:1012D000780302D544F4004407E0380302D544F40F
:1012E000803402E0284600F04BFA300707D55FEA69
:1012F000CB6004D52968102044F40074C8607007DE
:101300004FF0080707D55FEA0B7004D52868C7605F
:10131000284600F09FF9B00706D52868C068800706
:1013200002D0284600F098F9700607D55FEACA6037
:1013300004D52968102044F480640861B00607D5FC
:101340005FEA0A7004D528680761284600F0EEF9C4
:10135000F00606D528680069800702D0284600F00C
:10136000E6F9B00308D55FEAC96005D52968102001
:101370004860284600F0DCF9F00307D55FEA097001
:1013800004D528684760284600F0FCF9300446D5AB
:101390005FEA497040D5F00504D55FEAC87001D016
:1013A00044F00104B00504D55FEA887001D544F02B
:1013B0000204700504D55FEA487001D544F00404C6
:1013C000300529D518F0700F26D008F0700040289D
:1013D00015D006DC102809D020280AD0302816D1D4
:1013E0000AE050280ED0602811D10EE044F0080425
:1013F0000DE044F010040AE044F0200407E044F05B
:10140000400404E044F0800401E044F4807428685F
:10141000816921F070018161296804204860002CF5
:1014200005D0686A204368622846FFF789FEBDE858
:10143000F09F70B5040003D094F8200010B104E0D0
:10144000012070BD204600F081F82068016841F05D
:101450000101016000F00CFD0546052604E000F0E6
:1014600007FD401B0A2811D820684068C007F6D045
:101470002068016821F00201016000F0F9FC0546D6
:101480000BE000F0F5FC401B0A2806D9606A40F426
:101490000030606284F82060D2E7206840688007EE
:1014A000EFD4207E0128206801683DD021F0800122
:1014B0000160607E01282068016838D021F0400179
:1014C0000160A07E01282068016833D021F020014E
:1014D0000160E07E0128206801682ED041F01001F3
:1014E0000160207F01282068016829D021F00801CF
:1014F0000160607F01282068016824D021F0040188
:101500000160D4E902010843D4E9041211430843FD
:101510006168491E08432168C8610020606201209B
:1015200084F82000002070BD41F08001C0E741F048
:101530004001C5E741F02001CAE721F01001CFE7E3
:1015400041F00801D4E741F00401D9E72DE9F04367
:1015500087B0044614216846FEF77EFE394B3A48B0
:10156000DFF8DC801968D4F800C0374A022503266A
:101570000927DFF8D89010300024491CC44530D129
:101580001960012907D1016841F00071016000680C
:1015900000F000700590106840F0020010601068C4
:1015A00002AB00F0020005904FF44070CDE9000559
:1015B00083E8D0006946484600F054FB00221146FB
:1015C000132000F0BBFD132000F0AAFD00221146FD
:1015D000142000F0B3FD142000F0A2FD07B0BDE818
:1015E000F083DFF86C80C445F8D1D0F800C04CF02F
:1015F000806CC0F800C0D0F800C001290CF0806CED
:10160000CDF814C0196007D1016841F00071016084
:10161000006800F000700590106840F00200106053
:10162000106802AB00F0020005904FF44050CDE985
:10163000000583E8D0006946484600F013FBCDE77B
:1016400000640040000000203038024000040240E6
:1016500000680040704700007CB522496D46A1F14A
:101660001C0488421DD12B4622460021FFF769FD4C
:10167000002815D11CA006F087F820A0216806F0EC
:1016800083F820A006F080F8002420A0295D06F051
:101690007BF8641CE4B2082CF7D31EA006F074F8A3
:1016A0007CBD104928318842FAD1A1F144022B4671
:1016B0000021FFF746FD0028F2D117A006F064F8DC
:1016C0000EA0216806F060F80EA006F05DF8002478
:1016D0000EA0295D06F058F8641CE4B2082CF7D37C
:1016E000DBE700006801002043414E312052656372
:1016F0006569766564200D0A0000000049443A25BA
:1017000023780A00446174613A0000003078253083
:10171000327820000A00000043414E3220526563B7
:101720006569766564200D0A000000007047704707
:10173000704770470649884201D106A004E0044979
:101740002831884202D108A006F01EB87047000078
:101750006801002043414E312053656E642064616E
:101760007461206F6B0D0A0043414E322053656E49
:10177000642064617461206F6B0D0A0070477047CC
:101780007047704770472DE9F0410446876D00F0BF
:101790006FFB064694F835000025022806D080200D
:1017A000606584F834500120BDE8F081206801684C
:1017B00021F0160101602068416921F0800141613A
:1017C000206C08B9A06C20B12068016821F00801E4
:1017D00001602068016821F0010101600CE000F067
:1017E00047FB801B052807D920206065032084F86B
:1017F000350084F83450D7E720680068C007EED180
:1018000094F85C103F208840B860012084F83500CF
:1018100084F834500020C7E790F83510022903D02F
:101820008021416501207047052180F8351000684E
:10183000016821F001010160002070472DE9F843A3
:1018400004464FF00009CDF8009063484FF416515C
:10185000A56D0068B0FBF1F72E6894F85C100820C5
:1018600000FA01F131420FD021680A6852070BD506
:101870000A6822F004020A6094F85C108840A860AC
:10188000606D40F00100606594F85C104FF0010855
:1018900008FA01F0304208D021684969090604D5E8
:1018A000A860606D40F00200606594F85C10042050
:1018B0008840304208D021680968890704D5A860AB
:1018C000606D40F00400606594F85C101020884062
:1018D000304218D021680968090714D5A86020682B
:1018E0000168490304D50068000308D5A16C07E02E
:1018F0000168C90503D4016821F008010160216C69
:1019000009B12046884794F85C1020208840304276
:1019100031D021680968C9062DD5A86094F8350032
:1019200005282068016806D0490347D500680003F0
:101930001DD4616C1CE021F0160101602068416932
:1019400021F080014161206C08B9A06C20B12068B1
:10195000016821F00801016094F85C103F20884084
:10196000A86084F8358084F83490216D1FE0E16B25
:1019700009B120468847606D00282BD0606DC007F4
:1019800014D0052084F835002068016821F0010199
:1019900001600098401C0090B84203D8206800689D
:1019A000C007F6D184F8358084F83490E16C0029C2
:1019B00010D001B02046BDE8F04308470168C905D2
:1019C000D5D4016821F01001016084F8358084F8D5
:1019D0003490CCE7BDE8F883940000202DE9F04175
:1019E000044600F045FA06465CB1022084F8350052
:1019F000002584F834502068016821F0010101605D
:101A00000DE00120BDE8F08100F032FA801B0528CE
:101A100005D920206065032084F83500F2E72068AE
:101A20000068C007F0D12268116820480140D4E95D
:101A300001031843D4E90336334318436369184359
:101A4000A3691843E3691843236A18430843616A8A
:101A5000042903D1D4E90B1319430843106020680B
:101A60004069666A20F0070130460E4301270428CA
:101A70000CD1A06A0643E06A40B12046FEF734FF6D
:101A800020B14020606584F83570BAE7206846616F
:101A90002046FEF715FF94F85C203F2191408160BD
:101AA000656584F835700020ACE700003F8010F0D9
:101AB0002DE9F0410446866D90F834000025012898
:101AC0000DD0012084F8340094F835700020012FE7
:101AD00007D084F8340002252846BDE8F0810220B2
:101AE000FBE7022784F8357060652046FEF726FF85
:101AF00094F85C103F208840B0602068016841F095
:101B000016010160206C20B12068016841F00801D5
:101B100001602068016841F001010160DCE700001C
:101B200070B5044600F0A4F90546601C02D00448D4
:101B30000078044400F09CF9401BA042FAD370BD29
:101B400088000020F0B587B014216846FEF784FBBA
:101B50002048016800293AD1012101601E48002473
:101B6000016841F0010101600068022500F00100F8
:101B700005904FF23F00CDE9000502AA03260C278D
:101B800082E8D0006946154800F06CF841F23F4009
:101B9000CDE9000502AA694682E8D000104800F0AD
:101BA00061F84FF68370CDE9000502AA694682E824
:101BB000D0000C4800F056F84FF63370CDE9000520
:101BC00002AA694682E8D000074800F04BF807B047
:101BD000F0BD000008000020383802400014024028
:101BE0000018024000100240000C02400A4930B4C4
:101BF0000B680A4A54681B1BC82B0AD90968516034
:101C0000B0F5807F03D006A030BC05F0BDBD09A0B3
:101C1000FAE730BC7047000090000020140000205C
:101C20006B65795F6F6B2070726573736564207587
:101C3000700A00006B65795F6F6B2070726573735B
:101C4000656420646F776E0A00000000044910B5D7
:101C50000A68024202D00860FFF7C8FF10BD00000A
:101C6000143C01402DE9F84FDFF8BCA1002201250A
:101C700003264FF00F090AF1040BAAF1040E00BF6E
:101C80000B6805FA02F42340A34270D10F7907F0E4
:101C90000307012F01D0022F16D187684FEA4208AF
:101CA00006FA08FC27EA0C07D1F80CC00CFA08FC6D
:101CB0004CEA070CC0F808C04768A7430C79C4F386
:101CC000001494403C4344600C79E443A4070AD0D8
:101CD000C4684FEA420C06FA0CF7BC438F6807FA57
:101CE0000CF72743C7600C7904F00304022C12D1CF
:101CF000D40800EB840CDCF820405707FF0E09FAEB
:101D000007F824EA0804D1F8108008FA07F848EA2E
:101D10000408CCF8208004684FEA420C06FA0CF75D
:101D2000BC430F7907F0030707FA0CF72743076056
:101D30004C6814F4403F70D03C4C276847F480470F
:101D40002760246822F0030704F480440094384C90
:101D500007EB040CDCF8084897074FEA177809FAF4
:101D600008F7BC43334FB84202D1002724E054E0C7
:101D7000314FB84201D101271EE0304FB84201D1A6
:101D8000022719E02E4FB84201D1032714E02D4F4E
:101D9000B84201D104270FE02B4FB84201D10527EB
:101DA0000AE02A4FB84201D1062705E0284FB84281
:101DB00001D1072700E0082707FA08F72743CCF8E6
:101DC0000878DAF800405746D1F804C09C435FEA2F
:101DD000CC2C00D51C433C60DBF800405F46D1F8BA
:101DE00004C09C435FEA8C2C00D51C433C60DEF8A9
:101DF00000407746D1F804C09C435FEA8C3C00D594
:101E00001C433C60084F083F3C68D1F804C09C4329
:101E10005FEACC3C00D51C433C60521C102AFFF406
:101E20002FAFBDE8F88F0000083C01404438024065
:101E3000003001400000024000040240000802405F
:101E4000000C024000100240001402400018024042
:101E5000001C0240426921EA02030A4043EA0241AF
:101E6000816170470AB1816170470904FBE7000096
:101E700001488068704700008800002070B50400A9
:101E800025D094F83D00002520B984F83C50204628
:101E900000F0B8F8242084F83D002068016821F0A3
:101EA000010101602068016841F40041016020687F
:101EB000016821F40041016000F0CCFF4D4A6168E7
:101EC000914201D84C4900E04C49884201D201209E
:101ED00070BD4B492368B0FBF1F15E6826F03F0608
:101EE0000E435E606368934206D94FF4967359437C
:101EF0004FF47A73B1FBF3F12368491C1E6A26F094
:101F00003F06314319626168914210D84900401E72
:101F1000B0FBF1F2521CC2F30B02042A01D20420DE
:101F200022E0B0FBF1F0401CC0F30B001CE0A26803
:101F3000F2B301EBC10303EB0116431EB3FBF6F34F
:101F40005B1C43F480431B0549D092B301EBC102F3
:101F500002EB0111401EB0FBF1F0401CC0F30B007E
:101F600040F4804040F400402168CA694CF6FF7399
:101F70009A431043C861D4E90710014320680268FE
:101F800022F0C00211430160D4E90301014320683B
:101F9000826848F2FF339A4311438160D4E9050116
:101FA00008432168CA6822F0FF021043C86001E0BC
:101FB0000EE016E02068016841F00101016025642F
:101FC000202084F83D00256384F83E50002070BD39
:101FD00001EB4106431EB3FBF6F35B1CB3E70120A4
:101FE000C2E701EB4101401EB0FBF1F0401CC0F321
:101FF0000B00B7E7A086010080841E0000093D00A9
:1020000040420F0010B586B0044614216846FEF722
:1020100023F913492068884220D112480021026820
:1020200042F002020260006800F002000590C02049
:1020300000901220CDE901010320039004200490B8
:1020400069460948FFF70EFE06481030016841F462
:1020500000110160006800F40010059006B010BD8A
:1020600000540040303802400004024002488168B9
:102070000278114481607047880000200B4810B539
:10208000016841F400710160016841F48061016000
:10209000016841F480710160032000F06FF80F20A7
:1020A00000F006F800F024F8002010BD003C0240CB
:1020B00070B50D4D04464FF47A712878B1FBF0F0FD
:1020C0000A490968B1FBF0F001F090FF48B9102C03
:1020D00007D200222146501E00F030F800206C602C
:1020E00070BD012070BD0000880000209400002019
:1020F0000A4808B5016841F480410160006800F4B5
:10210000804000900548001F016841F08051016047
:10211000006800F08050009008BD00004438024084
:10212000002809DB00F01F020121914040098000D6
:1021300000F1E020C0F8001170470000F0B40E4B31
:102140001B680C46C3F30223C3F10705042D00D915
:102150000425191D072901D2002300E0DB1E0126FA
:1021600006FA05F1491E214099409E40761E164010
:102170003143F0BC05F018BB0CED00E0064900F05F
:10218000070208684FF6FF03184040EA0220034A9E
:1021900010430860704700000CED00E00000FA05F5
:1021A00070470068416200207047F0B50368586AC4
:1021B00039B19C6A4FF4827600EB144400204D1E26
:1021C0000AE040EA024098620FE006EB8007DF5920
:1021D000401C04EB1744C0B2A842F6D344EA0240C4
:1021E0004FF4807202EB810158500020F0BDD0F80E
:1021F000E00404F0FCB901EBC10200EB8202D0F86C
:10220000E004126A04F04DB901EBC10200EB820256
:10221000D0F8E004D2F8602204F09FB9D0F8E004CE
:1022200004F0E7B90A0601F00F0101EBC10100EB70
:10223000810101D5143101E001F51571006805F047
:10224000CDB870B504460B0601F00F0000EBC001DD
:1022500004EB81014FF001024FF0000502D54A75F1
:10226000143103E081F8555201F51571087094F8A6
:102270009404012808D084F89424206804F0C8FD50
:1022800084F89454002070BD022070BD70B50446DF
:1022900001F00F002279904201D9012070BD0B0698
:1022A00001F00F0101EBC10104EB81014FF00102CC
:1022B0004FF0000502D54A75143103E081F85552FC
:1022C00001F515718D70087094F89404012808D0F8
:1022D00084F89424206804F00DFF84F894540020BE
:1022E00070BD022070BD01F00F0101EBC10100EBD8
:1022F0008100D0F8680270472DE9F04104460F06CE
:1023000001F00F0000EBC00104EB81014FF001066A
:102310004FF0000502D54E75143103E081F8555297
:1023200001F51571C2F30A0208708A600B714A78D0
:1023300002B14883022B00D14D7194F89404012816
:1023400009D084F89464206804F0B0FC284684F82E
:102350009454BDE8F0810220FBE710B501F00F04B2
:1023600004EBC40100EB8101C1E998230023C1F80B
:10237000683281F8553281F85442837901F515713C
:10238000012B00D1CA618279006804F00BFF0020A4
:1023900010BD70B504460D4601F00F00217988424A
:1023A00001D9012070BD29064FF000064FF001024F
:1023B00006D500EBC00104EB81014A75143107E03A
:1023C00005EBC50104EB810181F8556201F515713A
:1023D0008A70087094F89404012807D084F8942433
:1023E000206804F0B3FE280702D007E0022070BD89
:1023F000A17904F29C42206804F050FE84F89464B1
:10240000002070BD10B501F00F0404EBC40100EB17
:102410008101C1E9082300238B6201234B7501F878
:10242000144F8379012B00D1CA618279006804F0CE
:10243000B9FE002010BD00002DE9FC5F05680446D0
:10244000284605F067F800287DD1206805F08EF851
:10245000002878D0D5F80808C0F30D20C4F8D404BB
:10246000206805F083F8800704D52068416901F0F1
:1024700002014161206805F079F8C10604F29C4030
:10248000009034D52068816921F0100181612F6AA4
:1024900007F00F0000EBC00004EB8006C7F34340D9
:1024A00006F51576022802D0062811D01AE047F664
:1024B000F070074216D0C7F30A1217462846F16893
:1024C00005F058F8F0683844F0607069384408E066
:1024D00008222846009905F04DF87069C7F30A11E3
:1024E000084470612068816941F0100181612068B1
:1024F00005F03CF800034FF0080B4FF0000A4FF0D6
:1025000001097CD50026206805F00FF8074674E025
:10251000F80770D0F1B2206805F020F88046C007B7
:1025200007D005EB4611C1F8089B3146204602F062
:102530004BFB5FEA087024D505EB4611C1F808BBD8
:102540002068016C00E023E200EB46100191D0F816
:10255000082BFB4B994205D9110403D54FF40041D8
:10256000C0F8081B204600F0F6FAF54901988842A9
:1025700007D9A079012804D120680121009A04F02C
:102580008DFD5FEAC86004D505EB46111020C1F847
:10259000080B5FEA88701DD56869000605D5D5F877
:1025A000040840F48061C5F8041806EBC60004EB8B
:1025B000800090F8571200F51570012905D180F8B8
:1025C00003A0F1B2204600F0E9F905EB4611022024
:1025D000C1F8080B5FEA886004D505EB461020219E
:1025E000C0F8081B5FEA884005D505EB46104FF49C
:1025F0000051C0F8081B7F08761C002F88D1206886
:1026000004F0B4FF40036ED5206804F087FF07464E
:10261000002666E0F80762D0F1B2206804F08CFF73
:102620008046C00723D006F00F01D5F8342809FAF8
:1026300001F18A43C5F8342805EB4611C1F8089921
:10264000A07901280FD106EBC60004EB8000D0E989
:1026500007211144016236B9606A20B9206801215E
:10266000009A04F01BFDF1B22046FFF7C4FD5FEABB
:10267000087003D505EB4611C1F808B95FEAC860D8
:1026800004D505EB46111020C1F808095FEA48603F
:1026900004D505EB46104021C0F808195FEA8870A0
:1026A00016D53146284604F00AFF06EBC60004EBB7
:1026B0008000C17D1430012905D180F803A0F1B25A
:1026C000204600F067F905EB46110220C1F8080921
:1026D0005FEA086003D53146204602F0DBFA7F0846
:1026E000761C002F96D1206804F040FF002811DAF4
:1026F000D5F8040820F00101C5F8041894F8CC04BA
:1027000001282BD0204600F00BFA2068416901F027
:1027100000414161206804F029FF00050BD5D5F880
:102720000808C00702D0204600F03EFA2068416940
:1027300001F400614161206804F018FFC00467D50E
:10274000D5F8040820F00100C5F80408102120681D
:1027500004F0B5FE00214FF67F3220E084F8CCA4CF
:1027600000212046FFF71CFDCFE700BF05EB41101D
:10277000C0F80829D0F8003923F40013C0F8003954
:10278000C0F8082BD0F8003B23F40013C0F8003B3E
:10279000D0F8003B43F00063C0F8003B491C2079AF
:1027A0008842E3D8D5F81C0840F00111C5F81C1880
:1027B000E07B002828460DD0D0F8840840F00B01BB
:1027C000C5F88418D5F8440840F00B012846C5F830
:1027D00044180DE0D0F8140842F22B010843C5F864
:1027E0001408D5F8100840F00B012846C5F8101859
:1027F000D0F8000820F4FE61C5F80018A17920681F
:10280000009A04F04BFC2068416901F48051416159
:10281000206804F0ABFE800415D5206804F086FA29
:10282000206804F06AFEE07100F00EFB0146E279D8
:10283000206804F0FDFE204600F05CF92068416944
:1028400001F400514161206804F090FE000707D5B3
:10285000204600F069F92068416901F008014161F2
:10286000206804F083FE000616D5A86920F08001D8
:10287000A96101260DE000BF06EBC60004EB800055
:1028800090F85702012803D1F1B22046FFF7CAFCA5
:10289000761C2079B042EFD8206804F067FEC002B1
:1028A0001FD501264F4614E005EB4610D0F800096D
:1028B00006EBC60104EB81010A7E012A08D100283B
:1028C00006DACF75F0B240F080012046FFF7AAFC8F
:1028D000761C2079B042E7D82068416901F4801164
:1028E0004161206804F042FE800234D501204A464E
:1028F00029E000BF05EB4011D1F8001B00EBC0033D
:1029000004EB830393F85862012E1BD1002919DAD6
:1029100094F8D464C1F3004106F001068E4211D14F
:1029200083F85722A96941F08003AB616969090600
:1029300008D4D5F8040840F40070C5F8040805E090
:102940000A30544F401C21798142D3D82068416914
:1029500001F400114161206804F008FE400007D531
:102960002046FFF744FC2068416901F08041416145
:10297000206804F0FBFD40070AD520684568680719
:1029800002D52046FFF74AFC206841682943416090
:10299000BDE8FC9FD0F8E00403F07DBED0F8E00471
:1029A00003F08DBEF8B5040005D094F895042668B0
:1029B000002510B106E00120F8BD84F894542046AB
:1029C00000F056F8032084F89504B6F1A04F00D12A
:1029D000A571206804F05CFB207C8DF8000094E871
:1029E0000F0004F0B1F90226B8BB0021206804F002
:1029F000E0FD90BB002001270DE000BF00EBC0010F
:102A000004EB81014F750875C8850D76CD610D62A7
:102A1000401CC0B24D6221798142EFD8002011E004
:102A200000EBC00104EB810181F8555281F854029A
:102A300081F85852C1F85C52C1F86052401CC0B2D3
:102A4000C1F8645221798142EAD8207C8DF80000D7
:102A500094E80F0004F05EFA10B184F89564AAE7D8
:102A6000657484F89574206804F046FA0020F8BD77
:102A700010B586B0044614216846FDF7EDFB2068CA
:102A8000B0F1A04F2FD119480021026842F0010295
:102A90000260006800F0010005904FF4C050009003
:102AA0000220CDE90101032003900A200490694629
:102AB0000F48FFF7D7F80D48001D016841F080016D
:102AC00001600A481430016841F4804101600068E7
:102AD000002200F48040059011464320FFF72EFBB2
:102AE0004320FFF71DFB06B010BD00003038024048
:102AF0000000024070B50446C079012570B102287B
:102B000001D0FDF734FF2946D4F8E00403F046FE77
:102B1000D4F8E004BDE8704003F0FABD0025F2E708
:102B2000D0F8E00403F023BED0F8E00403F029BE9F
:102B300010B5044690F8940401280AD0012084F8C6
:102B400094046174206804F062FD002084F8940409
:102B500010BD022010BDD0F8E02400F29C411046C8
:102B600003F028BE10B50446006894F894140129B7
:102B700009D0012184F89414C168490609D5617B04
:102B8000012902D005E0022010BD816B41F48031A3
:102B90008163206804F071FC206804F09FF9002034
:102BA00084F8940410BD000010B50446D0F8E00489
:102BB00003F042FE2068D0F8001E41F00101C0F889
:102BC000001EE07A002804D00248016841F00601A6
:102BD000016010BD10ED00E02DE9F84305460068E6
:102BE0004FF00109C1074FF0000601D1400727D57A
:102BF000DFF80C81C8F86860FFF73AF90746414CE6
:102C000005E000BFFFF734F9C01B022857D8206841
:102C10000001F7D468688101287A41EA00703949D7
:102C200084310860C8F86890FFF722F9074604E08D
:102C3000FFF71EF9C01B022841D820680001F7D514
:102C40002878800752D52F484030016841F08051E4
:102C5000016000682C4C00F080500090206840F427
:102C600080702060FFF704F9074604E0FFF700F9E1
:102C7000C01B022823D82068C005F7D5214C70342A
:102C8000206810F4407020D0A98901F4407181427D
:102C90001BD020681D4920F44070C1F800900E60E0
:102CA00020602068C00710D0FFF7E2F8064641F226
:102CB000883707E0FFF7DCF8801BB84202D9032011
:102CC000BDE8F88320688007F4D5E9680D48C1F3B2
:102CD00001220830032A0BD0016821F4F8110160A9
:102CE0002068A989C1F30B01084320600020E7E7B1
:102CF0000268074B22F4F81219400A430260EFE71A
:102D0000000047420038024000700040400E474239
:102D1000FFFCFF0F2DE9F0470E46050065D0DFF8F8
:102D20001481D8F80000F7B200F00700B04207D2D3
:102D300088F80070D8F8000000F00700B04254D1C5
:102D400028683D4C810712D5400703D5206840F420
:102D5000E05020602878000703D5206840F46040E8
:102D600020602068A96820F0F000084320602878DF
:102D7000C0072DD0304968680839012812D00228D0
:102D800013D0032811D00968890700292DDA21689A
:102D900021F0030101432160FFF76AF8814641F207
:102DA000883A0EE009688903EFE709688901ECE7D2
:102DB000FFF75EF8A0EB0901514502D90320BDE8F9
:102DC000F0872068696800F00C00B0EB810FEFD14C
:102DD000D8F80010404601F00701B14207D907704A
:102DE000006800F00700B04201D00120E7E7287832
:102DF000400705D52068E96820F4E05008432060CA
:102E00002878000706D52068296920F4604040EA48
:102E1000C100206000F03EF82168084AC1F30311A8
:102E2000515CC8400649086006480068FFF740F951
:102E30000020C4E7003C024008380240209E000801
:102E4000940000208C0000200148006870470000BA
:102E5000940000200448054900680968044AC1F349
:102E60008221515CC840704794000020083802401D
:102E7000309E00080448054900680968044AC1F307
:102E80004231515CC840704794000020083802402D
:102E9000309E0008154810B5006810F00C02144868
:102EA00013D04110042A0FD0082A0ED10F4C241F32
:102EB0002268236802F03F025B0207D52068C0F356
:102EC0008810A0FB010106E0084610BD2168C1F38F
:102ED0008811A1FB00010023FDF772F92168C1F3FD
:102EE0000141491C4900B0FBF1F010BD0838024017
:102EF0000024F4002DE9F84F04006ED02078DFF8AC
:102F00004C93C007A9F104054AD009F104000168F7
:102F1000C1F38101012908D00068C0F381000228B3
:102F20000AD1D9F80000400206D52868800337D5B9
:102F300060680028E1D033E06068B0F5803F10D0D1
:102F4000B0F5A02F286810D020F4803028602868C1
:102F500020F4802028606068A8B1FEF789FF06464B
:102F60000DE0286840F48030F4E740F480202860C9
:102F7000F7E700BFFEF77CFF801B642873D8286842
:102F80008003F7D50CE0FEF773FF064605E000BFAF
:102F9000FEF76EFF801B6428F0D828688003F7D402
:102FA0002078DFF8AC8280074FF0000A3ED5A748B2
:102FB000001D016811F00C0F08D00068C0F38100FB
:102FC00002280BD1D9F80000400207D428688007F6
:102FD00016D5E068012800D112E033E1E068B8B10D
:102FE0000120C8F80000FEF743FF064605E000BFD9
:102FF000FEF73EFF801B0228C0D828688007F7D55F
:103000002868216920F0F80040EAC10028600DE03E
:10301000C8F800A0FEF72CFF064604E0FEF728FFE4
:10302000801B02281FD828688007F7D42078000763
:1030300022D5864F87486169703771B101210160DF
:10304000FEF716FF064604E0FEF712FF801B02287B
:1030500009D838688007F7D50EE0C0F800A0FEF761
:1030600007FF064605E082E0FEF702FF801B02280C
:103070007DD838688007F7D42078400768D5DFF816
:10308000CCB100270BF13C0BDBF80000C0000BD4E7
:10309000DBF8001041F08051CBF80010DBF80000A5
:1030A000012700F0805000906B4E3068C00510D4AE
:1030B000306840F480703060FEF7DAFE009005E082
:1030C000FEF7D6FE0099401A022850D83068C00595
:1030D000F6D55E4EA0686C3601280FD00528306802
:1030E00010D020F001003060306820F00400306023
:1030F000A068B8B1FEF7BCFE00900FE0306840F069
:103100000100F4E740F004003060F7E7FEF7B0FE9E
:103110000099411A41F28830814266D830688007B0
:10312000F4D50EE0FEF7A4FE009007E0FEF7A0FE47
:103130000099411A41F28830814256D830688007A0
:10314000F4D42FB1DBF8001021F08051CBF800103F
:10315000A069C8B33D49091D0968C1F3810102296D
:103160004AD00228504607D0C8F8600000E03CE092
:10317000FEF77EFE04463BE04746C8F86000FEF7D7
:1031800077FE064605E000BFFEF772FE801B0228B0
:103190002BD828688001F7D4D4E907010843A16A35
:1031A0002E4A490802EB0141626A41EA8211084352
:1031B00094F82C1040EA0161C9F80010012038662B
:1031C000FEF756FE044606E03EE000BFFEF750FE66
:1031D000001B022809D828688001F7D534E000BF19
:1031E000FEF746FE001B022802D90320BDE8F88F37
:1031F00028688001F4D427E00128F7D0D9F800002E
:10320000E26900F4800191421CD1226A00F03F0182
:10321000914217D147F6C071626A0140B1EB821F3B
:1032200010D1A26A4FF0FF3300F4403103EB520299
:10323000B1EB024F06D194F82C1000F07060B0EBA7
:10324000016F01D00120D1E70020CFE70438024010
:1032500000004742800E4742007000400000FFFF20
:103260000068503050F8210070470068503040F836
:103270002120704710B5040002D0607F10B106E035
:10328000012010BD00202077204600F041F80220E8
:1032900060772068C168C943C90632D5CA21416236
:1032A000216853204862204601F052FD20BB20686F
:1032B0008168164A114081602168886862681043FD
:1032C000D4E904231A43104388602168E068086148
:1032D00020680169228941EA02410161204601F02A
:1032E0005BFD48B921680A6C22F480220A642168D7
:1032F0000A6CA3691A430A642268FF21516208B16B
:1033000010BD00200121617710BD0000BFFF8FFFBD
:103310001FB50021009101910291039100680849B5
:1033200088420CD102200090C00103906846FFF74C
:1033300053FC08B1FDF71BFB0249012008601FBDCB
:10334000002800403C0E474270B50446007F0B4603
:10335000012819D00126267702206077B2B198782B
:10336000D97840EA014558781978000240EA41309E
:1033700005432168CA2048622168532048622046DC
:1033800001F0E6FCD0B122E0022070BD5878C10601
:1033900003D500F0EF000A305870D87801F0CCFC6B
:1033A0000204587801F0C8FC42EA0022987801F043
:1033B000C3FC0243187842EA4035DAE70748054083
:1033C00020684560204601F0E7FC00B96677226876
:1033D000FF2151620021217770BD00003FFFFF00F7
:1033E0002DE9F0410446007F0D46012823D04FF01F
:1033F000010884F81C80022060772068002780681C
:103400004FEA4060D2B1002800DBEF70A87829783D
:1034100040EA01466878E978000240EA81500643B4
:103420002168CA204862216853204862204601F082
:103430008FFCB8B12CE00220BDE8F081002800DB51
:10344000EF70287801F078FC0204687801F074FCD1
:1034500042EA0022A87801F06FFC0243E87842EAD1
:103460008056DDE70D4806402068066020688168C8
:1034700021F480218160D5E90301084321688A682D
:1034800010438860204601F087FC08B984F81D804D
:103490002268FF2151622777CEE700007F7F7F00FF
:1034A00070B504460B482168C860FEF7E1FC05468C
:1034B0004FF47A7607E000BFFEF7DAFC401BB0421B
:1034C00001D9032070BD2068C0688006F4D50020B3
:1034D00070BD00005F7F010010B5FDF762F910BDFF
:1034E00070470000F0B5426E920F0A70426EC2F350
:1034F00083624A70426EC2F301628A70426E120C9D
:10350000CA70B0F86420120A0A7190F864204A71F7
:10351000826E120DCA80826EC2F303420A72B0F844
:103520006820C2F3C0324A72B0F86820C2F3803219
:103530008A72B0F86820C2F34032CA72B0F86820CC
:10354000C2F300320A7300264E73426C4FF40075CA
:10355000012462B1012A3AD0026847499163816B24
:1035600041F08051816380F834400120F0BDB0F813
:103570006820C36E9205120D42EA93720A61C26E10
:10358000C2F3C2620A75C26EC2F302624A75C26EAB
:10359000C2F342528A75C26EC2F38242CA75C26ECB
:1035A000C2F3C2320A760A69521C42650B7E03F0EE
:1035B00007039B1C9A4042650B7A03F00F0704FA3D
:1035C00007F383655B0A5A43C0E917250EE090F8BC
:1035D0006820C36E9206920A42EA13420A610A699F
:1035E000521C92024265C0E91652056630F86C2FF3
:1035F000C2F3803201F8192F0288C2F3C6124A7052
:10360000027802F07F028A704268D20FCA70426864
:10361000C2F341720A714268C2F382624A7142681F
:10362000C2F383528A714268C2F34052CA710E7269
:103630004268C2F300424A728288C2F3C0328A7280
:103640008288C2F38032CA728288C2F340320A731F
:103650008288C2F300324A738288C2F381228A735D
:103660008288C2F30122CA730079C0F3460008744D
:103670004C740020F0BD0000FF054000426C0A6061
:10368000826C4A60C26C8A60026DCA60426D0A61D7
:10369000826D4A61C26D8A61006EC8610020704708
:1036A00070B50446B0F8500000250104206801F010
:1036B000DAFC18B1A16B0143A16304E0002120688A
:1036C00001F095FB0546C5F3432070BDF8B5056BC9
:1036D00004460068416B09041BD5290719D5D4E9B4
:1036E0000A56002E14D00027206801F09FFB05F831
:1036F000010B010A05F8011B010C05F8021B000E65
:10370000361F7F1C05F8010C082FEDD3C4E90A56BB
:10371000F8BD416B4FF00006C9054FF0010744D5D5
:10372000390281632068C16B4CF23A329143C16324
:103730002068C16A21F00101C16228071DD515F07A
:10374000220F09D0206801F0BFFC28B1A16B014312
:10375000A1632046FFF7C4FE216840F23A50886317
:1037600084F834702663A80703D0204600F09CFA42
:10377000F8BD204600F09CFAF8BD2806FCD5A80646
:1037800009D5206801F0A0FC28B1A16B0143A16319
:103790002046FFF7A5FEA807EED12068C16A21F0F8
:1037A0000801C16284F83470E3E7416B490424D511
:1037B000290722D5D4E90856002EDDD05FF0000796
:1037C00015F8010B009015F8011B361F40EA012087
:1037D000009015F8021B40EA0140009015F8011C0A
:1037E00040EA016000906946206801F032FB7F1CCE
:1037F000082FE5D3C4E90856F8BD416B40F23A22E0
:103800001142F9D0416B890703D5A16B41F0020148
:10381000A163416B090703D5A16B41F00801A163C6
:10382000416B890603D5A16B41F02001A163416B77
:10383000C90603D5A16B41F01001A163416B890555
:1038400003D5A16B41F00801A16340F23A71816395
:103850002068C16B40F23A329143C163206801F0A5
:1038600033FCA16B0843A063280706D584F83470A5
:1038700026632046FFF734FEF8BD2806FCD515F078
:10388000300F0CD0E16B11480865E06BFDF7C4FF09
:103890000028F1D0E06BBDE8F84001F0DDBDA807DD
:1038A0000CD0216C0A480865206CFDF7B5FF002894
:1038B000E2D0206CBDE8F84001F0ACBDA66384F80E
:1038C000347026632046FFF707FEF8BD5954000800
:1038D0001554000870B504000ED094F8340000258B
:1038E00018B92577204600F04DF8032084F83400FD
:1038F000204600F00BF808B1012070BDA5632563D8
:10390000012084F83400002070BD0000FEB50025C1
:10391000044676200095CDE901502B462A462946DB
:10392000206801F06DFA154E46F8A05F206801F09E
:1039300079FA012535600220FEF7F2F8204601F001
:1039400025FE28B184F83450A16B0143A16313E034
:10395000204601F0A3FD0028F4D14FF40071206847
:1039600001F0B0FA002808D0226805499163A16BE4
:103970000143A16384F834500120FEBD008025423C
:10398000FF0540002DE9F04F87B005461421684639
:10399000FCF762FC4649286888427DD145480068AA
:1039A000444940F400600860086800F40060059035
:1039B0004048143800683F4940F00400143908605A
:1039C000086800F004000590086840F008000860EE
:1039D0000868022400F0080005904FF48850CDE9F3
:1039E000000402AA002003264FF00C0882E84101DF
:1039F00069463148FEF736F902AA002082E8410103
:103A00000427CDE9007469462C48FEF72BF92D4CAC
:103A10002B484FF00068C4E9000800204FF480698B
:103A2000A060C4E90309B8024FF4804BC4E9050B58
:103A3000C4E909764FF0200A0020C4E907A07E05FA
:103A4000B7102046C4E90B67FDF7C8FF08B1FCF7C3
:103A50008EFF2C64A5631B4C194860344830C4E9C0
:103A600000084020A0600020C4E90309C4E907A0C1
:103A70000420606204F12802032082E8C1004FF4B0
:103A80008051C4E9051B2046FDF7A8FF08B1FCF7EB
:103A90006EFFEC63002200E007E011463120A563D1
:103AA000FEF74CFB3120FEF73BFB07B0BDE8F08F83
:103AB000002C01404438024000080240000C024043
:103AC00058640240500300202DE9F04F87B09B4618
:103AD00016460D460446FEF7CBF900903DB194F82A
:103AE0003400012807D0A06B40F000500DE0A06B1F
:103AF00040F0006009E00020A063E26D06EB0B01DE
:103B0000914204D9A06B40F00070A0638AE00321C9
:103B100084F834102168C862616C012900D07602F3
:103B20004FF0FF3101914FEA4B2102914FF0010814
:103B300003AA902102278146CDF8188082E88202EC
:103B400001A9206801F03DF9BBF1010F05D92763F8
:103B50003146206801F010FA05E0C4F830803146A3
:103B6000206801F022FADFF83CA130B12268C2F8E7
:103B700038A0A16B0143A16350E0029E1FE0406B9F
:103B8000000413D596B10027206801F04FF905F81D
:103B9000010B010A05F8011B010C05F8021B000EC0
:103BA000361F7F1C05F8010C082FEDD3FEF760F9D6
:103BB00001460098091A1098814220D2F8B1206875
:103BC000426B40F22A310A42D9D0416BC90509D56E
:103BD000BBF1010F06D9616C032903D001F074FA1F
:103BE0000028C3D12068416B090702D4416B8905C5
:103BF0001AD5C0F838A0A06B40F0080050E021684A
:103C0000C1F838A0A06B40F00040A06384F8348075
:103C1000C4F83090032007B0BDE8F08F84F83480FA
:103C2000C4F830900120F6E7416B890705D5C0F84C
:103C300038A0A06B40F0020032E0416B89061BD532
:103C4000C0F838A0A06B40F0200029E001F0EEF8A9
:103C500005F8010B010A05F8011B010C05F8021B10
:103C6000000E05F8010C361FFEF702F90099411A03
:103C7000109881420ED268B12068416B890201D54B
:103C8000002EE3D1216840F23A50886384F83480F2
:103C90000020C0E72168C1F838A0A06B40F00040C8
:103CA000A063BBE7FF05400010B5FCF7B3FD10BDF6
:103CB00010B5FCF7C1FD10BD2DE9F04F8DB09B464E
:103CC00016460D460446FEF7D3F80A903DB194F827
:103CD0003400012807D0A06B40F000500DE0A06B2D
:103CE00040F0006009E00020A063E26D06EB0B01EC
:103CF000914204D9A06B40F00070A0637AE00321E8
:103D000084F834102168C862616C012900D0760201
:103D10004FF0FF3103914FEA4B2104919021CDE9FF
:103D200005104FF00109CDE90709824603A9206873
:103D300001F047F8BBF1010F06D92020206331467E
:103D4000206801F0DBF905E010202063314620688F
:103D500001F0EDF95FEA000806D021684148886368
:103D6000A06B40EA080074E0049E27E0406B40042A
:103D70001CD5DEB15FF0000715F8010B009015F8B7
:103D8000011B361F40EA0120009015F8021B40EA93
:103D90000140009015F8011C40EA0160009069465E
:103DA000206801F056F87F1C082FE5D3FEF760F875
:103DB0000A99411A1698814220D2F8B12068416BC5
:103DC00040F21A321142D1D0416BC90523D5BBF163
:103DD000010F20D9616C03291DD001F075F9D0B114
:103DE000226820499163A16B0143A16384F8349058
:103DF000C4F830A001200DB0BDE8F08F216819484B
:103E00008863A06B40EA0800A06384F83490C4F88B
:103E100030A00320EFE72068416B090702D4416B13
:103E2000890505D50F498163A06B40F0080010E0BB
:103E3000416B890705D50B498163A06B40F00200F7
:103E400007E0416BC90606D506498163A06B40F0C7
:103E50001000A063CAE740F23A51816384F83490BD
:103E60000020C8E7FF05400070B5040009D0606A73
:103E7000002540B125616561A56294F8510040B10B
:103E80000CE0012070BD6068B0F5827FF4D0E56180
:103E9000F2E784F85050204600F044F8022084F8FD
:103EA00051002068016821F040010160A08821894B
:103EB00000F4827001F404410843A18901F4006117
:103EC0000843217C01F002010843217D01F001013A
:103ED0000843218B01F400710843217F01F0380170
:103EE000084394F8201001F080010843218D01F46B
:103EF0000051084321680860A069042101EA1040CC
:103F000094F8241001F010010843216848602068EB
:103F1000C16921F40061C1616565012084F8510027
:103F2000002070BD10B586B0044614216846FCF729
:103F300093F913492068884220D112480021026871
:103F400042F480520260006800F4805005900D48F1
:103F50001438026842F002020260006800F00200B9
:103F60000590382000900220CDE901010320039044
:103F70000520049069460448FDF774FE06B010BDA4
:103F800000300140443802400004024070B515463C
:103F90000E46040003D094F8490010B107E0012058
:103FA00070BD002084F84800204600F01DF804F1A0
:103FB00008012068FCF71EFD3146A2682068FCF766
:103FC0004DFDD4E901022946236BFCF7F5FC21687D
:103FD000A06851F8202042F0010241F82020012081
:103FE00084F84900002070BDFDF7ACBD10B5401E3F
:103FF000B0F1807F01D3012010BD4FF0E02460615B
:104000000F21601703F0D0FB0020A0610720206182
:10401000002010BD70477047F8B501680446086875
:10402000CA684B6910F00F0F4FF0000559D003F02C
:10403000010602F49077374365D0C10705D0D1055A
:1040400003D5616C41F001016164410705D5D907D1
:1040500003D0616C41F002016164810705D5D90785
:1040600003D0616C41F004016164010707D502F0DF
:104070002001314303D0616C41F008016164616C3F
:1040800000293AD0800604D5900602D5204601F0DA
:1040900060FC20684069616CC0F38010090700D49F
:1040A00060B3204601F020FC20684069400621D51D
:1040B0002068143050E8001F21F0400140E8001251
:1040C000002AF5D1E06BA8B172490165E06BFDF7FC
:1040D000A3FB002811D0E06B016D01B0BDE8F040FA
:1040E000084783060FD593060DD52046BDE8F84056
:1040F00001F02FBC2046FFF78EFFF8BD2046FFF7EA
:104100008AFF6564F8BD266B2023012E7ED1C6068A
:104110007CD5D6067AD508684868009048694FF083
:10412000020640064DD5E26B106840684FF4807778
:104130000004000C3AD0A18D814237D9E085D069C6
:10414000B8422DD020680C3050E8001F21F4807157
:1041500040E80012002AF5D12068143050E8001F12
:1041600021F0010140E80012002AF5D12068143046
:1041700050E8001F21F0400140E80012002AF5D16C
:1041800084F84230256320680C3050E8001F21F08D
:10419000100140E80012002AF5D1E06BFDF7F3FAB8
:1041A0006663A08DE18D401A81B206E0A18D814247
:1041B000A8D1D069B842A5D166632046FFF72AFF8F
:1041C000F8BDA08DE18D401A81B2E08D0028F7D0B6
:1041D0000029F5D020680C3050E8002F22F49072AE
:1041E00040E80027002FF5D12068143050E8002F58
:1041F00022F0010240E80027002FF5D184F8423078
:10420000256320680C3050E8002F00E006E022F023
:10421000100240E80023002BF3D1CDE705062BD593
:10422000150629D594F841002128C9D1A068B0F518
:10423000805F01D12069B0B1206A411C21622168F0
:1042400000784860E08C401E0004000CE084B7D188
:104250002068C16821F08001C1602068C16841F018
:104260004001C160F8BD206A0088C0F308004860C2
:10427000206A801C2062E5E74006F3D55006F1D5A0
:10428000CA68204622F04002CA6084F8413000F03B
:1042900021F9F8BDED57000870B5040004D094F87A
:1042A0004100002510B106E0012070BD84F84050A7
:1042B000204600F023F8242084F841002068C168DB
:1042C00021F40051C160204601F0A4FB206801697F
:1042D00021F4904101612068416921F02A01416186
:1042E0002068C16841F40051C1606564202084F8F1
:1042F000410084F842006563002070BD70B586B04F
:10430000064614216846FBF7A7FF24493068884217
:1043100042D123480025016841F010010160006886
:1043200000F0100005901E481438016841F00101AA
:1043300001600068694600F0010005904FF4C0601C
:10434000009002200190012002900320039007209A
:1043500004901448FDF786FC144C134820604FF07D
:104360000060C4E901054014C4E903508010656190
:10437000C4E90650256220466562FDF72FFB08B1AF
:10438000FCF7F5FAF463002211462520A663FDF739
:10439000D5FE2520FDF7C4FE06B070BD001001401B
:1043A000443802400000024040640240B005002052
:1043B00090F84230202B01D00220704721B11AB171
:1043C0000023036301F0ACBB0120704710B5084A1D
:1043D000016891420BD1074C074B21784A4219449E
:1043E000D2B24FF0FF3300F025F80020207010BD4E
:1043F00000100140100000206804002070B50A4A37
:10440000016891420ED1094C4FF0FF332178C1F180
:104410008002D5B2064A11442A4600F00BF82078F3
:104420002844207070BD00000010014010000020E2
:10443000680400202DE9F843044690F841009846AE
:1044400016460D46202802D00220BDE8F88385B12B
:104450007EB100206064212084F84100FDF708FD52
:10446000A6848146E684A0682027B0F5805F02D04C
:1044700003E00120E9E7206910B12E4600250EE097
:1044800000260CE08021204601F09AFBA8B9C6B1B5
:1044900016F8010B21684860E08C401EE084E08C37
:1044A0004B464FF00002CDF800800028EAD14FF0D3
:1044B0004001204601F084FB40B184F841700320A4
:1044C000C3E735F8020BC0F30800E3E784F8417056
:1044D0000020BAE77047FEE7F0B500230A24302534
:1044E00037261F4611E000BFB4EB107F02D905EB61
:1044F000107C01E006EB107C01F813C001EB430CCB
:1045000000015B1C8CF80170DBB29342ECD3F0BD70
:104510000E4810B50C4901601521416000214FF48F
:1045200080328160C0E90312416101764176817673
:10453000C17601774177FCF77CFF002803D0BDE806
:104540001040FCF714BA10BD006400406801002060
:104550000E4810B50C4901601521416000214FF44F
:1045600080328160C0E90312416101764176817633
:10457000C17601774177FCF75CFF002803D0BDE8E6
:104580001040FCF7F4B910BD006800409001002015
:10459000114808B5016841F48001016000680022FB
:1045A00000F48000009011463A20FDF7C7FD3A2044
:1045B000FDF7B6FD002211463B20FDF7BFFD3B2075
:1045C000FDF7AEFD002211464520FDF7B7FDBDE821
:1045D00008404520FDF7A4BD3038024010B504491D
:1045E0000448FCF7C6F90249491E087010BD0000D6
:1045F0001E000020049E00082DE9F04F8FB01C2102
:104600006846FBF729FE1C2107A8FBF725FE2E486C
:104610004FF0040B0024C0E902B41025C0E90445A2
:104620008461C4614FF4805A0462C0E9094AC462DB
:1046300004634463DFF8949084634FF0204844643B
:10464000C0E900890F26CDE9004602A90A201127FA
:1046500081E8B100002269461B480694FFF796FCEA
:1046600008B1FCF784F918480621503007AAC0E9C0
:104670000214C0E904458461C4610462C0E9094AC6
:104680004FF48041C0E90B41446384634464C0E952
:1046900000898DE850080597CDE90365FF20CDE935
:1046A0000646CDE908600848CDE90C74CDE90A65F5
:1046B00069465030FFF76AFC002801D0FCF757F933
:1046C0000FB0BDE8F08F0000B8010020040100A089
:1046D0002DE9F04F87B014216846FBF7BDFD5E4819
:1046E0000024016841F004010160016801F0040147
:1046F0000591016841F020010160016801F020018D
:104700000591016841F080010160016801F08001BC
:104710000591016841F001010160016801F00101AA
:104720000591016841F002010160016801F0020198
:104730000591016841F040010160016801F040010C
:104740000591016841F010010160016801F010015C
:104750000591016841F0080101600068012200F044
:1047600008003E4F9502059029463846FDF77AFB32
:10477000DFF8ECA0002201215046FDF773FB012277
:1047800078215046FDF76EFBDFF8D8900122032117
:104790004846FDF767FBDFF8D0B04FF40048012230
:1047A00041465846FDF75EFB00950326012503961A
:1047B000CDE9015469463846FDF754FA5920009076
:1047C000CDE90154694650460394FDF74BFA202089
:1047D000CDE90005CDE9024669465046FDF742FAAB
:1047E000CDE90065CDE9024669464846FDF73AFA4B
:1047F00004208DE8310069464846FDF733FAE802A7
:104800008DE8310069463846FDF72CFA2F024FF447
:1048100004100097CDE9010569465846FDF722FAD4
:10482000009769465046CDE90145FDF71BFACDF8E2
:1048300000800396CDE9015469465846FDF712FA07
:10484000002211461720FDF779FC1720FDF768FCC0
:1048500007B0BDE8F08F000030380240001402407D
:104860000000024000040240001802400D4810B54C
:104870000B4901600C49416000214FF48042816086
:10488000C0E9031241618161C1610162FDF7F6FA7D
:10489000002803D0BDE81040FCF769B810BD000047
:1048A0000054004058020020A086010070B586B078
:1048B00014216846FBF7D0FC2348002421490594C5
:1048C000C0E900147F218160FF21C0E90314446125
:1048D0008461FEF7CFFC08B1FCF749F800211A48C3
:1048E000FEF7BEFC46F26666B04228D009258DF878
:1048F000005035208DF801008DF80240039401220C
:10490000694611480494FEF76BFD08B1FCF72FF8D7
:1049100006208DF814008DF8155026208DF816000D
:104920008DF81740012205A90748FEF70DFD08B1D3
:10493000FCF71DF8324601210348FEF796FC06B04D
:1049400070BD000000280040AC0200200648054968
:104950000160002141608160C16001614161042109
:1049600081617047002C0140CC0200200F4810B537
:104970000D4901604FF48271416000218160C16086
:104980004FF400720161C0E90512C1610162416228
:1049900081620A21C162FFF767FA002803D0BDE8EF
:1049A0001040FBF7E4BF10BD0030014010040020B0
:1049B0000C4810B50A4901604FF4E1314160002113
:1049C00081600C22C160C0E904128161C161FFF7FE
:1049D00063FC002803D0BDE81040FBF7C8BF10BD42
:1049E000001001406805002010B500220F49104852
:1049F00001F032FD08B1FBF7BAFF0E490C4801F097
:104A000047FF08B1FBF7B3FF0B49094801F0ECFA87
:104A100008B1FBF7ACFF064801F0BEFF002803D049
:104A2000BDE81040FBF7A3BF10BD0000240000202C
:104A300040100020F800002074000020FEE7000075
:104A400008B501221749184804F09CF9010027D045
:104A50000D2901D015A01AE01FA002F095FE4FF419
:104A600000600090264B002202210E4803F0E4FE75
:104A7000010001D023A00AE02CA002F085FE012253
:104A80000849094804F07EF9010004D031A0BDE8CE
:104A9000084002F079BE38A0BDE8084002F074BEBC
:104AA0003EA0F9E71E000020100E0020E58F91E7E0
:104AB000949FE585B6E4BB96E99499E8AFAFEFBC67
:104AC0008CE99499E8AFAFE4BBA3E7A081203D2037
:104AD00025640D0A000000000D0AE6B2A1E69C89DB
:104AE000E69687E4BBB6E7B3BBE7BB9F2CE5BC808B
:104AF000E5A78BE6A0BCE5BC8FE58C960D0A00000F
:104B000010060020E6A0BCE5BC8FE58C96E5A4B1BC
:104B1000E8B4A5EFBC8CE99499E8AFAFE4BBA3E798
:104B2000A081203D2025640D0A000000E6A0BCE520
:104B3000BC8FE58C96E68890E58A9FEFBC8CE5BC3F
:104B400080E5A78BE9878DE696B0E68C82E8BDBD4F
:104B50005C720A00E58F91E7949FE99499E8AFAF02
:104B6000EFBC8CE99499E8AFAFE4BBA3E7A0812048
:104B70003D2025640D0A00002A2A2A20E69687E4B3
:104B8000BBB6E7B3BBE7BB9FE68C82E8BDBDE6885A
:104B900090E58A9F202A2A2A0D0A0000E69687E4DB
:104BA000BBB6E7B3BBE7BB9FE68C82E8BDBDE6883A
:104BB00090E58A9F0D0A0000FEE700000148FDF71E
:104BC0003BBC00003C2700202DE9F04103680D4666
:104BD00004461E6C03EB4511D1F8080B94F806E06F
:104BE0004FF400474FF0200C04F29C42BEF1010F3D
:104BF00009D0DFF898E0764539D1020432D500BFFC
:104C0000C1F8087B3FE0224B5FEA007E04D59E425C
:104C100039D90004F4D436E05FEA806E02D5C1F8D9
:104C200008CB30E010F0280F2DD19E4201D90004AE
:104C3000E6D405EBC50004EB8000D1F8101BD0F8DA
:104C40007432C1F31201591AC0F8681200F51570D8
:104C5000ADB903691BB1C2681144C1600FE0012105
:104C600020680AE080060AD5C1F808CB07E035B90C
:104C7000D4F8640218B90021184602F00FFAE9B21C
:104C80002046FDF7C1FA0020BDE8F0810A31544FFB
:104C90000A30544F2DE9F84F0E4601EBC60100EBE8
:104CA000810481460568D4E909101434884202D988
:104CB0000120BDE8F88F081AA168814200D2084699
:104CC000C01C870805EB46181BE000BFA0EB010ADB
:104CD000A068504500D282460AF10300870899F87F
:104CE000060000901FFA8AF3F2B22846E16802F04B
:104CF00013FDE16801EB0A00E060616901EB0A0065
:104D00006061D8F8180980B2B84205D3D4E904012B
:104D1000814201D20028D9D1D4E90401884208D8BF
:104D200006F00F0101208840D5F834188143C5F8FA
:104D300034180020BDE77047002102E00A38C0B2F5
:104D4000491C0A28FAD2090740EA1160704700009E
:104D50002DE9F041044600680025C168490618D4D1
:104D6000C16841F08001C160FDF782F806464FF44A
:104D70007A78042707E000BFFDF77AF8801B4045EA
:104D800001D9677701252068C068400601D4002D4D
:104D9000F2D02846BDE8F08170B5044600680025D1
:104DA000C16821F08001C16020688068800606D457
:104DB0002046FEF775FB10B10420607701252846D8
:104DC00070BD0A6842624A688262D1E902231A43CE
:104DD000D1E904310B43C16A1A4321F0F7011143B1
:104DE000C16200207047006800F00300704708446B
:104DF000406970470148FEF769BC0000CC02002002
:104E000070B50DF1100C11439CE870002343194359
:104E100029434268314347F6FF639A430A4342609D
:104E2000002070BD0321016000207047D0F8800091
:104E300070470A688260D1E901231A43D1E903313E
:104E40000B43C1681A436FF30B011143C16000208B
:104E500070470968C0F880100020704710B585B011
:104E600004463720CDE90010402002900020039036
:104E70004FF48060049069462046FFF7DAFF41F264
:104E800088323721204600F06BF905B010BD0000D4
:104E900010B504460A4885B001432920CDE9001029
:104EA00040200290002003904FF4806004906946F7
:104EB0002046FFF7BEFF204600F00AFA05B010BDFD
:104EC0000000108010B585B004461020CDE9001018
:104ED00040200290002003904FF4806004906946C7
:104EE0002046FFF7A6FF41F288321021204600F04D
:104EF00037F905B010BD000030B585B00024054677
:104F0000009401944FF480600294CDE90340694617
:104F10002846FFF78EFF0B484FF4FA510068B0FBAC
:104F2000F1F041F288314843401E03D24FF0004077
:104F300005B030BD696B0906F6D5C520A8632046CB
:104F4000F6E700009400002010B585B004464FF449
:104F5000D57000900820019040200290002003901E
:104F60004FF48060049069462046FFF762FF2046B8
:104F700000F014FA05B010BD10B585B0044612203B
:104F8000CDE9001040200290002003904FF4806093
:104F9000049069462046FFF74CFF41F28832122107
:104FA000204600F0DDF805B010BD10B585B0044610
:104FB0001120CDE9001040200290002003904FF412
:104FC0008060049069462046FFF733FF41F2883243
:104FD0001121204600F0C4F805B010BD10B585B011
:104FE00004460720CDE900204020029000200390D5
:104FF0004FF48060049069462046FFF71AFF41F2A3
:1050000088320721204600F0ABF805B010BD10B57E
:1050100085B0044600210220CDE90010C020CDE972
:1050200002014FF48060049069462046FFF701FFBB
:10503000204600F025F905B010BD10B585B0044636
:105040000920CDE90010C0200290002003904FF409
:105050008060049069462046FFF7EBFE204600F092
:105060000FF905B010BD10B585B004460D20CDE98F
:10507000001040200290002003904FF480600490C4
:1050800069462046FFF7D5FE41F288320D212046C1
:1050900000F066F805B010BD30B585B00C46054689
:1050A00000210320CDE900104020CDE902010001DC
:1050B000049069462846FFF7BCFE22460321284695
:1050C00000F028F905B030BD10B585B004460021C8
:1050D0000C20CDE900104020CDE902010001049030
:1050E00069462046FFF7A5FE034A0C21204600F042
:1050F00037F805B010BD000000E1F50510B585B02A
:1051000004461920CDE900104020029000200390B1
:105110004FF48060049069462046FFF78AFE41F212
:1051200088321921204600F01BF805B010BD10B5DB
:1051300085B004461820CDE90010402002900020E0
:1051400003904FF48060049069462046FFF771FE9B
:1051500041F288321821204600F002F805B010BD57
:10516000454B10B51B684FF4FA54B3FBF4F35343AB
:105170005B1E02D24FF0004010BD426B12F0450F93
:10518000F6D01205F4D4426B520703D50421816393
:10519000084610BD426BD20702D00121816305E0B1
:1051A000C52282630269D2B28A4201D0012010BDB9
:1051B0000021FFF71CFE3149084201D1002010BD3B
:1051C000002802DA4FF0007010BD410001D54020E8
:1051D00010BD810001D5802010BDC10002D54FF463
:1051E000807010BD010102D54FF4007010BD410167
:1051F00002D54FF4806010BDC10102D54FF40060AC
:1052000010BD010202D54FF4805010BD410202D5FD
:105210004FF4005010BD810202D54FF4804010BD04
:10522000C10202D54FF4004010BD410302D54FF436
:10523000003010BD810302D54FF4802010BDC103A2
:1052400002D54FF4002010BD010402D54FF48010A8
:1052500010BD410402D54FF4001010BD810402D5E9
:105260004FF4800010BD000702D54FF4000010BDC0
:105270004FF4803010BD00009400002008E0FFFDD6
:1052800012494FF4FA520968B1FBF2F141F2883247
:105290005143491E02D24FF000407047426B12F05A
:1052A000450FF6D01205F4D4416B490703D504210C
:1052B000816308467047416BC90703D001218163B0
:1052C00008467047C5218163002070479400002084
:1052D0000F494FF4FA520968B1FBF2F141F28832FA
:1052E0005143491E02D24FF000407047426B12F00A
:1052F000450FF6D01205F4D4416B490703D50421BC
:10530000816308467047C521816300207047000013
:105310009400002030B5204B4FF4FA541B68B3FBC7
:10532000F4F341F2883463435B1E02D24FF0004035
:1053300030BD446B14F0450FF6D02405F4D4436B14
:105340005B0703D504218163084630BD436BDB074F
:1053500002D00121816303E00369DBB28B4201D0FB
:10536000012030BDC52181630021FFF740FD10F40D
:10537000604F04D0410406D54FF4005030BD000CFE
:105380001080002030BD000402D54FF4805030BDA5
:105390004FF4803030BD00009400002014494FF4D9
:1053A000FA520968B1FBF2F141F288325143491EC9
:1053B00002D24FF000407047426B12F0450FF6D01A
:1053C0001205F4D4416B490703D5042181630846D3
:1053D0007047416BC90703D00121816308467047BC
:1053E000416B490601D540218163002070470000D0
:1053F0009400002010B5064C01202070FBF7D8F96E
:1054000018B9207820F001002070207810BD00002D
:105410001C00002010B5846B40F23A50216888636C
:105420002046FEF73DF9012184F834100021216364
:10543000062801D0052805D12068FFF745FEA16B9D
:105440000843A063A06B0028204602D0FEF748F86E
:1054500010BDFEF741F810BD10B5846B40F23A5014
:10546000216888632046FEF71BF9012184F8341077
:1054700000212163062801D0052805D12068FFF707
:1054800023FEA16B0843A063A06B0028204602D036
:10549000FEF726F810BDFEF71FF810BD10B590B04E
:1054A00004460120ADF838002068FFF79CFC002876
:1054B00054D0606C032842D02068FFF7A8FD002874
:1054C0004AD100212068FFF792FC60670421206820
:1054D000FFF78DFCA06708212068FFF788FCE067D4
:1054E0000C212068FFF783FCC4F88000606C03285F
:1054F00025D00EA92068FFF7CFFD00282CD1606CC5
:1055000003281CD0BDF83800206501042068FFF78F
:1055100094FD002820D100212068FFF768FC606618
:1055200004212068FFF763FCA06608212068FFF7CC
:105530005EFCE0660C212068FFF759FC206704211F
:105540002068FFF754FC000DE06403A92046FDF736
:10555000C9FF30B14FF0805010B010BD4FF08060E7
:10556000FAE7B4F85000002302042068FFF736FD84
:105570000028F1D104F1100007C88DE8070094E875
:105580000F00FFF73DFC0020E6E700002DE9F84F93
:105590000026044600963546B0460068FFF7ACFC8E
:1055A000002827D12068FFF7CFFC4FF0805B4FF039
:1055B00001094FF6FF7748B1A6642068FFF79CFC0D
:1055C000002817D1A06C012802D020E0C4F8489030
:1055D00000212068FFF742FC58B918E0002120683C
:1055E000FFF73CFC002805D151462068FFF750FC2E
:1055F00010B15846BDE8F88F00212068FFF7F7FB8F
:1056000005464FEAD0780098401C009002E0DFF891
:105610002CA00098B84202D2B8F1000FDED000985A
:10562000B84202D34FF08070E4E7680002D5C4F8B6
:10563000449000E066640020DCE70000000010C138
:1056400070B5064C054601202070FBF7BDF818B96F
:105650002846FFF7CFFE2070207870BD1C00002088
:1056600010B5124888B014460078C00702D0032055
:1056700008B010BDC1B1012905D0022908D0032905
:105680000CD00420F4E76846FBF78CF806980AE093
:105690006846FBF787F80798208005E06846FBF727
:1056A00081F80798400A20600020E1E71C000020F4
:1056B00070B51D46164608460124A31E2A463146EB
:1056C000FBF798F828B900BFFBF772F80028FBD168
:1056D0000024204670BDFFF78DBE000070B51D464A
:1056E000164608460124A31E2A463146FBF794F8C5
:1056F00028B900BFFBF75CF80028FBD10024204646
:1057000070BD70470178407841EA00207047000082
:1057100010B5FCF7ABFC08490868401C0860B0F500
:105720007A7F07D300200860BDE8104008210348B5
:10573000FCF790BB10BD00001400002000000240E8
:1057400030B593B030216846FAF786FD14210CA8D5
:10575000FAF782FD1F480025016841F08051016081
:10576000006800F0805011901B48016841F48041AE
:1057700001600068022400F4804011900520009030
:105780004FF480300190012002908005CDE9064061
:1057900004200890A820CDE9090407200B90684652
:1057A000FDF7A8FB08B172B6FEE70CA90F2081E84F
:1057B00031004FF4A0500F904FF48050109005210D
:1057C0000CA8FDF7A7FA002801D072B6FEE713B0C7
:1057D00030BD0000403802400070004002480168BF
:1057E00041F470010160704788ED00E010B5806BF6
:1057F0000021C185FEF70FFC10BD70B5846B2068D9
:10580000406994F84110C0F3C0100025212904D14B
:1058100018B1E584204600F08EF82068406994F8BD
:105820004210C0F38010222904D118B1E58520462A
:1058300000F05AF8606C40F0100060642046FEF7FB
:10584000EAFB70BD10B50146806B096809684FF02E
:105850000002C9052ED4C28501680C3151E8003F11
:1058600023F4807341E80034002CF5D10168143131
:1058700051E8003F23F0010341E80034002CF5D14A
:105880000168143151E8003F23F0400341E800343F
:10589000002CF5D1202180F84210016B012909D19B
:1058A00001680C3151E8003F23F0100341E8003457
:1058B000002CF5D14263016B012902D0FEF786FD71
:1058C00010BD818DFEF7A6FB10BD10B5806B0121C8
:1058D0004163016B012902D0FEF790FD10BD818D5F
:1058E0004908FEF797FB10BD01680C3151E8002F05
:1058F00022F4907241E80023002BF5D101681431A5
:1059000051E8002F22F0010241E80023002BF5D1DD
:10591000016B012909D101680C3151E8002F22F0F7
:10592000100241E80023002BF5D1202180F842101D
:1059300000210163704701680C3151E8002F22F00B
:10594000C00241E80023002BF5D1202180F841104E
:10595000704708B590F84210222901D0022008BDF6
:1059600082684FF480539A4201D1016921B1816A62
:105970009A421BD04AB10AE00268816A5268C2F3B7
:1059800008020A80816A891C08E0026972B1026813
:10599000526802F07F020A70816A491C8162C18DDF
:1059A000491E0904090CC18503D01BE00268526836
:1059B000F1E70168CA6822F02002CA600168CA687B
:1059C00022F48072CA6001684A6922F001024A61C9
:1059D000202180F8421000214163026B012A03D08C
:1059E000FEF7F4FC002008BD016301680C3151E8AA
:1059F000002F22F0100241E80023002BF5D10168AE
:105A00000A68D20602D50A6849680091818DFEF7BE
:105A100001FBE7E770B5044600680169E26821F41C
:105A20004051114301612169A068E269084361693D
:105A3000114308432168CA6849F20C639A43024340
:105A4000CA6020684169A26921F440711143416133
:105A500031492068884202D03049884202D1FDF79E
:105A600009FA01E0FDF7F6F9E2690023192164253E
:105A70003226B2F5004F626828D0A0FB0101930FD7
:105A80009200FAF79DFB0146B0FBF5F06FF01802AB
:105A9000504301EB800006EB0010B0FBF5F000F086
:105AA000F002B1FBF5F002EB0012B1FBF5F06FF084
:105AB0001803584301EB800006EB0010B0FBF5F033
:105AC00000F00F0021681044886070BDA0FB010148
:105AD00092185B41FAF774FB0146B0FBF5F0020146
:105AE000B1FBF5F06FF01803584301EB800006EBB3
:105AF000C000B0FBF5F000F0F80002EB4002B1FB93
:105B0000F5F0584301EB800006EBC000B0FBF5F068
:105B100000F00700D6E7000000100140001401402B
:105B200038B58162044682850020134660642222D3
:105B300084F84220E56B1F4AEA63E56B1E4A2A643B
:105B4000E56B1E4AEA64E26B10650A462168E06B69
:105B5000091DFBF7ADFF30B110206064202084F8F0
:105B60004200012038BD206801684068009020692B
:105B700048B120680C3050E8001F41F4807140E8C3
:105B80000012002AF5D12068143050E8001F41F0BF
:105B9000010140E80012002AF5D12068143050E8D5
:105BA000001F41F0400140E80012002AF5D100201A
:105BB00038BD000045580008CB580008FB570008C6
:105BC0002DE9F843984617460D460446089E24E002
:105BD000701C22D0FCF74CF9A0EB0800B0421AD898
:105BE000CEB12068C168490717D5802D15D0402D4A
:105BF00013D00168C94309070FD401680025406824
:105C000000902046FFF770FE0820606484F8405042
:105C10000120BDE8F8830320FBE72068006835EA2F
:105C2000000004D00020B842D2D00020F1E70120CB
:105C3000F9E7000010B50448FEF7EEF9BDE81040A2
:105C4000014801F07DBD0000680500202DE9F0410C
:105C50000C46D0F8D412D0F8C82200EB8101D1F85C
:105C6000C01229B304F00F0606EB860300EB830590
:105C700000276B694BB106EBC60602EB8602D269C0
:105C8000B3FBF2F602FB1632A2B1C1F81472D0F8DF
:105C9000D42200EB8200D0F8C40203692BB1D1F802
:105CA0000802224601F5047198470020BDE8F08102
:105CB0000320FBE700231A4621466F6100F0C9FD6F
:105CC000F3E770B50546D0F8D40205EB8000D0F8B4
:105CD000C04294B1284600F09BFCC4F80C02D5F8F1
:105CE000D412D4F8040205EB8101D1F8C412CA68B9
:105CF00004F503719047002070BD032070BD0000C3
:105D000070B5234D0446297800F0C2FB28780026A0
:105D100000F00F0000EB800004EB800080F82360AF
:105D20006978204600F0B4FB687800F00F0000EBC3
:105D3000800004EB800080F86361A978204600F0C1
:105D4000A7FBA87800F00F0000EB800004EB8000B8
:105D500080F82360C661D4F8D40204EB8000D0F848
:105D6000C01299B1D0F8C40240688047D4F8D40278
:105D700004EB8000D0F8C00200F092FFD4F8D40207
:105D800004EB8000C0F8C062C4F8BC62002070BDA3
:105D9000A400002010B5D0F8D41200EB8100D0F898
:105DA000C04284B1D0F8C41259B194F80002FF285F
:105DB00007D08B6894F8012221469847FF2084F889
:105DC0000002002010BD032010BD00000A21018048
:105DD00000487047A800002070B5064682210C4894
:105DE00000F0D9FA05460121094800F0D4FA04462A
:105DF0008121074800F0CFFA0DB11021A97140218F
:105E000004B1A18000B1818043203080004870BD82
:105E1000B400002070B5064682210D4800F0BBFAA0
:105E2000054601210A4800F0B6FA044681210848D7
:105E300000F0B1FA0DB11021A9714FF4007104B155
:105E4000A18000B1818043203080014870BD0000F6
:105E5000B400002070B5064682210C4800F09BFA81
:105E600005460121094800F096FA044681210748B9
:105E700000F091FA0DB11021A971402104B1A18067
:105E800000B1818043203080004870BDB400002004
:105E90002DE9F04704464FF40775284600F002FF4D
:105EA00006004FF0000865D02946FAF7D5F9D4F876
:105EB000D4023E4D04EB80004FF01009C0F8C062E0
:105EC000C4F8BC62207C4FF4007A0127E8B3402379
:105ED00002222978204600F006FC2878402300F0B2
:105EE0000F0000EB800004EB800080F8237002229A
:105EF0006978204600F0F7FB6878082300F00F006F
:105F000000EB800004EB8000032280F86371A97825
:105F1000204601F00F0101EB810104EB8101C1F882
:105F20001C90A97800F0DFFBA87800F00F0000EBD0
:105F3000800004EB800080F82370C6F80482D4F857
:105F4000D402474604EB800000E01BE0D0F8C40216
:105F500006F50176006880473761776132687AB16B
:105F6000207C00B340236978204600F0C8FB002065
:105F7000BDE8F087D4F8D41204EB8101C1F8C082E7
:105F80000220F5E7534602222978204600F0ABFBB9
:105F90002878534600F00F0000EB800004EB8000EF
:105FA00080F82370A3E75346DDE70000A40000203B
:105FB00010B5D0F8D41200EB8101D1F8C01259B15C
:105FC000027C084C002AD1F8042207D040236178D3
:105FD00000F095FB002010BD032010BD4FF40073AE
:105FE000F5E70000A400002039B1D0F8D42200EB7E
:105FF0008200C0F8C4120020704703207047D0F818
:10600000D42200EB8200D0F8C00218B1C0F804120C
:106010000020704703207047D0F8D43200EB830093
:10602000D0F8C00228B1C0F81022C0F80812002031
:106030007047032070472DE9FC410646D0F8D40292
:106040000C4606EB80000021D0F8C0728DF80010DD
:10605000ADF804100D4637B1217811F060022FD051
:10606000202A4BD102E00320BDE8FC81E288F2B196
:1060700009060DD5D0F8C40263783946D0F808C0B7
:106080001846E047E288072A00D9072239462DE062
:10609000607887F80002E088402800D34020C2B230
:1060A00087F801223946304600F058F82BE0D0F846
:1060B000C40263780022866821461846B04722E071
:1060C000607830B101281ED00A2809D00B2815D1DC
:1060D00010E096F89C02032810D1022201A905E0E5
:1060E00096F89C02032809D101226946304600F047
:1060F00051F808E096F89C02032804D02146304667
:1061000000F021F803252846AEE710B5D0F8B822F4
:1061100000245268904700B10324204610BD00209F
:10612000704700207047134610B50A46002100F062
:10613000E6FA002010BD134610B50A46002100F013
:1061400088FB002010BD10B50446802100F062FBE2
:106150002046BDE81040002100F05CBB10B50323D1
:10616000C0F89432C0F85421C0F858211346C0F842
:1061700064110A46002100F0C2FA002010BD10B5DB
:106180000521C0F8941200231A46194600F0B7FA08
:10619000002010BD10B50223C0F894324261826124
:1061A000134641620A46002100F053FB002010BD57
:1061B00010B50421C0F8941200231A46194600F0C5
:1061C00048FB002010BD000010B50A46024903A09C
:1061D00000F00FF9004810BD1C1300204344432079
:1061E000436F6E66696700001220088000487047A0
:1061F0004400002010B50A46024903A000F0F9F857
:10620000004810BD1C13002043444320496E7465B0
:1062100072666163650000000420088000487047D2
:106220004000002010B50A46024903A000F0E1F842
:10623000004810BD1C13002053544D6963726F65F4
:106240006C656374726F6E696373000010B50A4603
:10625000024903A000F0CDF8004810BD1C13002037
:1062600053544D3332205669727475616C20436FFC
:106270006D506F727400000010B51A2008800A4833
:106280000168001D0468001D0068081809D0082274
:106290000649FEF721F90549042210312046FEF790
:1062A0001BF90248801E10BD107AFF1F5A00002003
:1062B000F8B504460020ADF8000048880D46010AF4
:1062C00008295FD2DFE801F05E0409175E5E3C45F5
:1062D000D4F8B412207C0A6819E0207C0226002839
:1062E000D4F8B80205D0C16A6846884701464670AE
:1062F00039E0816AF8E7C0B2062843D2DFE800F04F
:10630000030A1014181CD4F8B402426805E0694668
:1063100090471CE0D4F8B402826892B3207CF6E780
:10632000D4F8B402C268F8E7D4F8B4020269F4E71A
:10633000D4F8B4024269F0E7D4F8B4028269ECE719
:10634000207CF0B9D4F8B802416B68468847014612
:1063500009E0207CA8B9D4F8B802016B68468847E8
:10636000014607204870EA888AB1BDF8000040B1B4
:10637000824200D90246ADF800202046FFF70AFF0E
:10638000F8BDFFE729462046FFF7DDFEF8E7204687
:10639000FFF70EFFF4E778B50E4642880178002536
:1063A00004468A4212D9ADF800100AE0694600F0AE
:1063B00019F84178052904D181780546B14205D004
:1063C00000256188BDF800209142EFD8284678BDAD
:1063D0000146002002E0401CC0B2491C0A78002A95
:1063E000F9D170470A8803781A440A800178084472
:1063F000704770B516460D46002820D00446FFF7BA
:10640000E7FF022101EB40014FF40070814204D804
:106410002046FFF7DDFF4000801C30803078287078
:10642000032068700220002206E02954401CC0B2FC
:106430002A54401CC0B2641C21780029F5D170BDDB
:1064400001004FF0000004D0012901D0022901D041
:10645000032070470120704778B10023C0F8B8329C
:10646000C0F8C432C0F8D03209B1C0F8B41201216A
:1064700080F89C12027000F0CFB80320704710B56E
:10648000D0F8C802FBF702FFBDE81040FFF7D8BF05
:1064900010B5D0F8C802FBF7D4FEBDE81040FFF7F6
:1064A000CFBF70B50446002521B194F89C020328A3
:1064B00046D050E0D4F8941204F11400022939D1E6
:1064C000818942688A420AD9511A416082890169E8
:1064D0001144016142682046FFF72DFE0FE0914212
:1064E00014D10068884211D3D4F8981288420DD292
:1064F000002211462046FFF71EFEC4F898520023E2
:106500001A461946204600F0FAF813E094F89C0267
:10651000032808D1D4F8B802C16821B1C4F8D45214
:10652000C168204688478021204600F073F9204644
:10653000FFF725FE94F8A00268B184F8A0520AE0A3
:10654000D4F8B802426932B1C4F8D4524269204644
:106550009047002800D1002070BD10B504460022ED
:1065600021B194F89C02032834D03EE0D4F8941270
:1065700004F5AA70032938D1818943688B420ED96A
:10658000591A416082890169114401614268808918
:10659000824200D802462046FFF7C5FD25E094F868
:1065A000AA0210F01F0003D0012802D0022800D058
:1065B000002294F89C02032808D1D4F8B80201699B
:1065C00021B1C4F8D4220169204688472046FFF74C
:1065D000EFFD0AE0D4F8B802836933B1C4F8D422DD
:1065E000826920469047002800D1002010BD00207D
:1065F000704710B50024012180F89C12D0F8B82211
:1066000022B152680179904700B10324204610BDA1
:10661000D0F8C802FBF767BE10B5017839BB154941
:106620000222C1F8E004C0F8C8124FF0A040086090
:1066300004200871CA71002088714A728872C87279
:1066400008738873C8730846FCF7ACF908B1FAF709
:106650008EF980210748FBF7A4FD40220021054860
:10666000FBF7A3FD802201210248FBF79EFD0020DD
:1066700010BD00003C2700200A0601F07F01D0F881
:10668000C80201EBC10100EB810001D5807D70479C
:1066900090F85602704710B5D0F8D42200EB820271
:1066A000D2F8B82222B190F89C32032B02D004E039
:1066B000032010BD126A02B19047002010BD10B532
:1066C000D0F8D42200EB8202D2F8B82222B190F89E
:1066D0009C32032B02D004E0032010BD526A02B1A9
:1066E0009047002010BD10B51C461346D0F8C802D4
:1066F0002246FBF701FEBDE81040FFF7A1BE10B532
:10670000D0F8C802FBF729FEBDE81040FFF798BE9D
:106710002DE9F04100260125044680F89C52C4F87A
:1067200094626660C4F8A46280F8A062D0F8B802EF
:1067300030B1426822B100212046904700B10326C3
:106740000022402311462046FFF7CDFF402784F862
:106750006351A4F860713B46002280212046FFF778
:10676000C2FF84F8235027843046BDE8F08190F8BA
:106770009C12042903D190F89D1280F89C120020ED
:10678000704710B590F89C12032905D1D0F8B812C3
:1067900011B1C96901B18847002010BD0174002002
:1067A000704710B5D0F8C802FCF7C2F9BDE8104038
:1067B000FFF746BE70B5044600F2AA20054600F079
:1067C00051F80120C4F89402B4F8B002C4F8980259
:1067D00094F8AA0210F01F010AD001290ED0022954
:1067E00012D000F080012046BDE8704000F012B8E1
:1067F00029462046BDE8704000F0D0B82946204622
:10680000BDE8704000F013BA29462046BDE870404C
:1068100000F05AB910B5D0F8C802FBF7BAFDBDE8D0
:106820001040FFF70DBE10B5D0F8C802FCF79AF97A
:10683000BDE81040FFF704BE90F89C12042903D075
:1068400090F89C1280F89D12042180F89C12002080
:10685000704710B5D0F8C802FBF7D4FDBDE8104072
:10686000FFF7EEBD70B5054611F8010B28700878EA
:1068700068704C1C2046FEF745FF6880A41C20462B
:10688000FEF740FFA880A01CFEF73CFFE88070BD2B
:1068900038B504460020ADF80000A1B1C4F8B81224
:1068A000D4F8D40204EB8000D0F8B802C16A19B160
:1068B00068468847C4F8D002D4F8D802401CC4F80F
:1068C000D802002038BD032038BD02460020D2F88F
:1068D000B832002B02D01B681046184770470000E2
:1068E0002DE9F04188462B4E897800250446317009
:1068F000012906D941462046FFF725FC0320BDE8C3
:10690000F08194F89C02022702280CD003281DD0A5
:1069100041462046FFF717FC31782046FFF7F5FB8C
:1069200003252846EBE789B320466160FFF7CDFFDA
:10693000050004D041462046FFF705FC1DE0204637
:10694000FFF736FC032084F89C02EAE7C1B16068D7
:1069500088421BD0C1B22046FFF7D7FB31782046D2
:106960006160FFF7B2FF050010D041462046FFF7F7
:10697000EAFB21792046FFF7C8FB84F89C72D0E738
:1069800084F89C7220466160FFF7BFFB2046FFF74A
:106990000FFCC6E7A0000020FFF745BF2DE9F0413E
:1069A0000A78002512F060020CD0202A01D0402A7B
:1069B0007DD1D0F8D42200EB8202D2F8B8229268BE
:1069C000904731E04B78002201260A2B6FD2DFE896
:1069D00003F041666E586E08056E2D29FFF768FCBE
:1069E00067E004468888D8B9C888C8B9488880282C
:1069F00016D200F07F0794F89C02032810D084F888
:106A00009E7239462046FFF7CCFE2046FFF7D0FBAA
:106A10001FB1022084F89C024BE084F89C6248E09D
:106A2000204644E0FFF75CFF054642E0CB88012B9F
:106A30003DD190F89C32012B04D0022B02D0032BC5
:106A400035D104E08260012200F1080116E0012244
:106A5000011D13E090F89C22012A03D0022A01D0E4
:106A6000032A24D1CA88022A21D1C660D0F8A412F0
:106A700009B10321C160022200F10C01FFF78AFB7A
:106A800017E04A88012A02D0022A03D00FE0C0F89A
:106A9000A46216E08988090A80F8A01211E090F833
:106AA0009C32012B08D0022B06D0032B04D0FFF719
:106AB0004AFB2846BDE8F08149880129F9D1C0F890
:106AC000A422FFF775FBF4E72DE9F04105460878AD
:106AD0000C790E464FF0000810F060000BD0202813
:106AE00001D040286BD121462846FFF718FBFF282C
:106AF00000D0D8B398E07078C8B3012824D0032818
:106B00005DD195F89C02022802D0032857D10CE0F1
:106B1000002C54D0802C52D021462846FFF77AFE14
:106B200080212846FFF776FE7EE0708840B93CB1B0
:106B3000802C05D0C88818B921462846FFF76AFE80
:106B40002846FFF735FB6FE095F89C020228DFD05E
:106B5000032866D1708888BB600603D0214628468A
:106B6000FFF78DFC2846FFF723FBBCE700E00AE0B7
:106B7000C5F8D402D5F8B8028268FAB13146284681
:106B80009047804650E095F89C020027022802D0EA
:106B9000032846D114E00CB1802C42D1200604F029
:106BA0007F0000EB800005EB800101D5143101E08E
:106BB00001F5AA71022201F80E7F2EE034E030E0E8
:106BC000200604F00F0000EB800005EB80000AD5E2
:106BD00090F8230028B304F07F0000EB800005EB61
:106BE000800614360AE090F86301D0B104F07F000B
:106BF00000EB800005EB800606F5AA764CB1802CF0
:106C000007D021462846FFF737FD10B10120B073A9
:106C100000E0B773022206F10E012846FFF7BAFA28
:106C200002E02846FFF78FFA4046BDE8F08170B5D4
:106C30000546087800240E4610F0600003D0202896
:106C400001D0402827D195F89C02012803D00228C2
:106C500001D003281FD1B088C1B201291AD8C1B20E
:106C60002846FFF75EFAFF280CD058B9D5F8B812BD
:106C70008A683AB1C5F8D4028A68314628469047F6
:106C8000044600E00324F088204307D12846FFF79C
:106C90008FFA03E031462846FFF755FA204670BDCB
:106CA00070470000004870471C25002070B50A7826
:106CB000012302F00F054E78AB401B4CD0F81C5856
:106CC000012E17D045EA0343C0F81C3800EB4210F0
:106CD000D0F8002B12040BD4D0F8002B0B890979C3
:106CE000C3F30A031A4344EA81410A43C0F8002B64
:106CF000002070BD9BB21D43C0F81C5800EB421031
:106D0000D0F800391B04F3D4D0F800390D89097983
:106D1000C5F30A0589042B4341EA82510B432343FF
:106D2000C0F80039E4E7000000800010D0F8001936
:106D30006FF30A01C0F80019D0F8041841F480710B
:106D4000C0F804180020704770B50D460446C2F321
:106D5000072104981E4601291BD0E06840F040003E
:106D6000E060204600F032F8C6F307210029A16B4D
:106D700026D021F48031A163C5F30741012907D151
:106D8000A16841F00601A160A16841F02001A16065
:106D900070BDA16B21F48031A163E1680A4A114002
:106DA000E160E16821F44011E160C0B2012803D143
:106DB000E06840F48010E060204600F007F8DBE770
:106DC00041F48031D7E70000BFFFBDFF08B50021C7
:106DD00000914FF07061009A521C00928A4210D8C4
:106DE0000269002AF7DA0A220092521E0092FCD1B0
:106DF000026942F001020261009A521C00928A422A
:106E000001D9032008BD0269D207F5D1002008BDD1
:106E100030B54C780A78012300EB4212012C2CD0BB
:106E2000D2F8004B002C0BDAD2F8004B44F000648F
:106E3000C2F8004BD2F8004B44F08044C2F8004B3B
:106E4000D0F83C580C7804F00F0403FA04F425EA57
:106E50000444C0F83C48D0F81C48097801F00F0100
:106E60008B4024EA0341C0F81C18D2F8000B1949E2
:106E70000840C2F8000B002030BDD2F80049002CB9
:106E80000BDAD2F8004944F00064C2F80049D2F8A5
:106E9000004944F08044C2F80049D0F83C480D78DD
:106EA00005F00F0503FA05F5ADB2AC43C0F83C4858
:106EB000D0F81C48097801F00F018B4099B28C433F
:106EC000C0F81C48D2F8000903490840C2F800097C
:106ED000D1E700000078F3EF007833ECD0F8001E23
:106EE00021F00301C0F8001ED0F8041821F00201BF
:106EF000C0F8041800207047D0F8001E21F00301EC
:106F0000C0F8001ED0F8041841F00201C0F80418BF
:106F1000002070472DE9F04F00250E460446174625
:106F20002846294604EB8002C2F80411401C0F28B1
:106F3000F8D3C3F307405FEA0009204616D0806B00
:106F400020F40012A263A06B40F40022A263084662
:106F500088462146C4F8000EC7F30720012817D041
:106F60000846D1F8001841F0030118E0D0F80408F1
:106F700040F00202C4F80428A06B40F40012A2639F
:106F8000A06B20F40022A263A06B20F48022DDE736
:106F9000300E0846D1F8001801D041F00101C0F8C8
:106FA0000018102100F08BFA00B10125204600F0F6
:106FB0006AFA00B101254046C4F81088C4F8148864
:106FC000C4F81C8800214FF0006B4FF0904E4FF634
:106FD0007F3AF2B215E000BF04EB4113D3F800C9C9
:106FE000BCF1000F06DA11B1C3F800E904E0C4F8FF
:106FF00000B901E0C3F80009C3F81009C3F808A9F3
:10700000491C8A42E8D8002115E000BF04EB411377
:10701000D3F800CBBCF1000F06DA11B1C3F800EBD6
:1070200004E0C4F800BB01E0C3F8000BC3F8100B88
:10703000C3F808AB491C8A42E8D8D4F8101821F4E8
:107040008072C4F81028A0616FF080406061C6F3C0
:10705000074018B9A06940F01000A061A0690A4972
:107060000843A061C7F3074018B1A06940F00800C9
:10707000A061B9F1010F03D1A06904490843A061DF
:107080002846BDE8F08F000000383C800400004036
:10709000816821F0010181600020704710B5036C08
:1070A000134CA34203D9D0F8003B002B1EDB002376
:1070B000C0F8103BD0F8103B43F40023C0F8103B5D
:1070C000D0F8103B43F01803C0F8103BD0F8103B49
:1070D00043F0C043C0F8103B012907D1C0F8142B7E
:1070E000D0F8001B41F08021C0F8001B002010BD2B
:1070F0000A30544F4A780B78012A00EB43100BD02A
:10710000D0F8002B22F40012C0F8002B09790329D3
:1071100014D0022912D017E0D0F8002922F400126E
:10712000C0F800290979032901D002290CD1D0F82F
:10713000001941F08051C0F8001905E0D0F8001B9B
:1071400041F08051C0F8001B002070470A784B784E
:10715000D1B200EB4110012B12D0D0F8001B002956
:1071600006DB2AB1D0F8001B21F08041C0F8001BDB
:10717000D0F8001B41F40011C0F8001B002070473C
:10718000D0F80019002906DB2AB1D0F8001921F047
:107190008041C0F80019D0F8001941F40011C0F87E
:1071A0000019EBE7F8B50C784F788B4DE3B26FF030
:1071B000604600EB4313012F29D0D3F8107B6FF307
:1071C0001207C3F8107BD3F8107B2F40C3F8107B55
:1071D000002C7DD00D69002D7BD08C6825446D1E60
:1071E000B5FBF4F5ADB26C430C62D3F8104B06EA74
:1071F000C5452C43C3F8104BD3F8104B0D6AC5F3AB
:1072000012052C43C3F8104B012A70D0CBE00F6954
:10721000EFB1D3F810796FF31207C3F81079D3F8F0
:1072200010792F40C3F810790CB30F698D682F4483
:107230007F1EB7FBF5F5D3F81079ADB206EAC54667
:107240003743C3F810790E79012E1CD02AE0D3F809
:1072500010692E40C3F81069D3F8105945F4002581
:10726000C3F81059D3F810596FF3120520E00E69D6
:107270008D68AE4200D90D61D0F8105945F4002652
:10728000C0F810690EE0D3F8106926F0C046C3F8C4
:107290001069D3F810694FF0C04707EA45752E43CF
:1072A000C3F81069D3F810590E69C6F312063543B6
:1072B000C3F81059012A1BD000EB4413D3F800493E
:1072C00044F00444C3F800490C79012C31D001E0AA
:1072D00044E057E00A695AB3D0F83428097801F03D
:1072E0000F03012199400A43C0F8342871E056E0A9
:1072F000CA691AB100EB4413C3F8142909790129AA
:107300000ED1D0F80818C90500EB4411D1F80029B6
:1073100002D442F0005201E042F08052C1F800294C
:1073200000EB4410D0F8001941F00441C0F80019F6
:107330004FE0D0F80848E405D3F8004902D444F0FF
:10734000005401E044F08054C3F8004900920A8AD6
:1073500093B20A78C96800F0DFF93AE00C690CB121
:107360008C680C618C680C62D0F8105BC4F312045A
:107370002543C0F8105BD0F8104B44F40024C0F84B
:10738000104B41E7D3F8104B8D68C5F312052C4321
:10739000C3F8104BD3F8104B44F4002432E7CA680A
:1073A0000AB1C3F8142B097901290CD1D0F80808C7
:1073B000C005D3F8000B02D440F0005001E040F0CB
:1073C0008050C3F8000BD3F8000B40F00440C3F822
:1073D000000B0020F8BD0000FFFF07E038B50022D9
:1073E000009213464D780A7842F2107400EB421274
:1073F000012D19D0D2F8005B002D3CDAD2F8005BE9
:1074000045F00065C2F8005B0A7800EB4212D2F842
:10741000005B45F08045C2F8005B009A521C009268
:10742000A24221D9012326E0D2F80059002D22DA08
:10743000D2F8005945F00065C2F800590A7800EB0F
:107440004212D2F8005945F08045C2F80059009A1E
:10745000521C0092A242E5D80A7800EB4212D2F800
:107460000029002AF3DB06E00A7800EB4212D2F88A
:10747000002B002AD1DB184638BD816841F001019C
:1074800081600020704708B500214FF070620091C4
:10749000009B5B1C009393420AD80369002BF7DA28
:1074A0000091102101610099491C0091914201D97C
:1074B000032008BD0169C906F5D4002008BD18B530
:1074C00000224FF070630092009C641C00949C4268
:1074D0000CD80469002CF7DA0092202242EA8111CC
:1074E00001610099491C0091994201D9032018BDFE
:1074F00001698906F5D4002018BDD0F8080810F0FD
:10750000060004D0022803D0062801D00F207047BF
:1075100002207047406900F001007047D0F8181849
:10752000D0F81C08084080B27047D0F81818D0F87E
:107530001C080840000C704710B5D0F81038D0F87F
:10754000342801F00F0400EB4110E24002F0010288
:10755000D0F8080943EAC212104010BD00EB4111F7
:10756000D1F8081BD0F814080840704741698069B9
:107570000840704730B503460846940802F00301FE
:10758000002203F5805303E01D6840F8045B521CA1
:10759000A242F9D300290BD01C680022D50024FA9E
:1075A00005F3491E521C090400F8013B090CF5D1F2
:1075B00030BD70B50446C068002520F0C040E060D2
:1075C000012901D079B120E0E06840F00050E0608E
:1075D0000A20FAF7A5FA60690A3510F0010F10D1F8
:1075E000C82DF5D30DE0E06840F08040E0600A204F
:1075F000FAF796FA60690A3510F0010F01D0C82D2C
:10760000F5D3C82D01D0002070BD012070BDD0F889
:10761000002822F4FE62C0F80028D0F800284FF4B9
:10762000FE6303EA01110A43C0F8002800207047F6
:10763000022A3ED1264A274B0A449A4201D20F2100
:1076400038E0254A254B0A449A4201D20E2131E006
:10765000234A244B0A449A4201D20D212AE0224AAD
:10766000224B0A449A4201D20C2123E0204A214BAA
:107670000A449A4201D20B211CE01F4A1F4B0A44C4
:107680009A4201D20A2115E01D4A1E4B0A449A4231
:107690000FD31D4A1D4B0A449A4201D2082109E02A
:1076A0001B4A11441B4A914201D2072102E00621E4
:1076B00000E00921C26822F47052C260C2684FF42F
:1076C000705303EA81210A43C26000207047000022
:1076D000405327FF00350C00401E1BFF40420F00A7
:1076E00000DC0BFF804F1200808CF9FE20D61300C7
:1076F00060B6E5FE60E3160000D3CEFE40771B00C7
:10770000C05BB3FEC091210000CA91FE2075380015
:10771000E05459FEE09C410010B5029C74B9DB1C9A
:107720009C0800EB0230002300F5805004E000BF0D
:1077300051F8042B02605B1CA342F9D3002010BD5A
:107740000C4A0168914214D10A68D243D20610D47F
:107750006FF010020A60084909684968084B4A42FC
:1077600006490978521A1944D2B24FF0FF33FCF798
:1077700061BE704700100140B005002010000020DD
:1077800068040020FEE700000FB4054B10B503A904
:10779000044A029800F0EAF810BC5DF814FB0000FF
:1077A000E1970008300100200907090E002804DBDA
:1077B00000F1E02080F80014704700F00F0000F1A5
:1077C000E02080F8141D704702E008C8121F08C1AD
:1077D000002AFAD170477047002001E001C1121F52
:1077E000002AFBD1704700002DE9FF5F82B0002125
:1077F000DDE90430020DDDF840B0034318D044F653
:107800001050A2F2FF3242431514119801281FD0E4
:10781000A5EB0B00401C5FEA000A4FF000064E4F3C
:10782000DFF83891B046504615D5CAF1000413E090
:10783000119801244AA3012801D16FEA0B01029893
:10784000119AC0E90031C0E9024206B0BDE8F09FDC
:10785000CBF10000DFE704460021404A491842EB23
:107860000450CDE9001012E0E00707D032463B4655
:1078700040464946F8F7FBFC8046894632463B467F
:1078800010461946F8F7F3FC06460F466410002C24
:10789000EAD1DDE90401DDE90023BAF1000F06DADF
:1078A000F8F7E5FC42464B46F8F7E1FC05E0F8F74F
:1078B00089FE42464B46F8F785FE04460E460022F6
:1078C000284BF8F707FF03D84FF0FF30014607E0D9
:1078D0000022254B20463146F8F7CDFDF8F7E1FEB2
:1078E000102409E0002C0ADB0A220023F8F768FCC8
:1078F000039B30321A55641E50EA0102F2D1641C17
:10790000039AC4F111031444119A012A03D00122ED
:1079100008430DD10AE0084304D000204FF0110BBA
:10792000119072E7A3EB0B056D1E0DE05B4504DDC6
:107930004FF0000205F1010504E003DA4FF0000208
:10794000A5F10105002AECD002981199C0E9023195
:10795000C0E9004579E70000000014400000F03F56
:10796000300000000000F0430000E03F2DE9FF4F31
:1079700095B09B468946064600250FE2252877D11B
:1079800000242746F84A0121059400E0044316F834
:10799000013F203B01FA03F01042F7D130782A284A
:1079A00011D06FF02F033078A0F13002092A16D8D9
:1079B000059A44F0020402EB820203EB42021044F7
:1079C000761C0590EFE759F8042B0592002A03DA9C
:1079D000504244F40054059044F00204761C307880
:1079E0002E2816D116F8010F44F004042A280DD0D1
:1079F0006FF02F023078A0F13003092B09D807EB84
:107A0000870302EB4303C718761CF3E759F8047B9E
:107A1000761C30786C280FD006DC4C2817D06828EC
:107A20000DD06A2814D104E0742810D07A280FD120
:107A30000DE044F400140AE044F4801401E044F43E
:107A400040147278824202D104F58014761C761CB0
:107A5000307866280BD013DC582877D009DC002852
:107A600075D04528F6D04628F4D047281AD19DE194
:107A700018E0632835D0642879D0652812D195E1C3
:107A8000702873D008DC6728F1D069286FD06E2881
:107A90000DD06F2806D1B5E073282CD0752875D08D
:107AA000782874D05A46179990476D1C75E1C4F335
:107AB0000250022809D003280DD0D9F8001004285C
:107AC0000DD00D6009F1040967E1D9F80010EA173B
:107AD000C1E90052F6E7D9F800100D80F2E70D7009
:107AE000F0E719F8041B8DF8001000208DF8010054
:107AF000EA46012003E059F804AB4FF0FF3061077C
:107B00004FF0000102D40DE008F101018846B942AE
:107B10000FDA8045F8DB1AF808100029F4D108E0E4
:107B200008F1010188468142FADB1AF808100029A1
:107B3000F6D105985B46A0EB080721463846179A10
:107B400000F094FA284400EB080507E04DE029E135
:107B50000DE01AF8010B5A4617999047B8F1010841
:107B6000F7D25B4621463846179A13E142E00A22D3
:107B70000092C4F302524FF0000A022A08D059F8CA
:107B800004CB032A4FEAEC710AD00DE029E02AE089
:107B900009F1070121F00702F2E802C1914609E06C
:107BA0000FFA8CFC4FEAEC71042A03D14FFA8CFCDB
:107BB0004FEAEC71002907DA0A460021DCF1000CDB
:107BC00061EB02012D2202E0220504D52B228DF863
:107BD0000420012203E0E20701D02022F7E79046CB
:107BE00059E00A2102E010220DE010214FF0000AB6
:107BF00000910BE010224FF0000A44F00404082723
:107C0000009203E008224FF0000A0092C4F30252EF
:107C1000022A05D059F804CB0021032A08D009E034
:107C200009F1070121F00702F2E802C1914605E0DF
:107C30001FFA8CFC042A01D10CF0FF0C4FF0000855
:107C4000220728D5702806D0009B83F0100353EA42
:107C50000A0305D00EE040228DF80420012208E03E
:107C60005CEA010206D030228DF804208DF8050070
:107C700002229046009B83F0080353EA0A030AD1CC
:107C80005CEA010201D1620705D530228DF804209B
:107C90004FF001087F1E582804D034A003900EA88E
:107CA00002900DE036A0F9E753466046009AF8F7D7
:107CB00087FA84460398825C0298401E0290027004
:107CC0005CEA0100F0D1029806A9081A00F1200A26
:107CD000600702D524F4803400E00127574502DD17
:107CE000A7EB0A0000E0002000EB0A0100900598D5
:107CF0004144401A0590E00306D45B462146179A9A
:107D0000059800F0B3F90544002706E001A85A469B
:107D1000C05D179990476D1C7F1C4745F6DBE0035B
:107D20000CD55B462146179A059800F09FF905444B
:107D300004E030205A46179990476D1C0099481E60
:107D400000900029F5DC08E0029802995A46007874
:107D5000491C0291179990476D1CBAF10001AAF1D4
:107D6000010AF1DC65E100000928010030313233FD
:107D70003435363738396162636465660000000067
:107D80003031323334353637383941424344454651
:107D90000000000000F058F90544761C30780028F7
:107DA0007FF4ECAD19B02846BDE8F08F620700D42F
:107DB000062709F1070222F0070CFCE80223E1463E
:107DC00003F000485FEA080C02D00FF2702C0DE0BF
:107DD0005FEA045C02D50FF2682C07E05FEAC47C1E
:107DE00002D00FF2602C01E0AFF2700C4FF0FF38C0
:107DF00023F00043CDF850C065280CD006DC4528A0
:107E000009D046281DD047283DD13DE0662818D02E
:107E100067287ED138E00021112F01DB112000E01E
:107E2000781CCDE9000106A90EA8FFF7DDFCDDE90D
:107E30000F010E9A03910021009207F1010A0491AB
:107E40004DE04FF000400097CDE9011006A90EA8C3
:107E5000FFF7CAFCDDE90F0203920E9B1199002285
:107E6000DDF80CA00093049211B9791C00EB010A13
:107E7000B7EB0A0004D4C0F1FF3007F1010A049007
:107E8000AAEB0700019044E0012F00DA012700214E
:107E9000112F01DD112000E03846CDE9000106A9CF
:107EA0000EA8FFF7A1FCDDE90F010E9A0391002156
:107EB00004910092BA4621070CD40399514500DA87
:107EC0008A46BAF1010F05DD009AAAF10101515C61
:107ED000302908D0B84202DA10F1040F06DA012185
:107EE000CDE9011015E0AAF10101E9E7002805DC60
:107EF000049901440491AAEB000102E0411C5145A0
:107F000000DD8A460499401A401C01904FF0004061
:107F10000290200704D40198504501DBCDF804807D
:107F200000208DF84F0002980DF14F07B0F1004F7F
:107F300025D02B200E9002984FF0020800280CDA72
:107F4000404202902D200E9007E00A210298F8F797
:107F500000FA3031029007F8011DB8F10001A8F1D4
:107F60000108F2DC02980028EFD1791E0E98087003
:107F7000307800F0200040F0450007F8020D12A80C
:107F8000C01B00F107081498007800B1012000EB35
:107F90000A01019801EBE07105984144401A401E26
:107FA0000590E00306D45B462146179A059800F039
:107FB0005DF805441498007818B15A46179990470F
:107FC0006D1CE00324D55B462146179A059800F006
:107FD0004DF805441CE00498002807DBDDE90301A7
:107FE000884203DD0098405C179901E01799302022
:107FF0005A469047049805F10105401C04900198E9
:10800000401E019004D12E205A46179990476D1CAE
:10801000BAF10001AAF1010ADDDC05E017F8010B55
:108020005A46179990476D1CB8F10001A8F1010854
:10803000F4DC5B462146179A0598ABE62D0000005C
:108040002B000000200000002DE9F041044600252F
:108050001E461746880404D405E039462020B04760
:108060006D1C641EF9D52846BDE8F0812DE9F0416C
:10807000044600251E469046C80301D5302700E07F
:108080002027880404D505E041463846B0476D1CDA
:10809000641EF9D52846BDE8F081000010B50446FD
:1080A0000020E070401EE062204601F002FD08B1B1
:1080B000042010BD04F22E2001F0ACFCA0F52A41F2
:1080C000553901D0032010BD94F83000E92805D0BF
:1080D000EB2814D194F83200902810D104F16600F6
:1080E00001F08DFC0749B1EB002F06D004F18200AE
:1080F00001F085FC0449884201D1002010BD022016
:1081000010BD00000046415446415433F0B50022F2
:10811000144D134605EB021426685EB10768BE4293
:1081200009D166688768BE4205D1A4684669B44231
:1081300004D000E00123521C022AEBD3022A01D012
:1081400069B904E04BB9022907D01220F0BD05EB54
:1081500002108089B0F5807F01D00020F0BD102092
:10816000F0BD0000202C002030B50021054B0C464E
:1081700003EB01121568854200D11460491C0229E5
:10818000F6D330BD202C00200268490AC06A52890B
:10819000B1FBF2F1001D04C81AB1914203D3891A50
:1081A000F8E7002070470068084470474269891E5C
:1081B000921E8A4201D800207047826A408901FBE2
:1081C000002070472DE9F04105680F00804606D079
:1081D00001F012FB022809D20120BDE8F081EE680F
:1081E00016B16869B04207D8012605E0411CF4D0F9
:1081F00069698142F1D83E4634466869641CA042F0
:1082000002D80224022E0AD32146404601F0F4FA95
:1082100038B10128E1D0411CDFD0B442EDD10020BB
:10822000DBE74FF0FF3632462146284601F05AFC84
:1082300030B957B122463946284601F053FC20B1E7
:1082400001280FD001242046C7E7EC60D5E90401DE
:10825000891E884201D8401E2861287940F001001B
:108260002871F0E73446EEE72DE9F0410E46243060
:108270000D6804460B22202101F014FC0020014669
:1082800008232A5C401C202A12D92F2A0BD05C2AF2
:1082900009D02E2A01D0994214D30B2B34D02E2A88
:1082A00032D10CE0401C2B5C2F2BFBD05C2BF9D087
:1082B0002844306041B32078E52831D032E00821ED
:1082C0000B23DEE7A2F181077D2F13D82F5C401C22
:1082D000A7F1400CBCF13F0F04D3A7F1800CBCF117
:1082E0007F0F11D2A3F1010C61450DD26254491CDC
:1082F000675413E00FA700E07F1C97F800C0BCF1A3
:10830000000F04D09445F7D10620BDE8F081A2F11A
:108310006107192F01D8203AD2B26254491CB0E744
:1083200005202070202A01D8042000E00020E072FF
:108330000020EAE7222A2B2C3A3B3C3D3E3F5B5D86
:108340007C7F0000401E022812D20A4901EB001176
:108350008889B0F5807F05D008B1401E80B2888141
:1083600010B103E00020FAE7002008600020704709
:1083700002207047202C00202DE9F0410446002106
:10838000056800F017F9002826D12846E16901F0B8
:1083900090FB02001FD1206A017899B1C17A01F0E7
:1083A0003F01A171C17A09070FD404F124010B2602
:1083B00010F8013B11F8017BDB1B761E04D0002B6B
:1083C000F6D002E0042206E02BB10021204600F0A6
:1083D00005F80200D9D01046BDE8F0812DE9F0473C
:1083E000054647690468C0698946203710B1B7F56A
:1083F000001F02D30420BDE8F087F90560D1401CBE
:10840000E861A9694FF0000829B16089401E10EAAF
:10841000572F05D054E02089B0EB571F1DD94FE0EE
:10842000284601F0E9F9064601281BD9701C33D013
:108430006069B0423ED8B9F1000F0ED02846A96954
:10844000FFF7C0FE06000BD0012E0BD0701C23D00E
:10845000204601F093FCF8B906E0C5F81C80C9E796
:108460000720C8E70220C6E74FF40072002104F19C
:10847000300001F017FB4FF0000831462046FFF7AF
:1084800095FE4FF00109E0620DE000BF84F8039013
:10849000204601F073FC08B10120ACE7E06A08F166
:1084A0000108401CE06261894145EFD8E16AA1EB17
:1084B0000800E06231462046AE61FFF777FEE861D2
:1084C000C7F30800204430306F612862002092E733
:1084D00070B504460E460420256821E0284601F0C8
:1084E000E8FA10BB226A1178B1B1D27AE52902F01C
:1084F0003F02A2710AD02E2908D00F2A06D022F0FE
:10850000200108290AD00021B14210D000212046C4
:10851000FFF764FF20B108E0042006E00121F3E743
:10852000E1690029DAD1002801D00021E16170BDA4
:1085300070B504460021066800F03CF80DE03046B6
:10854000E16901F0B6FA50B9206A0078E52809D04F
:1085500040B101212046FFF741FF0028EFD0042859
:1085600007D007E03046E16901F0A3FA050003D027
:108570000FE0072005460CE020220021206A01F0D0
:1085800091FA0B2204F12401206A01F081FA012002
:10859000F070284670BD70B505680446C16928466C
:1085A00001F087FA002804D1226AE5211170012127
:1085B000E97070BD2DE9F04107680E460546B1F53A
:1085C000001F36D2F00634D16E61AC6824B9387819
:1085D000032805D37C6A1CB178894FEA402812E051
:1085E0003889B0EB561F24D9786A12E0284601F08A
:1085F00003F90446401C1AD0022C1AD37869A04211
:1086000017D9A6EB080646452146EFD23846FFF7B4
:10861000CDFDC5E9064060B100EB5620E861C6F328
:1086200008003844303028620020BDE8F081012085
:10863000FBE70220F9E7000070B5094C0546002071
:10864000615D00290AD104EB850160194968007A4F
:1086500009688847002801D10121615570BD0000DB
:10866000402C002030B4054C231804EB80001B7A0A
:10867000406804691846A44630BC6047402C00207E
:1086800030B4054D2C1805EB8000247A40688568CD
:108690002046AC4630BC6047402C0020044A1118EC
:1086A00002EB8000097A40684268084610470000E3
:1086B000402C002030B4054D2C1805EB8000247AA6
:1086C0004068C5682046AC4630BC6047402C00205E
:1086D00038B5044600F0C3FD00280CD16946204699
:1086E00001F075FB002806D12069FFF72BFE00285A
:1086F00001D10021216038BD38B50446694601F03A
:1087000066FB002808D1216921B10846FFF71AFE4F
:10871000002801D10021216038BD2DE9F74787B03D
:1087200014468A460022694607A800F0F5FE5FEA73
:10873000000958D1009820600098D0E90417BA1EAB
:10874000914202D8CAF800104DE001784FF00008BD
:10875000012901D0066A19E002240190214601A8EE
:1087600001F04AF8411C03D0012803D028B106E0EB
:10877000012000E0022081462CE008F10108009869
:10878000641C40698442E9D324E05DB93146761C1B
:10879000009801F08EF95FEA00091BD1009C4FF4AC
:1087A00000753034009800780228204604D001F08B
:1087B00026F9000108D009E001F02CF908B908F108
:1087C0000108A41CAD1E03E008F10108241D2D1FA3
:1087D0007F1EDAD1CAF800800098C0F810800179B5
:1087E00041F0010101710AB04846BDE8F0872DE96A
:1087F000FC4100259046074604464E1E11E001ABA1
:1088000001226946404600F043FC019801280AD144
:108810009DF800000D2804D06D1C04F8010B0A28F7
:1088200001D0B542EBDB0020207015B13846BDE821
:10883000FC810020FBE700002DE9FF4F91B01D46B1
:1088400014464FF4007611A8DDF8788001F066F840
:10885000002803DA0B2015B0BDE8F08FF54951F878
:10886000201009B100220A70C0B20490FFF7E4FEA4
:10887000C10701D00320EEE7400701D50A20EAE74F
:108880000EAA03210498FFF7EDFE38B90E9828B11F
:10889000B0F5004F02D8411E084201D001200E90D1
:1088A000B24624B154453AD3B4F1807F37D8601E24
:1088B000044234D1B8FBFAFBB4FBFAF75FEA4B2071
:1088C0002C4610907ED00CAA01210498FFF7CAFE16
:1088D000002878D1129800076FEAA0104FEA90693B
:1088E0000C9848456ED3A0EB090086460C90802872
:1088F00068D3802F13D812984FF6F572800712981C
:1089000040F6F57307D500F0070002287ED01298D4
:10891000C0077BD001E0C00701D0022696E01320FB
:1089200099E73D000DD100204FEA5E480125DFF8B0
:1089300008C301E06D00401C3CF8101009B141452E
:10894000F8D9BEFBF5F00AEB8001C91DB1FBFAF8BE
:108950002021039100210791904233D9B7498842E1
:1089600030D828E0B449002001254FEA1E3C0E39DA
:1089700001E06D00401C31F81080B8F1000F01D00B
:10898000E045F6D9BEFBF5F0984203D9042101EB8E
:10899000400006E0012600EB40000321401C01EBF3
:1089A00050005044401EB0FBFAF8012081030390B0
:1089B000B1FBFAF00790039909EB010000EB080105
:1089C000059001E055E034E1079808440E9900EB6A
:1089D000010C491EACF1010C2CEA010CACEB0001BE
:1089E000032E1AD008EB010800EB0511A1EB0901D9
:1089F00071453ED803990798AEEB0101A1EB080140
:108A0000081AB0FBF5F00190032E00E024E00ED030
:108A1000022E13D0012E2AD02DE0DDF80CC08C449C
:108A2000CDF80CC0DDF814C061440591DCE790423C
:108A300021D8F7B96F087FF474AF1AE0904211D9CA
:108A40003FB94020B0EB450F03D36F003D0099D1F3
:108A500088E71298800707D5032662E76F00802F0A
:108A6000F4D906E0984206D8002FF7D001E09842EA
:108A700001D90E20EFE652460021204601F012F8FF
:108A80000B226FA1204601F003F8514604F10B00C0
:108A900001F02BF96573039881B204F10E0001F027
:108AA00024F901202074032E0ED0514604F1110048
:108AB00001F01BF90C99B1F5803F07D289B204F19E
:108AC000130001F012F905E00021EFE704F12000A6
:108AD00001F003F9F82060753F2104F1180001F05E
:108AE00004F9FF2104F11A0001F0FFF8494604F1EE
:108AF0001C0001F0F2F88027032E27D000F0DBFEE7
:108B0000014604F1270001F0E8F81FFA88F104F1AA
:108B1000160001F0EAF884F82470292084F8260071
:108B200013224AA104F12B0000F0B2FF04F5FF70FC
:108B30004AF65521089001F0D8F801234A4621460B
:108B40000498FFF7B7FD002873D124E000F0B3FECE
:108B5000014604F1430001F0C0F8414604F124004D
:108B600001F0BBF8022104F12C0001F0B6F801215C
:108B700004F1300001F0B9F8062104F1320001F0EF
:108B8000B4F8292084F8407084F84200132234A1FC
:108B900004F14700C8E7032E32D1012309F1060290
:108BA00021460498FFF786FD52460021204600F03A
:108BB00079FF3049204601F090F82F4904F5F27012
:108BC00001F08BF8019904F5F470491E01F085F865
:108BD000022104F5F67001F080F84AF65521089854
:108BE00001F083F8012309F1070221460498FFF7F9
:108BF00061FD012309F1010221460498FFF75AFDA6
:108C000000212046109A00F04DFF6FF00701032E5F
:108C100002D0012E32D032E0204601F05EF84FF053
:108C2000FF31201D01F059F86FF0704104F1080088
:108C300026E073E09C000020469E0008F5FFFF0F31
:108C4000EBFE904D53444F53352E30004E4F204E87
:108C5000414D452020202046415420202020200046
:108C60004E4F204E414D4520202020464154333266
:108C700020202000525261417272416140492046D9
:108C800001F02BF8474658465F4500D838468046E5
:108C90000346DDE904022146FFF70CFDF0BB524616
:108CA0000021204600F0FEFE0598B7EB080740447F
:108CB0000590E8D1032E00D0079D58465D4501D9A7
:108CC000074600E02F46DDE904023B462146FFF758
:108CD000F1FC18BB0598ED1B38440590EDD1032E2F
:108CE00005D00C98B0F5803F03D3062604E00C268F
:108CF00002E0022E38D001261298000736D45246E0
:108D00000021204600F0CEFE4AF65521089800F0DA
:108D1000ECFF04F5DF750020287000E02EE0012153
:108D20006970A970E8702E710C9909EB010043F687
:108D3000C161B0FBF1F0FE2169713F2141EA900170
:108D4000A971E871494605F1080000F0C6FF05F178
:108D50000C000C9900F0C1FF012300222146049869
:108D6000FFF7A8FC50B901E00426C5E70022114630
:108D70000498FFF777FC00283FF47DAD01206AE5F9
:108D8000F8FFFF002DE9F74181B09046029800906E
:108D9000684600F0C3FD040003D50B2004B0BDE815
:108DA000F0810D4E002756F824501DB12846FFF7DC
:108DB000DBF92F700198002800D0077046F82400D6
:108DC00002D0B8F1010F01D00020E7E7002201A98D
:108DD00002A800F0A1FBE1E79C0000202DE9F74389
:108DE00092B005000BD002F03F063246694613A848
:108DF00000F092FB04004FF0000804D0ECE00920E2
:108E000015B0BDE8F0830098049004A8139900F011
:108E1000ADFC04000ED19DF83F00000601D50624EC
:108E200008E0700801D0012100E0002104A8FFF74C
:108E30006DF9044616F01C0F5DD04FF00109C4B166
:108E4000042C10D10020674902E0401C022804D203
:108E500001EB00121268002AF7D1022807D004A8FB
:108E6000FFF766FB044646F008065CB1B4E0122446
:108E7000B2E09DF8160010F0110F47D1700701D530
:108E80000824A9E0300747D500F015FD07460C98E7
:108E900039460E3000F021FF0C983946163000F0AC
:108EA0001CFF0C982021C1720C99009800F094FDD1
:108EB000074600220C99009800F0FBFE0C98002158
:108EC0001C3000F00AFF009981F8039017B3D1F825
:108ED0002C900022394604A800F0B1FE04007BD19A
:108EE0004946009800F0E5FD04000098A7F101074D
:108EF000C7600DD070E0ECBB9DF81600C10601D52F
:108F0000042469E0B10703D5C00701D0072463E05A
:108F1000300701D546F040060098C06A68620C9898
:108F2000A862700801D0012100E0002104A800F02F
:108F300013FD2861B8B30C99009800F04DFDA860AE
:108F40000C981C3000F05BFDC5F82C80E86000999F
:108F50002960009905F130004FF40072C988A9809A
:108F60002E7585F81580C5F8208000218146C5F84A
:108F7000188000E030E000F095FDB0062ED5EE68D8
:108F800066B3AE610098A968408947020FE02846A1
:108F900000F032FC0146012800D80224481C03D00E
:108FA000F61B24B105E01BE00124F61B01E0BE42E4
:108FB000EDD8E96184B9F00510D00098FFF7F6F814
:108FC00070B100EB56222A6200980123494640788E
:108FD000FFF756FB10B10124C5F8008020460FE7CB
:108FE0000224F9E7202C002073B582B0050009D0D7
:108FF0000022694603A800F08FFA04004FF0000633
:1090000003D02FE0092004B070BD009929602846E4
:10901000039900F0ABFB040014D195F82F00000673
:1090200007D4A879C0061CD5296A009800F0D4FCA2
:10903000A8600098C188A98028460021FFF7BAFAE5
:10904000040002D0042C0CD00CE0A86838B1002138
:10905000284600F081FC286128B9122402E02E6124
:1090600001E005242E602046CDE710B594B00446FB
:109070000020CDE90010029002E0641C00F0A7FD82
:10908000217868460029F8D100F0C4FD14B010BD65
:109090002DE9FE4F88460021196099461546044681
:1090A00002A900F094FE002812D1607D00280FD1A3
:1090B000207DC0070BD0E168A0690127081A4FF096
:1090C000020A04F1300B854200D9054684E00720EE
:1090D000BDE8FE8FA169C80566D102984089401E8F
:1090E00010EA512611D129B1E06A28B12046FFF7D4
:1090F0004BF805E0A06803E02046E16900F07CFB46
:1091000002281BD3411C4AD0E061E1690298FFF7B5
:109110004DF898B130440190680A009025D002992A
:1091200032184889824201D9801B0090DDE9003263
:1091300048784146FFF7A4FA88BB03E084F815A0FD
:109140000220C5E7207D00060CD5216A0198081A87
:109150000099884206D208EB40204FF4007259462D
:1091600000F096FC009846022CE0226A01988242A8
:1091700018D0207D00060AD5029801235946407870
:10918000FFF798FA58B9207D00F07F00207502980B
:10919000012359464078019AFFF772FA10B16775BA
:1091A000012095E701982062208BC0F30800C0F5EC
:1091B0000076AE4200D92E46011932464046303183
:1091C00000F066FCA069B0443044A061D9F800000A
:1091D0008119AD1BC9F80010002D7FF47BAF002072
:1091E00076E738B50C460546694600F0F0FD0028E4
:1091F00013D1014628468CB1FFF76AF9042801D043
:1092000000280AD12146284600F057FB00212846B5
:10921000FFF7E4F8042800D1002038BDFFF7CAF9B1
:1092200038BD33B58DB00D46002269460DA800F05B
:1092300073F9040010D168460D9900F097FA040004
:109240000AD19DF82F00000601D5062404E01DB1C7
:109250002946684600F031FB0FB0204630BDF8B516
:109260000446694600F0B3FD00280ED1217D4A0670
:109270000BD508060ED50098226A0123407804F128
:109280003001FFF717FA08B10120F8BD207D00F08A
:109290007F00207500F00FFB0646616A009800F021
:1092A00008FC0028F1D1A56A2946E87A40F02000A0
:1092B000E872A268206800F0FCFC05F11C00E1687F
:1092C00000F00BFD314605F1160000F006FD00210F
:1092D00005F1120000F009FD00980121C17000F0B5
:1092E00009FD217D01F0BF012175F8BD11B59BB0CD
:1092F00002220CA91BA800F00FF90C99009100287C
:1093000010D168461B9900F031FA00280AD10221D9
:109310006846FEF7FBFE002804D19DF82F000006EA
:1093200002D506201CB010BD9DF80600C00701D074
:109330000720F7E708990C9800F04EFB04469DF8CB
:109340000600C00610D50C980E90002110940EA8AF
:10935000FFF730F90028E5D100210EA8FFF7B8F893
:109360000028E5D00428DDD16846FFF714F900286D
:10937000D8D134B100222146684600F060FC0028B4
:10938000D0D10C9800F0B6FCCCE72DE9FE4F044696
:109390000020884618609946154602A9204600F02C
:1093A00016FD002806D1607D002803D1207D8007AE
:1093B00002D40720BDE8FE8FA069012742194FF0B3
:1093C000020A04F1300B824200D2C5439BE0A1693E
:1093D000C80575D102984089401E10EA512618D15F
:1093E00029B1E06A38B12046FEF7CEFE07E0A0685A
:1093F00038B9002100E0E1692046FEF7E3FE0028CD
:109400007DD001282DD0411C54D0E061A16801B964
:10941000A060207D00060BD50298226A01234078C7
:109420005946FFF747F9A0BB207D00F07F0020756B
:10943000E1690298FEF7BAFE98B130440190680ADB
:10944000009027D03218029841898A4201D9891B9D
:109450000091DDE9003240784146FFF72BF9C0B9B1
:1094600003E084F815A00220A4E7216A0198081AF5
:10947000009988420AD208EB40214FF40072584606
:1094800000F006FB207D00F07F002075009846026A
:1094900028E00FE0216A019881420FD0E168A069BD
:1094A00088420BD20298012359464078019AFFF76F
:1094B000E7F818B1677501207CE701E001982062A8
:1094C000208BC0F30800C0F50076AE4200D92E46CE
:1094D000204432464146303000F0DAFA207D40F038
:1094E00080002075A069B0443044A061E1688842E2
:1094F00000D80846E060D9F80000811900E005E0D6
:10950000AD1BC9F80010002D7FF461AF207D40F045
:109510004000207500204DE72DE9FF4100279046CF
:109520000E460F6000F0FAF9050003D50B2004B0D9
:10953000BDE8F0818A4850F825409CB1346020781D
:1095400008F0FE0620B16078FFF7A8F8C1070BD03D
:109550002770E8B2B8466070FFF76EF8C10708D010
:109560000320E4E70C20E2E70EB1400704D400201A
:10957000DDE71EB1400701D50A20D8E700263146B5
:109580002046FEF78BFD022822D100254FEA0D0769
:1095900004EB051090F8F21100F5F77019B10830DE
:1095A00000F02DFA00E0002047F825006D1C042D86
:1095B000EED3002557F8256036B131462046FEF738
:1095C0006DFD022801D203E003206D1C042DF1D3B0
:1095D000042809D002286DD204F13B0000F01AFAE9
:1095E000B0F5007F66D101E00120A0E704F146005C
:1095F00000F010FA18B904F1540000F000FAA0616C
:1096000094F84050A570012D01D0022D52D1454350
:1096100094F83D006081E8B3411E08424AD104F14C
:10962000410000F0F7F92081000743D104F1430025
:1096300000F0F0F9070004D104F1500000F0DFF968
:10964000074604F13E0000F0E5F9010032D023891D
:10965000481900EB131297422CD3B81A6789B0FB54
:10966000F7F0B8B103274FF6F57C604500D8022724
:1096700040F6F57C604500D80127801C3244A26288
:1096800031446061C4E90761032F15D013B1294447
:10969000616200E00EE0022F1FD000F0010100EB3C
:1096A000400001EB500000BFA16900F2FF10B1EBD8
:1096B000502F14D20D203AE704F15A0000F0AAF915
:1096C0000028F7D120890028F4D104F15C0000F0D3
:1096D00096F9606260698000E6E74000E4E74FF0D9
:1096E000FF302061E06080202071032F2CD104F135
:1096F000600000F08FF9012826D1711C204600F08F
:10970000D8F908BB84F8048004F22E2000F082F916
:10971000A0F52A41553917D104F1300000F06FF956
:109720001049884210D104F5057000F068F90E491F
:10973000884209D104F5067000F061F9206104F552
:10974000077000F05CF9E06005492770091F088880
:10975000401C0880E0802046FEF706FD07E7000079
:109760009C000020525261417272416173B50446FF
:109770000568019801E0401C019001782F29FAD07A
:109780005C29F8D00021A16001980078202806D239
:10979000802084F82F002046FEF70CFF7CBD01A935
:1097A0002046FEF761FD0028F8D12046FEF7E4FDD3
:1097B00094F82F1028B10428F0D14907EED40520E1
:1097C0007CBD4907FCD4A079C006F8D5A08AC0F3B7
:1097D000080041192846303100F0FEF8A060DEE7AD
:1097E00013B54FF0FF33012269460248FAF722FE13
:1097F00000981CBD680500202DE9F04104680D4665
:1098000002290BD36069A84208D920784FF0FF36AF
:10981000012807D002282BD0032839D00126304652
:10982000BDE8F081206A05EB550700EB5721204683
:1098300000F03FF90028F2D1C7F3080020447F1C54
:1098400090F83080206A00EB5721204600F031F973
:109850000028E4D1C7F30800204490F8301048EA0B
:109860000120E90701D00609D9E7C0F30B06D6E7C6
:10987000206A00EB1521204600F01BF90028CED10C
:10988000E8B204EB4000303000F0C4F80646C6E70A
:10989000206A00EBD511204600F00BF90028BED15C
:1098A00040F2FF1000EA85002044303000F0A7F8B5
:1098B00020F07046B3E7002070472DE9F041002307
:1098C00005464B72C0690C46002825D000210A4687
:1098D0002E26286A805C521C20280AD0052800D138
:1098E000E520092A02D16718491C7E726718491CB5
:1098F00078720B2AEDD360184372286AC07A2072FE
:10990000286A1C3000F07BF82060286A163000F0CE
:1099100076F8E080000CA080BDE8F08110B5044628
:109920004FF0FF302268002A13D0114600E0491C96
:109930000B78212B0ED33A2BF9D112F8013B303B97
:109940000A2B06D28A4204D1002B02D1491C1846A8
:10995000216010BD002010BDF0B502461D4BD2F8AD
:109960000050002003EB00142668AE4207D1666861
:109970009768BE4203D1A4685669B44202D0401C25
:109980000228EFD3022814D1002002E0401C022854
:1099900004D203EB00142468002CF7D102280ED067
:1099A00003EB00142560956865605269A26000228F
:1099B000A281002903EB0011898902D019B100208E
:1099C000F0BD491C01E04FF4807103EB0012401C14
:1099D0009181F0BD202C002070B506460D4601F1A6
:1099E0001A0000F017F804463078032805D105F175
:1099F000140000F00FF844EA0044204670BDC1781E
:109A0000827842EA01214278007842EA012140EA64
:109A1000012070474178007840EA0120704700003B
:109A2000F8F72CFBFBF78CFEFAF752FEFAF7B0FDC5
:109A3000FAF7BEFFFAF73AFFFAF718FFFAF796FFC0
:109A4000FAF766FDFAF784FDFAF7D6FDFAF7C6FDD8
:109A5000FAF77CFFFAF7C8FF08A0FDF795FE0A4861
:109A60000068C16841F01001C1604FF4807207497D
:109A70000548FAF79DFCF7F7E5FAFEE775617274A1
:109A80003120696E697400006805002068040020B8
:109A9000002A05D011F8013B00F8013B521EF9D114
:109AA000704700005FFA81F100F8011B521EFBD1E4
:109AB000704770B50446C06A0D460026A8420FD014
:109AC000204600F05BF906000AD1607801232A469F
:109AD00004F13001FEF7D4FD08B1751E0126E562E0
:109AE000304670BD2DE9F047022617460D46044664
:109AF000022969D36069A84266D920784FF001092C
:109B0000012804D0022836D003285DD143E0216A21
:109B100005EB550801EB58212046FFF7CAFF060068
:109B200052D1C8F308002044303008F10108E90799
:109B300004D00178FAB262F31F1100E039460170D7
:109B400084F80390216A204601EB5821FFF7B1FF0A
:109B5000060039D1C8F3080020443030E90702D0AC
:109B6000C7F3071105E00178C7F3032201F0F00104
:109B70001143017026E0206A00EB15212046FFF713
:109B800098FF060020D1E8B204EB4000B9B23030B3
:109B900000F0ABF816E0206A00EBD5112046FFF785
:109BA00088FF060010D140F2FF1000EA8500204433
:109BB00030300546FFF723FF67F31B0001462846B8
:109BC00000F08BF884F803903046BDE8F087F8B5D4
:109BD0000E4604460A2902D10D21FFF7F8FF6568F9
:109BE000002D16DB60196D1C06733D2D0DDB6B46D9
:109BF0002A4604F10C012068FFF7C7FB0098A84231
:109C000001D1002501E04FF0FF356560A068401CE0
:109C1000A060F8BD38B542680446002A0CDB6B46EC
:109C200004F10C012068FFF7B0FB28B960680099C7
:109C3000884201D1A06838BD4FF0FF3038BD2DE912
:109C4000F041056813460E46074602292DD3686980
:109C5000B0422AD93BB14FF0FF3219462846FFF7F0
:109C600041FF00281FD131463846FFF7C5FD0400EB
:109C700018D0012C19D0601C19D00022314628467A
:109C8000FFF730FF00280ED1D5E90410821E914263
:109C900005D2491C2961297941F001012971264623
:109CA000B042E0D80020BDE8F0810220FBE70120AF
:109CB000F9E770B50C460646154691B204F11A0054
:109CC00000F013F83078032806D1290C04F11400B1
:109CD000BDE8704000F009B870BD0170090A41701C
:109CE000090A8170090AC17070470170090A417040
:109CF0007047000070B5044600F040F8050036D10A
:109D0000207803282CD12079012829D1420204F19E
:109D1000300000210646FFF7C5FE4AF6552104F241
:109D20002E20FFF7E2FF13493046FFF7D6FF124916
:109D300004F50570FFF7D1FF04F506702169FFF700
:109D4000CCFF04F50770E168FFF7C7FFE269012364
:109D5000521CE26260783146FEF7ACFC00202071B4
:109D6000002260781146FEF77DFC00B101252846EF
:109D700070BD000052526141727241612DE9F041A3
:109D80000446C0780027F8B1E56A04F13001607834
:109D900001232A468846FEF78DFC08B1012713E00F
:109DA0000020E070206AA169281A88420CD2A678A7
:109DB00008E0A0690123054460782A464146FEF781
:109DC00079FC761E022EF4D23846BDE8F08170B5DB
:109DD0000E4604004FF009050CD0206850B1017800
:109DE00041B1A188C288914204D14078FEF756FC67
:109DF000C00703D000203060284670BD00252068D1
:109E0000F9E7000041560008D7560008B15600088F
:109E1000DD560008615600080006101600061016F0
:109E2000000000000000000001020304060708090A
:109E300000000000010203040100040010004000C3
:109E400000010002000001000200040008001000F0
:109E500020000000749E0008000000203401000073
:109E60004C0700082C9F0008340100201C4B000008
:109E7000D8770008011C720113E961140819621BEC
:109E80000825041A4D041A79041AC9141AF504177E
:109E9000040309041201140202021640830440570D
:109EA0001D0201020339031A1A03135D081B085926
:109EB000041A55041A81041A9904296C8210D324B7
:109EC000F414810182130A0632022A40281C090276
:109ED0004367111DC0320904A51A020B130524168D
:109EE00010010524011009010424020205240617AB
:109EF0000107058203081C1009049D320A2E07057C
:109F0000010240072A8107111B915E74125D14083B
:109F1000376042081A950C134D5C1B08C304C11A24
:0C9F200015281AD91C1A55081ACD084142
:040000050800018965
:00000001FF
