:020000040800F2
:1000000070D300209D010008AF4D00083345000863
:10001000AD4D0008830300086D7600080000000065
:100020000000000000000000000000002957000848
:1000300065040008000000002B4F00083557000839
:10004000B7010008B7010008B7010008B7010008B0
:10005000B7010008B7010008B7010008B7010008A0
:10006000B7010008B7010008B7010008B701000890
:10007000B7010008B7010008B7010008B701000880
:10008000B7010008B7010008B70100089103000894
:1000900085030008B7010008B7010008B701000890
:1000A000B7010008B7010008B7010008B701000850
:1000B00011580008B7010008B7010008B70100088F
:1000C000B7010008B7010008B7010008B701000830
:1000D000B7010008A15D0008B7010008B7010008DA
:1000E000B7010008B7010008B7010008B701000810
:1000F000B7010008B7010008B7010008B701000800
:10010000B7010008C54F0008B7010008B701000893
:10011000B7010008B7010008B7010008B7010008DF
:10012000B7010008B70100089D030008A9030008F3
:10013000B7010008B7010008B7010008B7010008BF
:10014000B7010008B7010008B7010008B14D000869
:10015000B7010008B5030008B7010008B70100089F
:10016000B7010008B7010008B7010008B70100088F
:10017000B7010008B7010008B7010008000000003F
:10018000B7010008B7010008DFF80CD000F0BCF898
:10019000004800476DA0000870D300200648804743
:1001A00006480047FEE7FEE7FEE7FEE7FEE7FEE75C
:1001B000FEE7FEE7FEE7FEE70158000889010008B8
:1001C0002DE9F05F0546002092469B46884606468C
:1001D000814640241BE0284641464746224600F01F
:1001E00082F853465A46C01A914110D31146184618
:1001F000224600F069F82D1A67EB01084F462246A7
:100200000120002100F060F817EB00094E41201E8C
:10021000A4F10104DFDC484631462A464346BDE8E6
:10022000F09F00000649074A0868504343F239022C
:10023000104408604008704701490860704700009A
:10024000340200206D4EC64110B5441A0346944254
:1002500009D28418114403E011F8013D04F8013D6E
:10026000521EF9D210BD40EA0104A40703D009E0F0
:1002700010C9121F10C3042AFAD203E011F8014B6F
:1002800003F8014B521EF9D210BDD2B201E000F8C2
:10029000012B491EFBD270470022F6E710B513462A
:1002A0000A4604461946FFF7F0FF204610BD30B558
:1002B00004460020034600E05B1C934203D2E05C4E
:1002C000CD5C401BF8D030BD202A04DB203A00FA78
:1002D00002F1002070479140C2F1200320FA03F39D
:1002E000194390407047202A04DB203A21FA02F09B
:1002F0000021704721FA02F3D040C2F12002914060
:100300000843194670470000064C074D06E0E068B8
:1003100040F0010394E8070098471034AC42F6D34C
:10032000FFF736FFC4230108E423010870B58C18D9
:1003300010F8015B15F0070301D110F8013B2A11F9
:1003400006D110F8012B03E010F8016B01F8016BE6
:100350005B1EF9D12B0705D40023521E0DD401F8E2
:10036000013BFAE710F8013BCB1A921C03E013F8AB
:10037000015B01F8015B521EF9D5A142D8D30020E0
:1003800070BDFEE7014800F00CBC000070020020C8
:10039000014800F006BC000070020020014800F097
:1003A00003BF000000070020014800F0FDBE000070
:1003B00058040020014800F0F7BE0000B8040020F7
:1003C00001681823CAB2103AB2FBF3F2054B6FF37F
:1003D0000901032A9B5CC36500D9091D8165084694
:1003E000704700008421010810B5014600208B6988
:1003F0008A6A4FF0C07453B1B3F5005F15D072B183
:10040000012A0CD0022A0AD0032A09D104E01AB129
:10041000012A06D0022A03D1C96AC90100D50120E8
:1004200010BDC96AA142FAD010BD002AF7D0012A36
:10043000F2D0022AF3D0032AF3D010BD30B50468FD
:10044000256825F480252560046863608368402B57
:10045000036803D099600068C26030BD9A6000688C
:10046000C16030BD70470000F0B500231A464FF060
:10047000004500BF016903EB830401EBC4010A607E
:100480004A608A60CA600A620D604A62466946F440
:1004900080464E604E6826F000464E6000EB8306B4
:1004A000032BB16405D22827066907EBC404344442
:1004B00000E00469CC605B1C042BDBD3C2650266E0
:1004C0008266C26682650169006800F58050C1607D
:1004D000F0BD38B50446006800F58050816941F4EC
:1004E00080118161206800F58050806900900120B2
:1004F00000F0CCFF2068009900F58050816138BD84
:1005000070B5A4B00125002406468DF828408DF86A
:1005100004501494A8038DF8564005908DF810509F
:1005200002948DF80E508DF85440C0108DF8115083
:100530008DF81F408DF8204006908DF81E508DF8E4
:100540000F4009948DF81C4012948DF84C408DF8A2
:1005500055406946304600F069F98DF881508DF8B4
:1005600080408DF8824028041B908DF868508001EF
:100570001F908DF870508DF8885040128DF8715092
:100580001E941D908DF87250239421948DF88950FB
:1005900019A93046199400F0E9F824B070BD002084
:1005A000704701F085BC000010B5024801F0FAF96F
:1005B000002010BDF87B002013460A4610B5014606
:1005C000034801F077F9002801D04FF0FF3010BD4B
:1005D000F87B002013460A4610B50146034801F097
:1005E000DDFA002801D04FF0FF3010BDF87B00206D
:1005F0002DE9F043836A1830914650F823208D6826
:100600001C4617680026002F6BDB00EB83077F6911
:10061000BFBBD5F800C00127C2F808C0D2F804C09B
:10062000D5F804806FF30C0C4CEA080CC2F804C037
:1006300091F800C05FEACC7C09D0D2F800C0D1F8B4
:1006400014802CF4400C4CEA080CC2F800C091F85D
:1006500000C05FEA8C6C09D5D2F800C0D1F81080D8
:100660002CF0406C4CEA080CC2F800C0097849072D
:1006700003D5116841F080011160116841F080518B
:1006800048E02EE0116821F0005111601168B9F1C5
:10069000000F02D041F0804101E021F08041116063
:1006A0005B1C042B00D31B1F50F82320116800296A
:1006B00003DB00EB83014969B1B150F8242000212C
:1006C0000DE000BFBFF35F8F136823F0004313609A
:1006D000641C042C00D3241F491C50F82420B94268
:1006E000F0D30220BDE8F083116821F08051116041
:1006F000AD68296891605168D5F804C06FF30C01AA
:1007000041EA0C015160761C7F1CBFF35F8F1168BA
:1007100041F000411160A9680029B3D11168B9F115
:10072000000F02D041F0804101E021F080411160D2
:10073000116841F00051116050F82410BFF35F8F31
:100740000A6842F000420A6000EB8302416A51618C
:10075000EFF31081012282F310880361826A761C14
:10076000324481F3108882620020BBE770B50C46EA
:100770000168054601F5805188692B4A1040227BAB
:10078000EAB30022637B920642EA4362637FBBB313
:100790005FF0000342EA0352A37B42EA43526369DB
:1007A0001A43237F42EAC312A37F42EA8312236AD9
:1007B0001A4394F8243042EA830202438A6128688B
:1007C00000F580508669012000F060FE286800F581
:1007D00080508661A169A06822790843216941EAB5
:1007E0004261084394F8251040EAC110A16A40EA2A
:1007F00081002168084340F40001286801E00FE00F
:1008000010E000F580500160286800F58050046811
:10081000012000F03BFE286800F58050046070BDA8
:100820000122AFE70123B5E7233FDEF870B5026888
:1008300005460C4610683C49A37B0840A16841EA84
:100840004361237C002B64D00023667CDB05002EF3
:1008500061D0002643EA86531943E37F41EA03410E
:1008600063691943A37FEBB35FF0000341EA4331AF
:10087000237F41EA0331A3691943237941EA8321A4
:1008800094F820307BB3002341EA4321E37B41EA23
:10089000C311636A194394F8283041EA03110143F4
:1008A000116028680668012000F0F0FD28680660E5
:1008B0002A6890694FF641710840A36C216D41EAA6
:1008C000034194F84C3063B3002394F85560DB0186
:1008D000012E00D0002643EAC603194394F856308F
:1008E000012B01E019E01AE000D0002341EA830166
:1008F00094F85430012B00D0002341EA4301014316
:10090000916128688469012000F0C0FD2868846135
:1009100070BD012399E701269CE70123A6E7012387
:10092000B2E70123D1E700000F8120FD2DE9F84354
:10093000044600200090A56E4FF0010804EB8500EE
:10094000E76E866C1EE0306A30B9684600F0E4FF5E
:10095000009880B33062B060B8F1000F12D0A06D83
:10096000002860692BD040F480407060306840F00F
:10097000004030606D1C042D00D32D1F04EB85005A
:100980007F1E866C17B1B8F1000FDCD1E06EB84263
:100990000FD0E81C00F00300BFF35F8F216900EB6C
:1009A000800001EBC001206800F580508160C4E93F
:1009B0001A57BDE8F883FFE74FF00008E2E7014966
:1009C0000843D2E70040008072B6FEE730B5B3F5C9
:1009D000804F05D06FF0704140F82210002030BDEC
:1009E0008C690B688D6823434C688989240144EA2B
:1009F0000524234343EA014150F82230014C2340AF
:100A00001943E9E70000F0CF10B50A6850F822302A
:100A100023F0010340F822308C68082C23D00023F7
:100A20004A682243CC681C430B6922431A434B6932
:100A30000E4C1A43CB691A430B6A1A434B6A1A438A
:100A40008B6A1A43CB6A1A430B6B1A438B691343A5
:100A5000CA6B09681A4350F82130A343134340F886
:100A60002130002010BD4023DAE700007FFF0F0097
:100A700030B5D1E9003443EA04138C688D8924022F
:100A800044EA054423430C8A074D00EB820005EB42
:100A9000045423430C7D6D0105EB046489692343F1
:100AA0000B434360002030BD0000F0FF704770B57D
:100AB00090F82040012C05D0022C03D0416A41F46B
:100AC000802128E0046809B32469A40720D04FF4EA
:100AD000D874056804EB01142D5915F004059560D0
:100AE00005682D591AD0ED08556005682C5904F099
:100AF0000204D4604FF4DA74056804EB01142E5933
:100B000006F00F06082E0CD308250DE0E468DCE79C
:100B1000416A41F400114162012070BD6D0D156004
:100B2000E3E72D5905F00F05156105682D59C5F34B
:100B30000725956105682C59240C54614FF4DC722B
:100B4000046802EB0112A4581C700468A458240A1B
:100B50005C700468A458240C9C700468A258120E9F
:100B6000DA704FF4DE72046802EB0112A4581C71B3
:100B70000468A458240A5C710468A458240C9C716D
:100B80000468A258120EDA71006829B1016941F0B7
:100B900020010161002070BDC16841F02001C160E9
:100BA000F8E72DE9F05F0546006800244669D0F8B3
:100BB00004908768D0F80CB0D0F810A0D0F8188056
:100BC000F10748D0F90714D001218160B80703D597
:100BD000284600F065FA0CE0780702D54FF400646F
:100BE00007E0380702D54FF4805402E0284600F0B1
:100BF00056FAF80516D529684FF480708860B80554
:100C000003D5284600F071FA0CE0780502D544F4CB
:100C1000005407E0380502D544F4804402E0284639
:100C200000F062FAF80316D529684FF48030886026
:100C3000B80303D5284600F05AFA0CE0780302D531
:100C400044F4004407E0380302D544F4803402E061
:100C5000284600F04BFA300707D55FEACB6004D591
:100C60002968102044F40074C86070074FF008072A
:100C700007D55FEA0B7004D52868C760284600F0E6
:100C80009FF9B00706D52868C068800702D02846BB
:100C900000F098F9700607D55FEACA6004D52968A4
:100CA000102044F480640861B00607D55FEA0A703A
:100CB00004D528680761284600F0EEF9F00606D54D
:100CC00028680069800702D0284600F0E6F9B003E2
:100CD00008D55FEAC96005D5296810204860284614
:100CE00000F0DCF9F00307D55FEA097004D5286845
:100CF0004760284600F0FCF9300446D55FEA4970A9
:100D000040D5F00504D55FEAC87001D044F0010475
:100D1000B00504D55FEA887001D544F0020470057F
:100D200004D55FEA487001D544F00404300529D5A4
:100D300018F0700F26D008F07000402815D006DC9F
:100D4000102809D020280AD0302816D10AE05028CF
:100D50000ED0602811D10EE044F008040DE044F0FC
:100D600010040AE044F0200407E044F0400404E0EA
:100D700044F0800401E044F480742868816921F023
:100D800070018161296804204860002C05D0686AE0
:100D9000204368622846FFF789FEBDE8F09F70B5E2
:100DA000040003D094F8200010B104E0012070BDCD
:100DB000204600F081F82068016841F001010160DF
:100DC00001F076F80546052604E001F071F8401BB5
:100DD0000A2811D820684068C007F6D0206801684A
:100DE00021F00201016001F063F805460BE001F01B
:100DF0005FF8401B0A2806D9606A40F40030606240
:100E000084F82060D2E7206840688007EFD4207E15
:100E10000128206801683DD021F080010160607EDA
:100E200001282068016838D021F040010160A07ECF
:100E300001282068016833D021F020010160E07EA4
:100E40000128206801682ED041F010010160207F48
:100E500001282068016829D021F008010160607F25
:100E600001282068016824D021F004010160D4E940
:100E700002010843D4E90412114308436168491E82
:100E800008432168C86100206062012084F82000C6
:100E9000002070BD41F08001C0E741F04001C5E78E
:100EA00041F02001CAE721F01001CFE741F008012D
:100EB000D4E741F00401D9E72DE9F04387B00446B7
:100EC00014216846FFF7E8F9394B3A48DFF8DC802F
:100ED0001968D4F800C0374A022503260927DFF82D
:100EE000D89010300024491CC44530D11960012924
:100EF00007D1016841F000710160006800F00070E6
:100F00000590106840F002001060106802AB00F01D
:100F1000020005904FF44070CDE9000583E8D00051
:100F20006946484600F0BAFE00221146132001F03F
:100F300025F9132001F014F900221146142001F0C4
:100F40001DF9142001F00CF907B0BDE8F083DFF8BB
:100F50006C80C445F8D1D0F800C04CF0806CC0F86B
:100F600000C0D0F800C001290CF0806CCDF814C08E
:100F7000196007D1016841F000710160006800F05C
:100F800000700590106840F002001060106802AB1D
:100F900000F0020005904FF44050CDE9000583E8D1
:100FA000D0006946484600F079FECDE70064004075
:100FB0000000002030380240000402400068004079
:100FC000704700007CB522496D46A1F11C0488429F
:100FD0001DD12B4622460021FFF769FD002815D1BF
:100FE0001CA006F045FB20A0216806F041FB20A0D4
:100FF00006F03EFB002420A0295D06F039FB641CAE
:10100000E4B2082CF7D31EA006F032FB7CBD1049D9
:1010100028318842FAD1A1F144022B460021FFF782
:1010200046FD0028F2D117A006F022FB0EA0216891
:1010300006F01EFB0EA006F01BFB00240EA0295D8F
:1010400006F016FB641CE4B2082CF7D3DBE70000C3
:101050007002002043414E31205265636569766518
:1010600064200D0A0000000049443A2523780A0054
:10107000446174613A0000003078253032782000F5
:101080000A00000043414E3220526563656976656F
:1010900064200D0A000000007047704770477047D9
:1010A0000649884201D106A004E00449283188425B
:1010B00002D108A006F0DCBA7047000070020020E0
:1010C00043414E312053656E642064617461206F2A
:1010D0006B0D0A0043414E322053656E64206461FB
:1010E0007461206F6B0D0A0070477047704770473E
:1010F00070472DE9F0410446876D00F0D9FE0646A1
:1011000094F835000025022806D08020606584F818
:1011100034500120BDE8F0812068016821F01601FB
:1011200001602068416921F080014161206C08B9AB
:10113000A06C20B12068016821F0080101602068DE
:10114000016821F0010101600CE000F0B1FE801B9C
:10115000052807D920206065032084F8350084F82D
:101160003450D7E720680068C007EED194F85C10CF
:101170003F208840B860012084F8350084F834505E
:101180000020C7E790F83510022903D0802141657F
:1011900001207047052180F835100068016821F0B2
:1011A00001010160002070472DE9F84304464FF02B
:1011B0000009CDF8009063484FF41651A56D006802
:1011C000B0FBF1F72E6894F85C10082000FA01F1EA
:1011D00031420FD021680A6852070BD50A6822F005
:1011E00004020A6094F85C108840A860606D40F0CA
:1011F0000100606594F85C104FF0010808FA01F0F6
:10120000304208D021684969090604D5A860606D9C
:1012100040F00200606594F85C1004208840304281
:1012200008D021680968890704D5A860606D40F07E
:101230000400606594F85C1010208840304218D09B
:1012400021680968090714D5A86020680168490366
:1012500004D50068000308D5A16C07E00168C90542
:1012600003D4016821F008010160216C09B1204616
:10127000884794F85C1020208840304231D02168A3
:101280000968C9062DD5A86094F83500052820689E
:10129000016806D0490347D5006800031DD4616C7E
:1012A0001CE021F0160101602068416921F08001F5
:1012B0004161206C08B9A06C20B12068016821F060
:1012C0000801016094F85C103F208840A86084F811
:1012D000358084F83490216D1FE0E16B09B1204620
:1012E0008847606D00282BD0606DC00714D00520A2
:1012F00084F835002068016821F001010160009840
:10130000401C0090B84203D820680068C007F6D19E
:1013100084F8358084F83490E16C002910D001B055
:101320002046BDE8F04308470168C905D5D40168E7
:1013300021F01001016084F8358084F83490CCE706
:10134000BDE8F883C40000202DE9F041044600F018
:10135000AFFD06465CB1022084F83500002584F814
:1013600034502068016821F0010101600DE0012086
:10137000BDE8F08100F09CFD801B052805D92020E8
:101380006065032084F83500F2E720680068C00734
:10139000F0D12268116820480140D4E901031843C4
:1013A000D4E903363343184363691843A3691843E8
:1013B000E3691843236A18430843616A042903D187
:1013C000D4E90B1319430843106020684069666A2A
:1013D00020F0070130460E43012704280CD1A06AF3
:1013E0000643E06A40B12046FEF7FEFF20B14020F0
:1013F000606584F83570BAE7206846612046FEF7DC
:10140000DFFF94F85C203F2191408160656584F89E
:1014100035700020ACE700003F8010F02DE9F0416E
:101420000446866D90F83400002501280DD0012077
:1014300084F8340094F835700020012F07D084F828
:10144000340002252846BDE8F0810220FBE7022790
:1014500084F8357060652046FEF7F0FF94F85C1064
:101460003F208840B0602068016841F016010160AB
:10147000206C20B12068016841F0080101602068FB
:10148000016841F001010160DCE7000070B504462D
:1014900000F00EFD0546601C02D0044800780444AC
:1014A00000F006FD401BA042FAD370BDB80000203A
:1014B000002970D002681268C2F3001281F8282057
:1014C0000268126802F060024A620268126842F31F
:1014D0004022521C81F8202002681268C2F30042A8
:1014E000CA770268126842F34032521C8A77026857
:1014F0001268C2F300320A770268126802F40062CE
:101500008A610268126802F480424A6102681268C5
:1015100042F38052521C4A740268126842F3C0526D
:10152000521C0A7402681268C2F3C012CA730268BD
:10153000126802F460228A6002681268C2F3802294
:101540000A7102681268C2F340628A730268926983
:10155000C2F3400281F854200268926942F3C0123B
:10156000521C81F84C200268926902F030020A6530
:1015700002689269120C8A6402689269C2F380025E
:1015800081F8562000688069C0F3C00081F85500DA
:1015900000207047FFE70120FBE70000F8B50400DA
:1015A00003D0D4F8840010B107E00120F8BD20205A
:1015B000C4F88400204600F08DF8424800250168F8
:1015C00041F480410160006800F4804000903E4892
:1015D000016821F4000101600168A2681143016003
:1015E0000068206800F58050016841F00101016049
:1015F00000F05EFC06464FF4FA770BE000F058FC72
:10160000801BB84206D90420C4F88800E020C4F842
:101610008400CAE7206800F580500068C007EDD15B
:101620002046FEF76DFF0021E06801EB810200EB30
:10163000C200056045608560C56004EB8103986168
:10164000036843F480130360032905D22826E36866
:1016500006EBC2021A4400E0E268C260026842F48B
:1016600040020260491C0429DED3A5622068E168BB
:1016700000F5805001612046FEF7F6FE60681349D0
:1016800082880A640278D0F8010042EA00204864A7
:101690002068C16B41F40271C1632068D0F80C115D
:1016A0000B4A1143C0F80C112068D0F8101141F416
:1016B0000311C0F81011C4F888501020C4F8840039
:1016C0000020F8BD44380240043801400080024048
:1016D00060000200F0B587B0044614216846FEF7AA
:1016E000DBFD35492068884264D134480024016814
:1016F00041F000710160016801F00071059101681D
:1017000041F080610160016801F08061059101682C
:1017100041F000610160016801F00061059101681C
:1017200041F004010160016801F0040105910168C4
:1017300041F001010160016801F0010105910168BA
:1017400041F002010160016801F0020105910168A8
:1017500041F0400101600068022500F04000059062
:101760003220CDE9000502AA03260B2782E8D0002B
:101770006946134800F092FA8620CDE9000502AAD6
:10178000694682E8D0000F4800F088FAA802CDE947
:10179000000502AA694682E8D0000B4800F07EFAF4
:1017A0007003CDE9000502AA694682E8D000074827
:1017B00000F074FA07B0F0BD0080024030380240FB
:1017C00000080240000002400004024000180240ED
:1017D0002DE9F84F4FF000075FEA01090446B846CB
:1017E00004D0D4F8840040285AD105E054F8880F7A
:1017F00040F00100206053E0E66D4FF0000B04EB79
:101800008600856CE06EC0F1040A36E02868C005E9
:1018100003D5E869A067A86960672868800501D4D6
:10182000E06F10B32868800503D5C4F860B0C4F831
:1018300064B02868C0F30D4000902868C00503D547
:1018400028684FF001082067AA682A6204F1800125
:10185000081F009B00F084F8206E401C2066616E1B
:10186000009808446066C5F820B0761C042E00D3AA
:10187000361F04EB86007F1C856C2868002804DB7B
:10188000574502D2B8F1000FC0D0E06EC019E06633
:1018900002D02046FFF74AF8E665B8F1010F02D002
:1018A0000120BDE8F88FE16FC9F800100020C4F8EE
:1018B0007CB0F6E72DE9F0419846036805461869C3
:1018C00000F01C044FF6FF7000EAC1204FF4F861ED
:1018D000204301EA8211014321F0020040F001049B
:1018E0001C6100F0E5FA06464FF480370AE000BFBD
:1018F00000F0DEFA801BB84202D30120BDE8F0817F
:1019000028680469E007F3D12868406981B20020A3
:10191000C8F80010F2E700001CB504460D4809F0B5
:1019200025F803000FD003F1200020600A48186159
:101930004FF4C0612068CDE9000100214122084632
:1019400009F0AEFD1CBD0549012008700020206093
:101950001CBD00007821010805BB000880000020A4
:1019600010B5002442F8204D1481538104681CB145
:101970000C6822600A6004E00260FBE701891944F8
:10198000018100680028F9D110BD10B519B1D0F857
:101990008420102A01D0012010BDFEF747FF00204F
:1019A00010BD000070B505460068006920F01C04F9
:1019B00001F060FA0C49884202D244F0080410E0B9
:1019C0000A49884202D244F00C040AE008498842DD
:1019D00007D30849884202D244F0040401E044F0ED
:1019E00010042868046170BDC00E160200879303BE
:1019F00000E1F50580D1F00870B50446D0F8840008
:101A0000102801D0012070BD2020C4F884000420DB
:101A1000E0662046FEF78AFF2068016841F0080171
:101A20000160206805680120FFF730FD206805602F
:101A30002068016841F00401016020680568012008
:101A4000FFF724FD206805602046FEF742FD206870
:101A500000F58050816941F400518161206800F5F2
:101A60008050816941F0020181614020C4F8840006
:101A7000002070BD70B50446D0F88400402801D025
:101A8000012070BD2020C4F88400206800F580503B
:101A9000816921F400518161206800F580508169DD
:101AA00021F0020181612068016821F004010160D8
:101AB000206805680120FFF7E9FC206805602046E2
:101AC000FEF707FD2068016821F008010160206829
:101AD00005680120FFF7DAFC206805601020C4F8D3
:101AE0008400002070BD2DE9F0411546044621B167
:101AF000D4F88400402805D04EE054F8880F40F018
:101B0000010008E000222046FEF772FD28B154F8DB
:101B1000880F40F0020020603EE0BFF34F8FA06AC4
:101B200004EB8001401C8E69A062042801D3001FD1
:101B3000A06204EB80008169206800F5805041605C
:101B400000F0B6F9074619E0206800F580504069BA
:101B500080040BD554F8880F40F00800206054F83A
:101B6000880C00F580504069606015E0681C05D065
:101B700000F09EF9C01BA84206D82DB1306800289D
:101B8000E2DB0020BDE8F08154F8880F40F004004B
:101B900020604FF0405030600120F3E72DE9F04124
:101BA00006680546306900F01C044FF6FF7000EA35
:101BB000C1204FF4F861204301EA8211014398B239
:101BC00041F0030470612868046100F071F9064671
:101BD0004FF480370AE000BF00F06AF9801BB8427A
:101BE00002D30120BDE8F08128680469E007F3D141
:101BF000F8E70000F0B587B014216846FEF74CFB0B
:101C00002048016800293AD1012101601E480024C2
:101C1000016841F0010101600068022500F0010047
:101C200005904FF23F00CDE9000502AA03260C27DC
:101C300082E8D0006946154800F030F841F23F4094
:101C4000CDE9000502AA694682E8D000104800F0FC
:101C500025F84FF68370CDE9000502AA694682E8AF
:101C6000D0000C4800F01AF84FF63370CDE90005AB
:101C700002AA694682E8D000074800F00FF807B0D2
:101C8000F0BD000008000020383802400014024077
:101C90000018024000100240000C02402DE9F84FED
:101CA000DFF8BCA10022012503264FF00F090AF13D
:101CB000040BAAF1040E00BF0B6805FA02F42340DE
:101CC000A34270D10F7907F00307012F01D0022F33
:101CD00016D187684FEA420806FA08FC27EA0C0783
:101CE000D1F80CC00CFA08FC4CEA070CC0F808C08C
:101CF0004768A7430C79C4F3001494403C43446004
:101D00000C79E443A4070AD0C4684FEA420C06FAEF
:101D10000CF7BC438F6807FA0CF72743C7600C79B0
:101D200004F00304022C12D1D40800EB840CDCF87C
:101D300020405707FF0E09FA07F824EA0804D1F8F3
:101D4000108008FA07F848EA0408CCF820800468F4
:101D50004FEA420C06FA0CF7BC430F7907F0030771
:101D600007FA0CF7274307604C6814F4403F70D023
:101D70003C4C276847F480472760246822F003071B
:101D800004F480440094384C07EB040CDCF8084859
:101D900097074FEA177809FA08F7BC43334FB84260
:101DA00002D1002724E054E0314FB84201D101278D
:101DB0001EE0304FB84201D1022719E02E4FB84241
:101DC00001D1032714E02D4FB84201D104270FE0C1
:101DD0002B4FB84201D105270AE02A4FB84201D162
:101DE000062705E0284FB84201D1072700E0082761
:101DF00007FA08F72743CCF80878DAF80040574686
:101E0000D1F804C09C435FEACC2C00D51C433C6055
:101E1000DBF800405F46D1F804C09C435FEA8C2C9D
:101E200000D51C433C60DEF800407746D1F804C082
:101E30009C435FEA8C3C00D51C433C60084F083F44
:101E40003C68D1F804C09C435FEACC3C00D51C43FD
:101E50003C60521C102AFFF42FAFBDE8F88F000041
:101E6000083C01404438024000300140000002407C
:101E70000004024000080240000C02400010024032
:101E80000014024000180240001C02400069084093
:101E900000D001207047426921EA02030A4043EA68
:101EA0000241816170470AB1816170470904FBE713
:101EB0000148806870470000B800002070B5040039
:101EC00025D094F83D00002520B984F83C502046E8
:101ED00000F0B8F8242084F83D002068016821F063
:101EE000010101602068016841F40041016020683F
:101EF000016821F40041016000F0C2FF4D4A6168B1
:101F0000914201D84C4900E04C49884201D201205D
:101F100070BD4B492368B0FBF1F15E6826F03F06C7
:101F20000E435E606368934206D94FF4967359433B
:101F30004FF47A73B1FBF3F12368491C1E6A26F053
:101F40003F06314319626168914210D84900401E32
:101F5000B0FBF1F2521CC2F30B02042A01D204209E
:101F600022E0B0FBF1F0401CC0F30B001CE0A268C3
:101F7000F2B301EBC10303EB0116431EB3FBF6F30F
:101F80005B1C43F480431B0549D092B301EBC102B3
:101F900002EB0111401EB0FBF1F0401CC0F30B003E
:101FA00040F4804040F400402168CA694CF6FF7359
:101FB0009A431043C861D4E90710014320680268BE
:101FC00022F0C00211430160D4E9030101432068FB
:101FD000826848F2FF339A4311438160D4E90501D6
:101FE00008432168CA6822F0FF021043C86001E07C
:101FF0000EE016E02068016841F0010101602564EF
:10200000202084F83D00256384F83E50002070BDF8
:1020100001EB4106431EB3FBF6F35B1CB3E7012063
:10202000C2E701EB4101401EB0FBF1F0401CC0F3E0
:102030000B00B7E7A086010080841E0000093D0068
:1020400040420F0010B586B0044614216846FEF7E2
:1020500023F913492068884220D1124800210268E0
:1020600042F002020260006800F002000590C02009
:1020700000901220CDE90101032003900420049078
:1020800069460948FFF70AFE06481030016841F426
:1020900000110160006800F40010059006B010BD4A
:1020A0000054004030380240000402400248816879
:1020B0000278114481607047B80000200B4810B5C9
:1020C000016841F400710160016841F480610160C0
:1020D000016841F480710160032000F06FF80F2067
:1020E00000F006F800F024F8002010BD003C02408B
:1020F00070B50D4D04464FF47A712878B1FBF0F0BD
:102100000A490968B1FBF0F001F0A2FD48B9102CB2
:1021100007D200222146501E00F030F800206C60EB
:1021200070BD012070BD0000B8000020C400002078
:102130000A4808B5016841F480410160006800F474
:10214000804000900548001F016841F08051016007
:10215000006800F08050009008BD00004438024044
:10216000002809DB00F01F02012191404009800096
:1021700000F1E020C0F8001170470000F0B40E4BF1
:102180001B680C46C3F30223C3F10705042D00D9D5
:102190000425191D072901D2002300E0DB1E0126BA
:1021A00006FA05F1491E214099409E40761E1640D0
:1021B0003143F0BC05F06CBA0CED00E0064900F0CC
:1021C000070208684FF6FF03184040EA0220034A5E
:1021D00010430860704700000CED00E00000FA05B5
:1021E00070470068416200207047F0B50368586A84
:1021F00039B19C6A4FF4827600EB144400204D1EE6
:102200000AE040EA024098620FE006EB8007DF59DF
:10221000401C04EB1744C0B2A842F6D344EA024083
:102220004FF4807202EB810158500020F0BDD0F8CD
:10223000E00404F054B901EBC10200EB8202D0F8D3
:10224000E004126A04F0A5B801EBC10200EB8202BF
:10225000D0F8E004D2F8602204F0F7B8D0F8E00437
:1022600004F03FB90A0601F00F0101EBC10100EBD8
:10227000810101D5143101E001F51571006805F007
:1022800021B870B504460B0601F00F0000EBC00149
:1022900004EB81014FF001024FF0000502D54A75B1
:1022A000143103E081F8555201F51571087094F866
:1022B0009404012808D084F89424206804F01CFDBC
:1022C00084F89454002070BD022070BD70B504469F
:1022D00001F00F002279904201D9012070BD0B0658
:1022E00001F00F0101EBC10104EB81014FF001028C
:1022F0004FF0000502D54A75143103E081F85552BC
:1023000001F515718D70087094F89404012808D0B7
:1023100084F89424206804F061FE84F8945400202A
:1023200070BD022070BD2DE9F04104460F0601F09A
:102330000F0000EBC00104EB81014FF001064FF0EC
:10234000000502D54E75143103E081F8555201F5B0
:102350001571C2F30A0208708A600B714A7802B1E3
:102360004883022B00D14D7194F89404012809D0C0
:1023700084F89464206804F00DFC284684F8945492
:10238000BDE8F0810220FBE710B501F00F0404EB7B
:10239000C40100EB8101C1E998230023C1F8683230
:1023A00081F8553281F85442837901F51571012B7A
:1023B00000D1CA618279006804F068FE002010BD77
:1023C00070B504460D4601F00F002179884201D90D
:1023D000012070BD29064FF000064FF0010206D51E
:1023E00000EBC00104EB81014A75143107E005EBF5
:1023F000C50104EB810181F8556201F515718A7000
:10240000087094F89404012807D084F89424206874
:1024100004F010FE280702D007E0022070BDA17969
:1024200004F29C42206804F0ADFD84F8946400201E
:1024300070BD10B501F00F0404EBC40100EB810185
:10244000C1E9082300238B6201234B7501F8144F67
:102450008379012B00D1CA618279006804F016FEED
:10246000002010BD2DE9FC5F05680446284604F0F5
:10247000C5FF00287DD1206804F0ECFF002878D04B
:10248000D5F80808C0F30D20C4F8D404206804F07F
:10249000E1FF800704D52068416901F00201416134
:1024A000206804F0D7FFC10604F29C40009034D5A8
:1024B0002068816921F0100181612F6A07F00F0007
:1024C00000EBC00004EB8006C7F3434006F5157629
:1024D000022802D0062811D01AE047F6F070074211
:1024E00016D0C7F30A1217462846F16804F0B6FF63
:1024F000F0683844F0607069384408E008222846E3
:10250000009904F0ABFF7069C7F30A1108447061C9
:102510002068816941F010018161206804F09AFF10
:1025200000034FF0080B4FF0000A4FF001097CD573
:102530000026206804F06DFF074674E0F80770D0AD
:10254000F1B2206804F07EFF8046C00707D005EB9B
:102550004611C1F8089B3146204602F02FFC5FEA85
:10256000087024D505EB4611C1F808BB2068016C42
:1025700000E023E200EB46100191D0F8082BFB4B62
:10258000994205D9110403D54FF40041C0F8081B46
:10259000204600F0F6FAF5490198884207D9A0795B
:1025A000012804D120680121009A04F0EBFC5FEAC5
:1025B000C86004D505EB46111020C1F8080B5FEA8E
:1025C00088701DD56869000605D5D5F8040840F463
:1025D0008061C5F8041806EBC60004EB800090F893
:1025E000571200F51570012905D180F803A0F1B24A
:1025F000204600F0E9F905EB46110220C1F8080B6E
:102600005FEA886004D505EB46102021C0F8081B5E
:102610005FEA884005D505EB46104FF40051C0F83D
:10262000081B7F08761C002F88D1206804F012FF59
:1026300040036ED5206804F0E5FE0746002666E0FC
:10264000F80762D0F1B2206804F0EAFE8046C007C5
:1026500023D006F00F01D5F8342809FA01F18A4396
:10266000C5F8342805EB4611C1F80899A07901286E
:102670000FD106EBC60004EB8000D0E9072111441E
:10268000016236B9606A20B920680121009A04F01D
:1026900079FCF1B22046FFF7CEFD5FEA087003D562
:1026A00005EB4611C1F808B95FEAC86004D505EB2F
:1026B00046111020C1F808095FEA486004D505EB0F
:1026C00046104021C0F808195FEA887016D53146D7
:1026D000284604F068FE06EBC60004EB8000C17DCE
:1026E0001430012905D180F803A0F1B2204600F092
:1026F00067F905EB46110220C1F808095FEA086096
:1027000003D53146204602F0BFFB7F08761C002F20
:1027100096D1206804F09EFE002811DAD5F804084E
:1027200020F00101C5F8041894F8CC0401282BD03E
:10273000204600F00BFA2068416901F00041416138
:10274000206804F087FE00050BD5D5F80808C007FF
:1027500002D0204600F03EFA2068416901F4006191
:102760004161206804F076FEC00467D5D5F80408FE
:1027700020F00100C5F804081021206804F013FEC1
:1027800000214FF67F3220E084F8CCA400212046BF
:10279000FFF726FDCFE700BF05EB4110C0F8082981
:1027A000D0F8003923F40013C0F80039C0F8082B22
:1027B000D0F8003B23F40013C0F8003BD0F8003BF6
:1027C00043F00063C0F8003B491C20798842E3D8FD
:1027D000D5F81C0840F00111C5F81C18E07B002852
:1027E00028460DD0D0F8840840F00B01C5F88418B5
:1027F000D5F8440840F00B012846C5F844180DE010
:10280000D0F8140842F22B010843C5F81408D5F893
:10281000100840F00B012846C5F81018D0F8000841
:1028200020F4FE61C5F80018A1792068009A04F030
:10283000A9FB2068416901F480514161206804F0DE
:1028400009FE800415D5206804F0E4F9206804F03E
:10285000C8FDE07100F00EFB0146E279206804F04B
:102860005BFE204600F05CF92068416901F40051EC
:102870004161206804F0EEFD000707D5204600F016
:1028800069F92068416901F008014161206804F09C
:10289000E1FD000616D5A86920F08001A961012696
:1028A0000DE000BF06EBC60004EB800090F8570275
:1028B000012803D1F1B22046FFF7D4FC761C207921
:1028C000B042EFD8206804F0C5FDC0021FD5012634
:1028D0004F4614E005EB4610D0F8000906EBC601A0
:1028E00004EB81010A7E012A08D1002806DACF759F
:1028F000F0B240F080012046FFF7B4FC761C20794E
:10290000B042E7D82068416901F480114161206834
:1029100004F0A0FD800234D501204A4629E000BF22
:1029200005EB4011D1F8001B00EBC00304EB83035F
:1029300093F85862012E1BD1002919DA94F8D46457
:10294000C1F3004106F001068E4211D183F85722EF
:10295000A96941F08003AB616969090608D4D5F81B
:10296000040840F40070C5F8040805E00A30544F2C
:10297000401C21798142D3D82068416901F40011BB
:102980004161206804F066FD400007D52046FFF74E
:102990004EFC2068416901F080414161206804F0EB
:1029A00059FD40070AD520684568680702D52046CA
:1029B000FFF754FC2068416829434160BDE8FC9F53
:1029C000D0F8E00403F0DBBDD0F8E00403F0EBBD89
:1029D000F8B5040005D094F895042668002510B1D8
:1029E00006E00120F8BD84F89454204600F056F823
:1029F000032084F89504B6F1A04F00D1A57120689A
:102A000004F0BAFA207C8DF8000094E80F0004F07E
:102A10000FF90226B8BB0021206804F03EFD90BBF0
:102A2000002001270DE000BF00EBC00104EB810195
:102A30004F750875C8850D76CD610D62401CC0B21A
:102A40004D6221798142EFD8002011E000EBC001F6
:102A500004EB810181F8555281F8540281F85852F3
:102A6000C1F85C52C1F86052401CC0B2C1F8645257
:102A700021798142EAD8207C8DF8000094E80F008B
:102A800004F0BCF910B184F89564AAE7657484F881
:102A90009574206804F0A4F90020F8BD10B586B044
:102AA000044614216846FDF7F7FB2068B0F1A04FFB
:102AB0002FD119480021026842F00102026000682B
:102AC00000F0010005904FF4C05000900220CDE9C5
:102AD0000101032003900A20049069460F48FFF784
:102AE000DDF80D48001D016841F0800101600A48D1
:102AF0001430016841F4804101600068002200F454
:102B00008040059011464320FFF738FB4320FFF734
:102B100027FB06B010BD0000303802400000024024
:102B200070B50446C079012570B1022801D0FDF7C7
:102B30004BFF2946D4F8E00403F0A4FDD4F8E004E8
:102B4000BDE8704003F058BD0025F2E7D0F8E0047E
:102B500003F081BDD0F8E00403F087BD10B5044652
:102B600090F8940401280AD0012084F89404617438
:102B7000206804F0C0FC002084F8940410BD0220FA
:102B800010BDD0F8E02400F29C41104603F086BD51
:102B900010B50446006894F89414012909D0012165
:102BA00084F89414C168490609D5617B012902D0D3
:102BB00005E0022010BD816B41F480318163206803
:102BC00004F0CFFB206804F0FDF8002084F89404A2
:102BD00010BD000010B50446D0F8E00403F0A0FDDD
:102BE0002068D0F8001E41F00101C0F8001EE07A14
:102BF000002804D00248016841F00601016010BDC0
:102C000010ED00E02DE9F843054600684FF001099A
:102C1000C1074FF0000601D1400727D5DFF80C812E
:102C2000C8F86860FFF744F90746414C05E000BF6B
:102C3000FFF73EF9C01B022857D820680001F7D4DF
:102C400068688101287A41EA007039498431086056
:102C5000C8F86890FFF72CF9074604E0FFF728F959
:102C6000C01B022841D820680001F7D528788007CA
:102C700052D52F484030016841F080510160006812
:102C80002C4C00F080500090206840F48070206050
:102C9000FFF70EF9074604E0FFF70AF9C01B022808
:102CA00023D82068C005F7D5214C7034206810F473
:102CB000407020D0A98901F4407181421BD0206866
:102CC0001D4920F44070C1F800900E60206020681B
:102CD000C00710D0FFF7ECF8064641F2883707E04E
:102CE000FFF7E6F8801BB84202D90320BDE8F8835D
:102CF00020688007F4D5E9680D48C1F30122083047
:102D0000032A0BD0016821F4F81101602068A98919
:102D1000C1F30B01084320600020E7E70268074B7E
:102D200022F4F81219400A430260EFE7000047421C
:102D30000038024000700040400E4742FFFCFF0F89
:102D40002DE9F0470E46050065D0DFF81481D8F86C
:102D50000000F7B200F00700B04207D288F8007018
:102D6000D8F8000000F00700B04254D128683D4C6C
:102D7000810712D5400703D5206840F4E050206059
:102D80002878000703D5206840F460402060206860
:102D9000A96820F0F000084320602878C0072DD0F3
:102DA000304968680839012812D0022813D0032856
:102DB00011D00968890700292DDA216821F0030163
:102DC00001432160FFF774F8814641F2883A0EE032
:102DD00009688903EFE709688901ECE7FFF768F8FC
:102DE000A0EB0901514502D90320BDE8F087206816
:102DF000696800F00C00B0EB810FEFD1D8F800103B
:102E0000404601F00701B14207D90770006800F0A1
:102E10000700B04201D00120E7E72878400705D538
:102E20002068E96820F4E050084320602878000713
:102E300006D52068296920F4604040EAC10020607E
:102E400000F03EF82168084AC1F30311515CC84004
:102E50000649086006480068FFF74AF90020C4E701
:102E6000003C0240083802408C210108C4000020C8
:102E7000BC0000200148006870470000C40000202A
:102E80000448054900680968044AC1F38221515C7D
:102E9000C8407047C4000020083802409C21010847
:102EA0000448054900680968044AC1F34231515C8D
:102EB000C8407047C4000020083802409C21010827
:102EC000154810B5006810F00C02144813D04110DA
:102ED000042A0FD0082A0ED10F4C241F2268236821
:102EE00002F03F025B0207D52068C0F38810A0FB08
:102EF000010106E0084610BD2168C1F38811A1FB5D
:102F000000010023FDF75CF92168C1F30141491C70
:102F10004900B0FBF1F010BD083802400024F40075
:102F20002DE9F84F04006ED02078DFF84C93C007ED
:102F3000A9F104054AD009F104000168C1F3810137
:102F4000012908D00068C0F3810002280AD1D9F80D
:102F50000000400206D52868800337D56068002845
:102F6000E1D033E06068B0F5803F10D0B0F5A02F1D
:102F7000286810D020F480302860286820F4802051
:102F800028606068A8B1FEF793FF06460DE0286848
:102F900040F48030F4E740F480202860F7E700BF79
:102FA000FEF786FF801B642873D828688003F7D556
:102FB0000CE0FEF77DFF064605E000BFFEF778FF58
:102FC000801B6428F0D828688003F7D42078DFF8C5
:102FD000AC8280074FF0000A3ED5A748001D01686B
:102FE00011F00C0F08D00068C0F3810002280BD14B
:102FF000D9F80000400207D42868800716D5E06899
:10300000012800D112E033E1E068B8B10120C8F82E
:103010000000FEF74DFF064605E000BFFEF748FF43
:10302000801B0228C0D828688007F7D52868216946
:1030300020F0F80040EAC10028600DE0C8F800A0C8
:10304000FEF736FF064604E0FEF732FF801B02283B
:103050001FD828688007F7D42078000722D5864F2C
:1030600087486169703771B101210160FEF720FF67
:10307000064604E0FEF71CFF801B022809D83868CA
:103080008007F7D50EE0C0F800A0FEF711FF064656
:1030900005E082E0FEF70CFF801B02287DD838682F
:1030A0008007F7D42078400768D5DFF8CCB1002737
:1030B0000BF13C0BDBF80000C0000BD4DBF8001078
:1030C00041F08051CBF80010DBF80000012700F040
:1030D000805000906B4E3068C00510D4306840F4CA
:1030E00080703060FEF7E4FE009005E0FEF7E0FE41
:1030F0000099401A022850D83068C005F6D55E4EB7
:10310000A0686C3601280FD00528306810D020F058
:1031100001003060306820F004003060A068B8B171
:10312000FEF7C6FE00900FE0306840F00100F4E7C3
:1031300040F004003060F7E7FEF7BAFE0099411A4C
:1031400041F28830814266D830688007F4D50EE0BD
:10315000FEF7AEFE009007E0FEF7AAFE0099411AC6
:1031600041F28830814256D830688007F4D42FB1BC
:10317000DBF8001021F08051CBF80010A069C8B333
:103180003D49091D0968C1F3810102294AD002287D
:10319000504607D0C8F8600000E03CE0FEF788FE2B
:1031A00004463BE04746C8F86000FEF781FE06464D
:1031B00005E000BFFEF77CFE801B02282BD82868A4
:1031C0008001F7D4D4E907010843A16A2E4A4908CF
:1031D00002EB0141626A41EA8211084394F82C1023
:1031E00040EA0161C9F8001001203866FEF760FE70
:1031F000044606E03EE000BFFEF75AFE001B022830
:1032000009D828688001F7D534E000BFFEF750FEEA
:10321000001B022802D90320BDE8F88F286880012E
:10322000F4D427E00128F7D0D9F80000E26900F4CF
:10323000800191421CD1226A00F03F01914217D1D6
:1032400047F6C071626A0140B1EB821F10D1A26AD9
:103250004FF0FF3300F4403103EB5202B1EB024F69
:1032600006D194F82C1000F07060B0EB016F01D023
:103270000120D1E70020CFE7043802400000474298
:10328000800E4742007000400000FFFF0068503091
:1032900050F8210070470068503040F821207047F6
:1032A00010B5040002D0607F10B106E0012010BD0F
:1032B00000202077204600F041F802206077206847
:1032C000C168C943C90632D5CA2141622168532069
:1032D0004862204601F036FE20BB20688168164A0D
:1032E000114081602168886862681043D4E9042332
:1032F0001A43104388602168E0680861206801690A
:10330000228941EA02410161204601F03FFE48B9AD
:1033100021680A6C22F480220A6421680A6CA3697D
:103320001A430A642268FF21516208B110BD0020CF
:103330000121617710BD0000BFFF8FFF1FB5002185
:1033400000910191029103910068084988420CD1D3
:1033500002200090C00103906846FFF753FC08B1BB
:10336000FDF732FB0249012008601FBD0028004024
:103370003C0E474270B50446007F0B46012819D029
:103380000126267702206077B2B19878D97840EA92
:10339000014558781978000240EA41300543216818
:1033A000CA204862216853204862204601F0CAFDC5
:1033B000D0B122E0022070BD5878C10603D500F0DC
:1033C000EF000A305870D87801F0B0FD0204587848
:1033D00001F0ACFD42EA0022987801F0A7FD02431B
:1033E000187842EA4035DAE707480540206845602A
:1033F000204601F0CBFD00B966772268FF215162BB
:103400000021217770BD00003FFFFF002DE9F04152
:103410000446007F0D46012823D04FF0010884F8B0
:103420001C80022060772068002780684FEA406097
:10343000D2B1002800DBEF70A878297840EA014675
:103440006878E978000240EA815006432168CA2082
:103450004862216853204862204601F073FDB8B1EC
:103460002CE00220BDE8F081002800DBEF70287816
:1034700001F05CFD0204687801F058FD42EA002288
:10348000A87801F053FD0243E87842EA8056DDE770
:103490000D480640206806602068816821F480217C
:1034A0008160D5E90301084321688A681043886078
:1034B000204601F06BFD08B984F81D802268FF21C9
:1034C00051622777CEE700007F7F7F0070B504460A
:1034D0000B482168C860FEF7EBFC05464FF47A768E
:1034E00007E000BFFEF7E4FC401BB04201D9032017
:1034F00070BD2068C0688006F4D5002070BD000053
:103500005F7F010070477047F0B5426E920F0A70FE
:10351000426EC2F383624A70426EC2F301628A70E5
:10352000426E120CCA70B0F86420120A0A7190F848
:1035300064204A71826E120DCA80826EC2F3034209
:103540000A72B0F86820C2F3C0324A72B0F868203C
:10355000C2F380328A72B0F86820C2F34032CA7275
:10356000B0F86820C2F300320A7300264E73426C32
:103570004FF40075012462B1012A3AD0026847492C
:103580009163816B41F08051816380F83440012068
:10359000F0BDB0F86820C36E9205120D42EA937236
:1035A0000A61C26EC2F3C2620A75C26EC2F30262DF
:1035B0004A75C26EC2F342528A75C26EC2F382422B
:1035C000CA75C26EC2F3C2320A760A69521C4265DB
:1035D0000B7E03F007039B1C9A4042650B7A03F0B5
:1035E0000F0704FA07F383655B0A5A43C0E91725FE
:1035F0000EE090F86820C36E9206920A42EA1342E7
:103600000A610A69521C92024265C0E916520566B7
:1036100030F86C2FC2F3803201F8192F0288C2F300
:10362000C6124A70027802F07F028A704268D20F96
:10363000CA704268C2F341720A714268C2F3826280
:103640004A714268C2F383528A714268C2F340529F
:10365000CA710E724268C2F300424A728288C2F393
:10366000C0328A728288C2F38032CA728288C2F300
:1036700040320A738288C2F300324A738288C2F3EE
:1036800081228A738288C2F30122CA730079C0F34F
:10369000460008744C740020F0BD0000FF05400097
:1036A00070B50446B0F8500000250104206801F010
:1036B00090FD18B1A16B0143A16304E000212068D3
:1036C00001F07DFC0546C5F3432070BDF8B5056BE0
:1036D00004460068416B09041BD5290719D5D4E9B4
:1036E0000A56002E14D00027206801F087FC05F848
:1036F000010B010A05F8011B010C05F8021B000E65
:10370000361F7F1C05F8010C082FEDD3C4E90A56BB
:10371000F8BD416B4FF00006C9054FF0010744D5D5
:10372000390281632068C16B4CF23A329143C16324
:103730002068C16A21F00101C16228071DD515F07A
:10374000220F09D0206801F075FD28B1A16B01435B
:10375000A1632046FFF7D7FE216840F23A50886304
:1037600084F834702663A80703D0204600F0ACF933
:10377000F8BD204600F0A9F9F8BD2806FCD5A8063A
:1037800009D5206801F056FD28B1A16B0143A16362
:103790002046FFF7B8FEA807EED12068C16A21F0E5
:1037A0000801C16284F83470E3E7416B490424D511
:1037B000290722D5D4E90856002EDDD05FF0000796
:1037C00015F8010B009015F8011B361F40EA012087
:1037D000009015F8021B40EA0140009015F8011C0A
:1037E00040EA016000906946206801F01AFC7F1CE5
:1037F000082FE5D3C4E90856F8BD416B40F23A22E0
:103800001142F9D0416B890703D5A16B41F0020148
:10381000A163416B090703D5A16B41F00801A163C6
:10382000416B890603D5A16B41F02001A163416B77
:10383000C90603D5A16B41F01001A163416B890555
:1038400003D5A16B41F00801A16340F23A71816395
:103850002068C16B40F23A329143C163206801F0A5
:10386000E9FCA16B0843A063280706D584F83470EF
:1038700026632046FFF747FEF8BD2806FCD515F065
:10388000300F0CD0E16B11480865E06BFDF77AFC56
:103890000028F1D0E06BBDE8F84001F051BEA80768
:1038A0000CD0216C0A480865206CFDF76BFC0028E1
:1038B000E2D0206CBDE8F84001F020BEA66384F899
:1038C000347026632046FFF71DFEF8BD4155000801
:1038D000FD54000870B504000ED094F834000025A3
:1038E00018B92577204600F04DF8032084F83400FD
:1038F000204600F00BF808B1012070BDA5632563D8
:10390000012084F83400002070BD0000FEB50025C1
:10391000044676200095CDE901502B462A462946DB
:10392000206801F055FB154E46F8A05F206801F0B5
:1039300061FB012535600220FDF7A8FD204601F05E
:1039400099FE28B184F83450A16B0143A16313E0C0
:10395000204601F017FE0028F4D14FF400712068D2
:1039600001F098FB002808D0226805499163A16BFB
:103970000143A16384F834500120FEBD008025423C
:10398000FF0540002DE9F04F87B005461421684639
:10399000FCF782FC4649286888427DD1454800688A
:1039A000444940F400600860086800F40060059035
:1039B0004048143800683F4940F00400143908605A
:1039C000086800F004000590086840F008000860EE
:1039D0000868022400F0080005904FF48850CDE9F3
:1039E000000402AA002003264FF00C0882E84101DF
:1039F00069463148FEF752F902AA002082E84101E7
:103A00000427CDE9007469462C48FEF747F92D4C90
:103A10002B484FF00068C4E9000800204FF480698B
:103A2000A060C4E90309B8024FF4804BC4E9050B58
:103A3000C4E909764FF0200A0020C4E907A07E05FA
:103A4000B7102046C4E90B67FDF77EFC08B1FCF710
:103A5000BBFF2C64A5631B4C194860344830C4E993
:103A600000084020A0600020C4E90309C4E907A0C1
:103A70000420606204F12802032082E8C1004FF4B0
:103A80008051C4E9051B2046FDF75EFC08B1FCF738
:103A90009BFFEC63002200E007E011463120A563A4
:103AA000FEF76CFB3120FEF75BFB07B0BDE8F08F43
:103AB000002C01404438024000080240000C024043
:103AC00058640240580400207047704770B50400E5
:103AD00009D0606A002540B125616561A56294F84E
:103AE000510040B10CE0012070BD6068B0F5827FEC
:103AF000F4D0E561F2E784F85050204600F044F835
:103B0000022084F851002068016821F04001016022
:103B1000A088218900F4827001F404410843A1893E
:103B200001F400610843217C01F002010843217D7A
:103B300001F001010843218B01F400710843217F4A
:103B400001F03801084394F8201001F08001084387
:103B5000218D01F40051084321680860A069042107
:103B600001EA104094F8241001F010010843216884
:103B700048602068C16921F40061C1616565012068
:103B800084F85100002070BD10B586B004461421A1
:103B90006846FCF781FB13492068884220D112480F
:103BA0000021026842F480520260006800F48050F4
:103BB00005900D481438026842F002020260006865
:103BC00000F002000590382000900220CDE90101AC
:103BD000032003900520049069460448FEF75EF830
:103BE00006B010BD003001404438024000040240DD
:103BF00070B515460E46040003D094F8490010B184
:103C000007E0012070BD002084F84800204600F045
:103C10001DF804F108012068FCF7F6FE3146A268A1
:103C20002068FCF725FFD4E901022946236BFCF745
:103C3000CDFE2168A06851F8202042F0010241F831
:103C40002020012084F84900002070BDFDF7D2BF7C
:103C500010B5401EB0F1807F01D3012010BD4FF0A0
:103C6000E02460610F21601703F012FD0020A061C5
:103C700007202061002010BD7047704770B590F894
:103C80003C20012A32D0012480F83C40022280F8F6
:103C90003D2003685A689D6822F070060A68324326
:103CA0005A60134B02689A4214D0B2F1804F11D07F
:103CB000104B9A420ED0104B9A420BD00F4B9A42A7
:103CC00008D00F4B9A4205D00E4B9A4202D00E4BB1
:103CD0009A4204D1496825F080031943916080F825
:103CE0003D40002180F83C10084670BD022070BDA8
:103CF000000001400004004000080040000C0040AB
:103D000000040140004001400018004010B50400CC
:103D100003D094F83D0010B107E0012010BD002051
:103D200084F83C00204600F01FF8022084F83D0093
:103D3000211D206801F072FD012084F8460084F8FE
:103D40003E0084F83F0084F8400084F8410084F885
:103D5000420084F8430084F8440084F8450084F865
:103D60003D00002010BD000008B50068B0F1804F94
:103D700012D10A48016841F0010101600068002287
:103D800000F00100009011461C20FEF7F7F9BDE895
:103D900008401C20FEF7E4B908BD0000403802408E
:103DA00090F83D10012901D001207047022180F8D0
:103DB0003D100168CA6842F00102CA6000681149FA
:103DC000884214D0B0F1804F11D00F4988420ED0F4
:103DD0000E4988420BD00E49884208D00D498842CE
:103DE00005D00D49884202D00C49884204D181682F
:103DF00001F00701062903D0016841F001010160CB
:103E0000002070470000014000040040000800400E
:103E1000000C004000040140004001400018004038
:103E200070B5044690F83C000025012817D0012603
:103E300084F83C60022084F83D002068826822F00B
:103E4000770222F47F4282600868502838D00DDC67
:103E500020284FD005DC90B3102811D14AE0022071
:103E600070BD302846D040280AD13BE060282FD0D2
:103E700070280DD0B0F5805F03D0B0F5005F12D090
:103E8000012584F83D60002084F83C00284670BD80
:103E9000CB68D1E90121206801F028FD2068816804
:103EA00041F0770109E0CB68D1E90121206801F0F8
:103EB0001DFD2068816841F480418160E1E719E0DF
:103EC000CA684968206801F023FD5021206806E097
:103ED000CA684968206801F02CFD6021206801F063
:103EE0000FFDCEE7CA684968206801F011FD402146
:103EF0002068F4E7226801461046F0E770472DE994
:103F0000F04104460068C66805694FF00007A9073C
:103F100013D5B10711D5F91E016101202077206862
:103F200080698007204602D0FFF7E8FF04E000F038
:103F30007EF8204600F07CF82777680716D57007D2
:103F400014D521686FF004000861022020772068F2
:103F5000806910F4407F204602D0FFF7CFFF04E0D5
:103F600000F065F8204600F063F82777280715D59C
:103F7000300713D521686FF008000861042020770E
:103F80002068C0698007204602D0FFF7B7FF04E031
:103F900000F04DF8204600F04BF82777E80616D5DC
:103FA000F00614D521686FF0100008610820207712
:103FB0002068C06910F4407F204602D0FFF79EFFC2
:103FC00004E000F034F8204600F032F82777E807E4
:103FD00008D0F00706D021686FF001000861204684
:103FE00000F028F8280608D5300606D521686FF0BD
:103FF000800008612046FFF73FFE680608D570067E
:1040000006D521686FF040000861204600F02EF8C8
:10401000A8060AD5B00608D521686FF0200008610F
:104020002046BDE8F041FFF728BEBDE8F0817047AB
:104030007047000070B50B4CA5680B4802F0B6F84D
:10404000691CA160A8420BD104F10C0000F08EFAAB
:10405000082204F10C01044802F0E8F80020A060F6
:1040600070BD0000140000206027002070477047DA
:1040700070470000F8B5016804460868CA684B69D3
:1040800010F00F0F4FF0000559D003F0010602F4B5
:104090009077374365D0C10705D0D10503D5616C52
:1040A00041F001016164410705D5D90703D0616C76
:1040B00041F002016164810705D5D90703D0616C25
:1040C00041F004016164010707D502F0200131438A
:1040D00003D0616C41F008016164616C00293AD041
:1040E000800604D5900602D5204601F0E7FC206842
:1040F0004069616CC0F38010090700D460B32046AA
:1041000001F0A7FC20684069400621D520681430E2
:1041100050E8001F21F0400140E80012002AF5D1CC
:10412000E06BA8B172490165E06BFDF72BF8002840
:1041300011D0E06B016D01B0BDE8F0400847830687
:104140000FD593060DD52046BDE8F84001F0B6BC6A
:104150002046FFF78DFFF8BD2046FFF789FF656415
:10416000F8BD266B2023012E7ED1C6067CD5D6064F
:104170007AD508684868009048694FF00206400602
:104180004DD5E26B106840684FF480770004000C56
:104190003AD0A18D814237D9E085D069B8422DD07F
:1041A00020680C3050E8001F21F4807140E80012B4
:1041B000002AF5D12068143050E8001F21F00101D9
:1041C00040E80012002AF5D12068143050E8001FA2
:1041D00021F0400140E80012002AF5D184F8423075
:1041E000256320680C3050E8001F21F0100140E8E2
:1041F0000012002AF5D1E06BFCF77BFF6663A08D0F
:10420000E18D401A81B206E0A18D8142A8D1D0692A
:10421000B842A5D166632046FFF729FFF8BDA08DFF
:10422000E18D401A81B2E08D0028F7D00029F5D049
:1042300020680C3050E8002F22F4907240E80027EC
:10424000002FF5D12068143050E8002F22F0010231
:1042500040E80027002FF5D184F84230256320681C
:104260000C3050E8002F00E006E022F0100240E899
:104270000023002BF3D1CDE705062BD5150629D554
:1042800094F841002128C9D1A068B0F5805F01D120
:104290002069B0B1206A411C216221680078486021
:1042A000E08C401E0004000CE084B7D12068C16897
:1042B00021F08001C1602068C16841F04001C16007
:1042C000F8BD206A0088C0F308004860206A801C9E
:1042D0002062E5E74006F3D55006F1D5CA682046CE
:1042E00022F04002CA6084F8413000F021F9F8BDA4
:1042F0005759000870B5040004D094F84100002517
:1043000010B106E0012070BD84F84050204600F056
:1043100023F8242084F841002068C16821F400516A
:10432000C160204601F02CFC2068016921F4904115
:1043300001612068416921F02A0141612068C1685A
:1043400041F40051C1606564202084F8410084F884
:1043500042006563002070BD70B586B0064614212A
:104360006846FBF799FF24493068884242D12348C8
:104370000025016841F010010160006800F01000A4
:1043800005901E481438016841F001010160006881
:10439000694600F0010005904FF4C06000900220D3
:1043A00001900120029003200390072004901448FC
:1043B000FDF774FC144C134820604FF00060C4E912
:1043C00001054014C4E9035080106561C4E906503A
:1043D000256220466562FCF7B7FF08B1FCF7F4FAE6
:1043E000F463002211462520A663FDF7C7FE2520B1
:1043F000FDF7B6FE06B070BD001001404438024023
:1044000000000240406402400007002090F8423063
:10441000202B01D00220704721B11AB10023036381
:1044200001F034BC0120704710B5084A0168914280
:104430000BD1074C074B21784A421944D2B24FF0B6
:10444000FF3300F025F80020207010BD001001405F
:1044500010000020B805002070B50A4A016891429A
:104460000ED1094C4FF0FF332178C1F18002D5B253
:10447000064A11442A4600F00BF8207828442070A0
:1044800070BD00000010014010000020B8050020A1
:104490002DE9F843044690F84100984616460D462B
:1044A000202802D00220BDE8F88385B17EB100202B
:1044B0006064212084F84100FDF7FAFCA68481465F
:1044C000E684A0682027B0F5805F02D003E00120D9
:1044D000E9E7206910B12E4600250EE000260CE029
:1044E0008021204601F022FCA8B9C6B116F8010BC4
:1044F00021684860E08C401EE084E08C4B464FF021
:104500000002CDF800800028EAD14FF0400120469B
:1045100001F00CFC40B184F841700320C3E735F88A
:10452000020BC0F30800E3E784F841700020BAE70B
:104530007047FEE7F0B500230A24302537261F46D2
:1045400011E000BFB4EB107F02D905EB107C01E055
:1045500006EB107C01F813C001EB430C00015B1C5F
:104560008CF80170DBB29342ECD3F0BD2DE9F04141
:104570001A4F06464FF48074002521463846FDF751
:1045800085FC58B921463846FDF780FC30B91E2518
:1045900021463846FDF77AFC0028F9D0104F214615
:1045A0003846FDF773FC58B921463846FDF76EFCD6
:1045B00030B91F2521463846FDF768FC0028F9D0A0
:1045C0000020014601E0022806D03154401CC0B250
:1045D0000828F8D3BDE8F081B570F7E7001802406D
:1045E0000000024038B504460020009063696A4626
:1045F0000121206898476FF00405002825DB6369D6
:104600006A4601212068984700281EDB0098400771
:1046100001D4012038BD63696A46002120689847AB
:10462000002812DB0098C10408D44FF404518143E0
:104630001CD081041CD4C0051CD415E063696A46F3
:104640001F2120689847002801DA284638BD0098C5
:10465000C10401D4062038BDC0F38200062805D06D
:10466000022805D0052805D0052038BD022038BD18
:10467000032038BD042038BDF8B5054600200446A7
:1046800006460090686808BBA86800B180472020F3
:104690006FF0040728606B696A461221204698472C
:1046A000002801DA3E4609E0009800F01F00A04211
:1046B00004D100262C601F2C06D809E0641C1F2C96
:1046C000E9D92C681F2C02D96FF0020602E00EB95E
:1046D000012068603046F8BD88B1CA687AB18A683E
:1046E0006AB10A695AB10A6882604A68C260CA68D7
:1046F00042618A68026109698161002070474FF058
:10470000FF3070470E4810B50C490160152141601B
:1047100000214FF480328160C0E9031241610176CB
:1047200041768176C17601774177FCF738FB002826
:1047300003D0BDE81040FCF747B910BD006400404D
:10474000700200200E4810B50C490160152141602F
:1047500000214FF480328160C0E90312416101768B
:1047600041768176C17601774177FCF718FB002806
:1047700003D0BDE81040FCF727B910BD0068004029
:1047800098020020114808B5016841F480010160D9
:104790000068002200F48000009011463A20FDF7E6
:1047A000EDFC3A20FDF7DCFC002211463B20FDF732
:1047B000E5FC3B20FDF7D4FC002211464520FDF727
:1047C000DDFCBDE808404520FDF7CABC303802409A
:1047D0002DE9F04F8FB01C216846FBF75DFD1C21D1
:1047E00007A8FBF759FD2E484FF0040B0024C0E941
:1047F00002B41025C0E904458461C4614FF4805AB5
:104800000462C0E9094AC46204634463DFF8949017
:1048100084634FF020484464C0E900890F26CDE945
:10482000004602A90A20112781E8B100002269464A
:104830001B480694FFF7DCF908B1FCF7C5F81848E7
:104840000621503007AAC0E90214C0E9044584617A
:10485000C4610462C0E9094A4FF48041C0E90B41D8
:10486000446384634464C0E900898DE85008059777
:10487000CDE90365FF20CDE90646CDE9086008488B
:10488000CDE90C74CDE90A6569465030FFF7B0F9FF
:10489000002801D0FCF798F80FB0BDE8F08F0000B9
:1048A000C0020020040100A02DE9F04F87B01421C0
:1048B0006846FBF7F1FC5F480024016841F01001F5
:1048C0000160016801F010010591016841F00401E7
:1048D0000160016801F004010591016841F02001C7
:1048E0000160016801F020010591016841F080013B
:1048F0000160016801F080010591016841F001014A
:104900000160016801F001010591016841F00201B7
:104910000160016801F002010591016841F0400168
:104920000160016801F040010591016841F0080152
:1049300001600068DFF800A100F008000590012286
:1049400004215046FDF7AFFA4FF48068012241463A
:104950003A48FDF7A8FA002201213948FDF7A3FAE9
:10496000012278213648FDF79EFADFF8D8B00122FF
:1049700003215846FDF797FA4FF4004901224946B2
:104980003148FDF790FA0427032601250097039686
:10499000CDE9015469465046FDF780F9CDF8008015
:1049A0000396CDE9015469462448FDF777F959206B
:1049B0000090CDE90154694621480394FDF76EF952
:1049C0002020CDE90005CDE9024669461C48FDF7E7
:1049D00065F9CDE90065CDE9024669465846FDF71F
:1049E0005DF9009769465846CDE90145FDF756F94E
:1049F000E8028DE8310069461048FDF74FF92F02B3
:104A0000009769461048CDE90145FDF747F9009741
:104A100069460B48CDE90145FDF740F9CDF8009016
:104A20000396CDE9015469460748FDF737F907B009
:104A3000BDE8F08F30380240001002400014024000
:104A40000000024000040240001802400D4810B56A
:104A50000B4901600C49416000214FF480428160A4
:104A6000C0E9031241618161C1610162FDF726FA6B
:104A7000002803D0BDE81040FBF7A6BF10BD000022
:104A80000054004060030020A0860100FEB5364CB3
:104A90004FF0C00CA82184F800C061702022A270E1
:104AA0000123251DE370FF2028706870A87000277F
:104AB0002E1DEF7086F800C07170B270F37005F0B3
:104AC000C5FA2068E17803BA0A0603F47F4342EA94
:104AD000032203BA00BA03F47F03084342EA132215
:104AE000A4F10C0142EA106008602868E97803BA72
:104AF0000A0603F47F4342EA032203BA00BA03F42E
:104B00007F03084342EA1322A4F1080142EA10603D
:104B100008603068F17803BA0A0603F47F4342EA7A
:104B2000032203BA03F47F0300BA42EA13220843C4
:104B300042EA1060211F231F08600C480C490097AF
:104B4000CDE901101A1F111F0A4805F055FF094849
:104B500006F06CF9074806F07DFA03B00649BDE897
:104B6000F040044806F0BCB9AC000020B58800084D
:104B7000E98A0008007D0020ED89000870B50B4827
:104B800003F0FAFF07F052FA084DFDF791F9084CCF
:104B90002168401A642807D3FDF78AF92060284667
:104BA000BDE8704003F0D8BE70BD0000007D00205D
:104BB0009C00002070B586B014216846FBF76CFBA2
:104BC0002348002421490594C0E900147F21816015
:104BD000FF21C0E9031444618461FEF761FB08B161
:104BE000FBF7F2FE00211A48FEF750FB46F266661C
:104BF000B04228D009258DF8005035208DF80100ED
:104C00008DF8024003940122694611480494FEF78E
:104C1000FDFB08B1FBF7D8FE06208DF814008DF8D7
:104C2000155026208DF816008DF81740012205A991
:104C30000748FEF79FFB08B1FBF7C6FE324601218D
:104C40000348FEF728FB06B070BD000000280040B6
:104C5000B40300200B4810B50949016000214160F0
:104C60008160C1600161416104218161FEF732FE12
:104C7000002803D0BDE81040FBF7A6BE10BD000021
:104C8000002C0140D40300200F4810B50D490160ED
:104C90004FF48271416000218160C1604FF4007265
:104CA0000161C0E90512C1610162416281620A21AC
:104CB000C162FEF70BFF002803D0BDE81040FBF7F0
:104CC00083BE10BD003001401805002010B586B02D
:104CD00000241748009401940294039404944FF024
:104CE0008041059401605321C0E901144FF47A71A9
:104CF000C0E9031480218161FFF708F808B1FBF7D0
:104D000063FE4FF48050009069460948FFF788F829
:104D100008B1FBF759FE049404A905480594FEF771
:104D2000ADFF002801D0FBF74FFE06B010BD00001C
:104D3000700500200C4810B50A4901604FF4E131BC
:104D40004160002181600C22C160C0E904128161D0
:104D5000C161FFF7CFFA002803D0BDE81040FBF790
:104D600033BE10BD00100140B806002010B500226F
:104D70000B490C4801F0E8FA08B1FBF725FE0A4997
:104D8000084801F0F9FC08B1FBF71EFE054801F0E8
:104D900077FD002803D0BDE81040FBF715BE10BD1D
:104DA000300000206027002070010020FEE7FEE7B1
:104DB0000148FDF757BB0000502C00202DE9F041C1
:104DC00003680D4604461E6C03EB4511D1F8080B31
:104DD00094F806E04FF400474FF0200C04F29C4298
:104DE000BEF1010F09D0DFF898E0764539D1020411
:104DF00032D500BFC1F8087B3FE0224B5FEA007E5E
:104E000004D59E4239D90004F4D436E05FEA806EBE
:104E100002D5C1F808CB30E010F0280F2DD19E420A
:104E200001D90004E6D405EBC50004EB8000D1F8FD
:104E3000101BD0F87432C1F31201591AC0F868126D
:104E400000F51570ADB903691BB1C2681144C160AA
:104E50000FE0012120680AE080060AD5C1F808CBDE
:104E600007E035B9D4F8640218B90021184602F0F9
:104E700089F8E9B22046FDF7E7F90020BDE8F081A6
:104E80000A31544F0A30544F2DE9F84F0E4601EBCA
:104E9000C60100EB810481460568D4E90910143489
:104EA000884202D90120BDE8F88F081AA168814222
:104EB00000D20846C01C870805EB46181BE000BF5F
:104EC000A0EB010AA068504500D282460AF1030017
:104ED000870899F8060000901FFA8AF3F2B2284674
:104EE000E16802F08DFBE16801EB0A00E0606169B6
:104EF00001EB0A006061D8F8180980B2B84205D306
:104F0000D4E90401814201D20028D9D1D4E90401B5
:104F1000884208D806F00F0101208840D5F83418DF
:104F20008143C5F834180020BDE77047002102E036
:104F30000A38C0B2491C0A28FAD2090740EA1160AF
:104F4000704700002DE9F041044600680025C16863
:104F5000490618D4C16841F08001C160FCF7A8FF80
:104F600006464FF47A78042707E000BFFCF7A0FF5D
:104F7000801B404501D9677701252068C06840063D
:104F800001D4002DF2D02846BDE8F08170B504466A
:104F900000680025C16821F08001C1602068806838
:104FA000800606D42046FEF791FA10B104206077FF
:104FB0000125284670BD006800F0030070470844D2
:104FC000406970470148FEF781BB0000D403002010
:104FD00070B50DF1100C11439CE870002343194388
:104FE00029434268314347F6FF639A430A434260CC
:104FF000002070BD0321016000207047D0F88000C0
:1050000070470A688260D1E901231A43D1E903316C
:105010000B43C1681A436FF30B011143C1600020B9
:1050200070470968C0F880100020704710B585B03F
:1050300004463720CDE90010402002900020039064
:105040004FF48060049069462046FFF7DAFF41F292
:1050500088323721204600F007F905B010BD000066
:1050600010B504460A4885B001432920CDE9001057
:1050700040200290002003904FF480600490694625
:105080002046FFF7BEFF204600F0A6F905B010BD90
:105090000000108010B585B004461020CDE9001046
:1050A00040200290002003904FF4806004906946F5
:1050B0002046FFF7A6FF41F288321021204600F07B
:1050C000D3F805B010BD000030B585B0002405460A
:1050D000009401944FF480600294CDE90340694646
:1050E0002846FFF78EFF0B484FF4FA510068B0FBDB
:1050F000F1F041F288314843401E03D24FF00040A6
:1051000005B030BD696B0906F6D5C520A8632046F9
:10511000F6E70000C400002010B585B004464FF447
:10512000D57000900820019040200290002003904C
:105130004FF48060049069462046FFF762FF2046E6
:1051400000F0B0F905B010BD10B585B004460720D9
:10515000CDE9002040200290002003904FF48060B1
:10516000049069462046FFF74CFF41F28832072140
:10517000204600F079F805B010BD10B585B00446A2
:1051800000210220CDE90010C020CDE902014FF43A
:105190008060049069462046FFF733FF204600F008
:1051A000F3F805B010BD10B585B004460920CDE96F
:1051B0000010C0200290002003904FF48060049003
:1051C00069462046FFF71DFF204600F0DDF805B0D8
:1051D00010BD10B585B004460D20CDE9001040206B
:1051E0000290002003904FF48060049069462046AE
:1051F000FFF707FF41F288320D21204600F034F816
:1052000005B010BD30B585B00C4605460021032021
:10521000CDE900104020CDE902010001049069466B
:105220002846FFF7EEFE22460321284600F0F6F856
:1052300005B030BD10B585B0044600210C20CDE985
:1052400000104020CDE9020100010490694620468B
:10525000FFF7D7FE034A0C21204600F005F805B001
:1052600010BD000000E1F505454B10B51B684FF47B
:10527000FA54B3FBF4F353435B1E02D24FF00040E9
:1052800010BD426B12F0450FF6D01205F4D4426BFC
:10529000520703D504218163084610BD426BD20733
:1052A00002D00121816305E0C52282630269D2B286
:1052B0008A4201D0012010BD0021FFF780FE314954
:1052C000084201D1002010BD002802DA4FF0007022
:1052D00010BD410001D5402010BD810001D58020C6
:1052E00010BDC10002D54FF4807010BD010102D580
:1052F0004FF4007010BD410102D54FF4806010BD25
:10530000C10102D54FF4006010BD010202D54FF477
:10531000805010BD410202D54FF4005010BD8102F3
:1053200002D54FF4804010BDC10202D54FF40040B9
:1053300010BD410302D54FF4003010BD810302D5EA
:105340004FF4802010BDC10302D54FF4002010BDE2
:10535000010402D54FF4801010BD410402D54FF472
:10536000001010BD810402D54FF4800010BD00076D
:1053700002D54FF4000010BD4FF4803010BD000086
:10538000C400002008E0FFFD12494FF4FA520968FA
:10539000B1FBF2F141F288325143491E02D24FF083
:1053A00000407047426B12F0450FF6D01205F4D45E
:1053B000416B490703D50421816308467047416B5F
:1053C000C90703D00121816308467047C521816365
:1053D00000207047C40000200F494FF4FA520968BA
:1053E000B1FBF2F141F288325143491E02D24FF033
:1053F00000407047426B12F0450FF6D01205F4D40E
:10540000416B490703D50421816308467047C521D4
:105410008163002070470000C400002030B5204B9D
:105420004FF4FA541B68B3FBF4F341F2883463433E
:105430005B1E02D24FF0004030BD446B14F0450FAC
:10544000F6D02405F4D4436B5B0703D504218163B4
:10545000084630BD436BDB0702D00121816303E0C6
:105460000369DBB28B4201D0012030BDC5218163CD
:105470000021FFF7A4FD10F4604F04D0410406D5CD
:105480004FF4005030BD000C1080002030BD0004EF
:1054900002D54FF4805030BD4FF4803030BD000055
:1054A000C400002014494FF4FA520968B1FBF2F12C
:1054B00041F288325143491E02D24FF000407047FA
:1054C000426B12F0450FF6D01205F4D4416B490738
:1054D00003D50421816308467047416BC90703D097
:1054E0000121816308467047416B490601D540217F
:1054F0008163002070470000C400002010B5846B59
:1055000040F23A50216888632046FEF7C9F801212D
:1055100084F8341000212163062801D0052805D124
:105520002068FFF787FEA16B0843A063A06B0028EB
:10553000204602D0FDF7E7FF10BDFDF7E3FF10BDE9
:1055400010B5846B40F23A50216888632046FEF71C
:10555000A7F8012184F8341000212163062801D026
:10556000052805D12068FFF765FEA16B0843A063FD
:10557000A06B0028204602D0FDF7C5FF10BDFDF747
:10558000C1FF10BD10B590B004460120ADF8380041
:105590002068FFF710FD002854D0606C032842D02B
:1055A0002068FFF7EAFD00284AD100212068FFF7B4
:1055B00006FD606704212068FFF701FDA067082150
:1055C0002068FFF7FCFCE0670C212068FFF7F7FC80
:1055D000C4F88000606C032825D00EA92068FFF76E
:1055E00011FE00282CD1606C03281CD0BDF83800B7
:1055F000206501042068FFF7D6FD002820D1002196
:105600002068FFF7DCFC606604212068FFF7D7FC08
:10561000A06608212068FFF7D2FCE0660C21206814
:10562000FFF7CDFC206704212068FFF7C8FC000DC0
:10563000E06403A92046FDF767FF30B14FF08050CA
:1056400010B010BD4FF08060FAE7B4F850000023AE
:1056500002042068FFF778FD0028F1D104F1100062
:1056600007C88DE8070094E80F00FFF7B1FC0020A1
:10567000E6E700002DE9F84F00260446009635467F
:10568000B0460068FFF720FD002827D12068FFF70B
:1056900043FD4FF0805B4FF001094FF6FF7748B1B3
:1056A000A6642068FFF710FD002817D1A06C012820
:1056B00002D020E0C4F8489000212068FFF7B6FC33
:1056C00058B918E000212068FFF7B0FC002805D188
:1056D00051462068FFF7C4FC10B15846BDE8F88F6A
:1056E00000212068FFF76BFC05464FEAD078009850
:1056F000401C009002E0DFF82CA00098B84202D2D3
:10570000B8F1000FDED00098B84202D34FF080709D
:10571000E4E7680002D5C4F8449000E06664002025
:10572000DCE70000000010C170470178407841EAD2
:105730000020704710B5FCF7B9FC08490868401C08
:105740000860B0F57A7F07D300200860BDE81040FC
:1057500008210348FCF79FBB10BD00001400002087
:105760000000024030B593B030216846FAF794FD4E
:1057700014210CA8FAF790FD1F480025016841F09C
:1057800080510160006800F0805011901B48016852
:1057900041F4804101600068022400F480401190CF
:1057A000052000904FF48030019001200290800588
:1057B000CDE9064004200890A820CDE9090407207F
:1057C0000B906846FDF7ACFB08B172B6FEE70CA97A
:1057D0000F2081E831004FF4A0500F904FF480501B
:1057E000109005210CA8FDF7ABFA002801D072B685
:1057F000FEE713B030BD00004038024000700040AA
:105800000248016841F470010160704788ED00E0D2
:105810000148FEF774BB000070050020F0B5026877
:10582000274B284D284E294F294C4FF0804C984249
:1058300009D0604507D0A84205D0B04203D0B84295
:1058400001D0A04204D122F0700E4A6842EA0E0252
:1058500098421BD0604519D0A84217D0B04215D04D
:10586000B84213D0A04211D01A4DA8420ED01A4D02
:10587000A8420BD0194DA84208D0194DA84205D016
:10588000184DA84202D0184DA84203D122F4407509
:10589000CA682A434D6922F080022A438D68C56296
:1058A0000D688562984201D0A04201D10969016367
:1058B000016841F004010160012141610260F0BD15
:1058C000000001400004004000080040000C0040BF
:1058D00000040140004001400044014000480140F4
:1058E00000180040001C00400020004010B58468F3
:1058F00042EA032224F47F440A432243826010BD1B
:10590000826822F070020A4342F00701816070470A
:1059100010B5036A046A24F001040462846924F067
:10592000F00444EA021423F00A020A43846102628A
:1059300010BD10B5036A046A24F01004046284697F
:1059400023F0A00324F4704444EA023243EA011134
:105950008261016210BD10B5806B0021C185FEF728
:1059600087FB10BD70B5846B2068406994F84110C6
:10597000C0F3C0100025212904D118B1E5842046C8
:1059800000F08EF82068406994F84210C0F380104F
:10599000222904D118B1E585204600F05AF8606C40
:1059A00040F0100060642046FEF762FB70BD10B549
:1059B0000146806B096809684FF00002C9052ED4C2
:1059C000C28501680C3151E8003F23F4807341E83F
:1059D0000034002CF5D10168143151E8003F23F068
:1059E000010341E80034002CF5D10168143151E87D
:1059F000003F23F0400341E80034002CF5D1202182
:105A000080F84210016B012909D101680C3151E87D
:105A1000003F23F0100341E80034002CF5D142632D
:105A2000016B012902D0FEF7FFFC10BD818DFEF74E
:105A30001EFB10BD10B5806B01214163016B012974
:105A400002D0FEF709FD10BD818D4908FEF70FFB5E
:105A500010BD01680C3151E8002F22F4907241E82A
:105A60000023002BF5D10168143151E8002F22F0FA
:105A7000010241E80023002BF5D1016B012909D176
:105A800001680C3151E8002F22F0100241E8002398
:105A9000002BF5D1202180F84210002101637047CE
:105AA00001680C3151E8002F22F0C00241E80023C8
:105AB000002BF5D1202180F84110704708B590F8EF
:105AC0004210222901D0022008BD82684FF4805381
:105AD0009A4201D1016921B1816A9A421BD04AB12F
:105AE0000AE00268816A5268C2F308020A80816A89
:105AF000891C08E0026972B10268526802F07F02F4
:105B00000A70816A491C8162C18D491E0904090C11
:105B1000C18503D01BE002685268F1E70168CA68DA
:105B200022F02002CA600168CA6822F48072CA604A
:105B300001684A6922F001024A61202180F842107E
:105B400000214163026B012A03D0FEF76DFC0020A7
:105B500008BD016301680C3151E8002F22F01002EA
:105B600041E80023002BF5D101680A68D20602D56E
:105B70000A6849680091818DFEF779FAE7E700002D
:105B800070B5044600680169E26821F44051114390
:105B900001612169A068E269084361691143084312
:105BA0002168CA6849F20C639A430243CA602068BC
:105BB0004169A26921F44071114341613149206872
:105BC000884202D03049884202D1FDF769F901E0EC
:105BD000FDF756F9E2690023192164253226B2F552
:105BE000004F626828D0A0FB0101930F9200FAF7E2
:105BF000E7FA0146B0FBF5F06FF01802504301EBF5
:105C0000800006EB0010B0FBF5F000F0F002B1FBF5
:105C1000F5F002EB0012B1FBF5F06FF018035843FA
:105C200001EB800006EB0010B0FBF5F000F00F0078
:105C300021681044886070BDA0FB010192185B418F
:105C4000FAF7BEFA0146B0FBF5F00201B1FBF5F040
:105C50006FF01803584301EB800006EBC000B0FB67
:105C6000F5F000F0F80002EB4002B1FBF5F058430C
:105C700001EB800006EBC000B0FBF5F000F0070080
:105C8000D6E70000001001400014014038B58162E1
:105C900004468285002013466064222284F8422054
:105CA000E56B1F4AEA63E56B1E4A2A64E56B1E4AF0
:105CB000EA64E26B10650A462168E06B091DFBF798
:105CC000ADFB30B110206064202084F84200012038
:105CD00038BD2068016840680090206948B120689C
:105CE0000C3050E8001F41F4807140E80012002A97
:105CF000F5D12068143050E8001F41F0010140E860
:105D00000012002AF5D12068143050E8001F41F03D
:105D1000400140E80012002AF5D1002038BD000003
:105D2000AF590008355A0008655900082DE9F843B5
:105D3000984617460D460446089E24E0701C22D063
:105D4000FCF7B6F8A0EB0800B0421AD8CEB1206834
:105D5000C168490717D5802D15D0402D13D0016893
:105D6000C94309070FD40168002540680090204608
:105D7000FFF76FFE0820606484F840500120BDE802
:105D8000F8830320FBE72068006835EA000004D0B0
:105D90000020B842D2D00020F1E70120F9E700004E
:105DA00010B50448FEF766F9BDE81040014801F05F
:105DB0003BBC0000B806002010B5D0F8B822002483
:105DC0005268904700B10324204610BD0020704760
:105DD00000207047134610B50A46002100F003FC6E
:105DE000002010BD134610B50A46002100F0A5FCA6
:105DF000002010BD10B50446802100F07FFC204635
:105E0000BDE81040002100F079BC10B50521C0F8B4
:105E1000941200231A46194600F0E5FB002010BD3D
:105E200010B50223C0F89432426182611346416288
:105E30000A46002100F081FC002010BD10B50421AD
:105E4000C0F8941200231A46194600F076FC002090
:105E500010BD000010B50A46024903A000F00FF97A
:105E6000004810BD3C2A002048494420436F6E661C
:105E70006967000012200880004870475000002029
:105E800010B50A46024903A000F0F9F8004810BD19
:105E90003C2A002048494420496E7465726661635B
:105EA0006500000004200880004870474C00002076
:105EB00010B50A46024903A000F0E1F8004810BD01
:105EC0003C2A002053544D6963726F656C6563749E
:105ED000726F6E696373000010B50A46024903A031
:105EE00000F0CDF8004810BD3C2A002053544D333B
:105EF000322048756D616E20696E746572666163EB
:105F00006500000010B51A2008800A480168001DCD
:105F10000468001D0068081809D008220649FEF729
:105F200009FB0549042210312046FEF703FB024815
:105F3000801E10BD107AFF1F66000020F8B50446D1
:105F40000020ADF8000048880D46010A08295FD2FC
:105F5000DFE801F05E0409175E5E3C45D4F8B41238
:105F6000207C0A6819E0207C02260028D4F8B802B8
:105F700005D0C16A684688470146467039E0816AA3
:105F8000F8E7C0B2062843D2DFE800F0030A101495
:105F9000181CD4F8B402426805E0694690471CE03A
:105FA000D4F8B402826892B3207CF6E7D4F8B40245
:105FB000C268F8E7D4F8B4020269F4E7D4F8B4028E
:105FC0004269F0E7D4F8B4028269ECE7207CF0B9CA
:105FD000D4F8B802416B68468847014609E0207C46
:105FE000A8B9D4F8B802016B684688470146072073
:105FF0004870EA888AB1BDF8000040B1824200D9F9
:106000000246ADF800202046FFF70AFFF8BDFFE783
:1060100029462046FFF7EEFEF8E72046FFF70EFF81
:10602000F4E778B50E4642880178002504468A4296
:1060300012D9ADF800100AE0694600F019F841786D
:10604000052904D181780546B14205D00025618833
:10605000BDF800209142EFD8284678BD01460020C7
:1060600002E0401CC0B2491C0A78002AF9D17047EE
:106070000A8803781A440A8001780844704770B58A
:1060800016460D46002820D00446FFF7E7FF022100
:1060900001EB40014FF40070814204D82046FFF725
:1060A000DDFF4000801C308030782870032068704D
:1060B0000220002206E02954401CC0B22A54401C91
:1060C000C0B2641C21780029F5D170BD01004FF0E9
:1060D000000004D0012901D0022901D0032070471B
:1060E00001207047D0F8D422002100EB8200D0F8C4
:1060F000C00201730846704770B5104E04463178EF
:1061000000F03EF93078002500F00F0000EB800031
:1061100004EB800080F82350C561D4F8D40204EB6E
:106120008000D0F8C00238B100F02EFDD4F8D402BF
:1061300004EB8000C0F8C052002070BDA801002010
:106140000A21018000487047DC01002010B5044698
:1061500081210548FFF765FF08B10A2181712220DE
:106160002080014810BD0000AC01002010B504469D
:1061700081210548FFF755FF08B1072181712220D1
:106180002080014810BD0000AC01002010B504467D
:1061900081210548FFF745FF08B10A2181712220BE
:1061A0002080014810BD0000AC010020007C08B137
:1061B0000A207047082070472DE9F041044610205E
:1061C00000F0E4FC0500D4F8D4024FF0000704EB23
:1061D000800023D0C0F8C052C4F8BC52207C124EBC
:1061E00000B30A203178042301F00F0101EB810193
:1061F00004EB81010322C8613178204600F0E7F901
:106200003178012001F00F0101EB810104EB8101E4
:1062100081F823002F730020BDE8F081C0F8C07220
:106220000220F9E70720DDE7A801002010B513469A
:10623000D0F8D42200EB8202D2F8C02222B190F82A
:106240009C42032C02D00AE0032010BD147B34B919
:10625000012414730A460349097800F06EFA0020FD
:1062600010BD0000A801002038B50346D0F8D402C4
:10627000002403EB8000D0F8C002ADF8004030B13C
:106280000A7812F0600219D0202A51D101E00320CF
:1062900038BD4A78022A0ED0032A06D00A2A06D030
:1062A0000B2A45D18978016046E001222FE0498818
:1062B000090A416040E00122011D29E04A78062ACE
:1062C00010D003DC3AB1012A32D135E00A2A23D0BA
:1062D0000B2A2DD128E093F89C02032828D1022212
:1062E000694615E048882222B2EB102F05D1CA88F2
:1062F0004A2A00D94A22134809E02122B2EB102F82
:1063000016D11048CA881838092A00D9092201462E
:106310001846FFF785FD0FE093F89C22032A07D16A
:10632000012200F10801F3E793F89C22032A05D02B
:106330001846FFF75FFD0324204638BD8978816049
:10634000FAE70000E801002078B10023C0F8B83275
:10635000C0F8C432C0F8D03209B1C0F8B41201217B
:1063600080F89C12027000F0CBB80320704710B583
:10637000D0F8C802FBF7AAFFBDE81040FFF7A6BEA1
:1063800010B5D0F8C802FBF77CFFBDE81040FFF75E
:106390009DBE70B50446002521B194F89C020328E7
:1063A00046D050E0D4F8941204F11400022939D1F7
:1063B000818942688A420AD9511A416082890169F9
:1063C0001144016142682046FFF70CFD0FE0914245
:1063D00014D10068884211D3D4F8981288420DD2A3
:1063E000002211462046FFF7FDFCC4F89852002316
:1063F0001A461946204600F0F6F813E094F89C027D
:10640000032808D1D4F8B802C16821B1C4F8D45225
:10641000C168204688478021204600F06FF9204659
:10642000FFF7F3FC94F8A00268B184F8A0520AE0E8
:10643000D4F8B802426932B1C4F8D4524269204655
:106440009047002800D1002070BD10B504460022FE
:1064500021B194F89C02032834D03EE0D4F8941281
:1064600004F5AA70032938D1818943688B420ED97B
:10647000591A416082890169114401614268808929
:10648000824200D802462046FFF7A4FC25E094F89B
:10649000AA0210F01F0003D0012802D0022800D069
:1064A000002294F89C02032808D1D4F8B8020169AC
:1064B00021B1C4F8D4220169204688472046FFF75D
:1064C000BDFC0AE0D4F8B802836933B1C4F8D42221
:1064D000826920469047002800D1002010BD00208E
:1064E000704710B50024012180F89C12D0F8B82222
:1064F00022B152680179904700B10324204610BDB3
:1065000010B5017839BB15490222C1F8E004C0F882
:10651000C8124FF0A040086004200871CA71002022
:1065200088714A728872C87208738873C873084683
:10653000FCF74EFA08B1FAF747FA80210748FBF753
:1065400050FE402200210548FBF74FFE802201212A
:106550000248FBF74AFE002010BD0000502C00202E
:106560000A0601F07F01D0F8C80201EBC10100EB7F
:10657000810001D5807D704790F85602704710B5B4
:10658000D0F8D42200EB8202D2F8B82222B190F8DF
:106590009C32032B02D004E0032010BD126A02B12A
:1065A0009047002010BD10B5D0F8D42200EB820235
:1065B000D2F8B82222B190F89C32032B02D004E02A
:1065C000032010BD526A02B19047002010BD10B5E3
:1065D0001C461346D0F8C8022246FBF7A4FEBDE8CD
:1065E0001040FFF773BD10B5D0F8C802FBF7CCFE22
:1065F000BDE81040FFF76ABD2DE9F04100260125F6
:10660000044680F89C52C4F894626660C4F8A462A0
:1066100080F8A062D0F8B80230B1426822B10021FF
:106620002046904700B10326002240231146204611
:10663000FFF7CDFF402784F86351A4F860713B4613
:10664000002280212046FFF7C2FF84F823502784D0
:106650003046BDE8F08190F89C12042903D190F8EF
:106660009D1280F89C120020704710B590F89C1283
:10667000032905D1D0F8B81211B1C96901B1884711
:10668000002010BD01740020704710B5D0F8C8027A
:10669000FCF764FABDE81040FFF718BD70B504467A
:1066A00000F2AA20054600F051F80120C4F8940237
:1066B000B4F8B002C4F8980294F8AA0210F01F01CE
:1066C0000AD001290ED0022912D000F08001204604
:1066D000BDE8704000F012B829462046BDE8704081
:1066E00000F0D0B829462046BDE8704000F013BA4B
:1066F00029462046BDE8704000F05AB910B5D0F8E0
:10670000C802FBF75DFEBDE81040FFF7DFBC10B527
:10671000D0F8C802FCF73CFABDE81040FFF7D6BC41
:1067200090F89C12042903D090F89C1280F89D12D6
:10673000042180F89C120020704710B5D0F8C802E0
:10674000FBF777FEBDE81040FFF7C0BC70B505460B
:1067500011F8010B2870087868704C1C2046FEF771
:10676000E4FF6880A41C2046FEF7DFFFA880A01C81
:10677000FEF7DBFFE88070BD38B504460020ADF8B9
:106780000000A1B1C4F8B812D4F8D40204EB800020
:10679000D0F8B802C16A19B168468847C4F8D00277
:1067A000D4F8D802401CC4F8D802002038BD032019
:1067B00038BD02460020D2F8B832002B02D01B6848
:1067C00010461847704700002DE9F04188462B4ECF
:1067D0008978002504463170012906D941462046B2
:1067E000FFF708FB0320BDE8F08194F89C02022724
:1067F00002280CD003281DD041462046FFF7FAFAA4
:1068000031782046FFF7D8FA03252846EBE789B30D
:1068100020466160FFF7CDFF050004D041462046C9
:10682000FFF7E8FA1DE02046FFF708FB032084F895
:106830009C02EAE7C1B1606888421BD0C1B2204621
:10684000FFF7BAFA317820466160FFF7B2FF050022
:1068500010D041462046FFF7CDFA21792046FFF7B8
:10686000ABFA84F89C72D0E784F89C722046616091
:10687000FFF7A2FA2046FFF7E1FAC6E76C01002015
:10688000FFF745BF2DE9F0410A78002512F06002BC
:106890000CD0202A01D0402A7DD1D0F8D42200EBA0
:1068A0008202D2F8B8229268904731E04B780022F9
:1068B00001260A2B6FD2DFE803F041666E586E089E
:1068C000056E2D29FFF73AFB67E004468888D8B9A2
:1068D000C888C8B94888802816D200F07F0794F885
:1068E0009C02032810D084F89E7239462046FFF798
:1068F000CCFE2046FFF7A2FA1FB1022084F89C02CA
:106900004BE084F89C6248E0204644E0FFF75CFFDF
:10691000054642E0CB88012B3DD190F89C32012BFB
:1069200004D0022B02D0032B35D104E08260012277
:1069300000F1080116E00122011D13E090F89C22ED
:10694000012A03D0022A01D0032A24D1CA88022AAC
:1069500021D1C660D0F8A41209B10321C16002227E
:1069600000F10C01FFF75CFA17E04A88012A02D017
:10697000022A03D00FE0C0F8A46216E08988090A51
:1069800080F8A01211E090F89C32012B08D0022B65
:1069900006D0032B04D0FFF72DFA2846BDE8F0817E
:1069A00049880129F9D1C0F8A422FFF747FAF4E792
:1069B0002DE9F041054608780C790E464FF00008A5
:1069C00010F060000BD0202801D040286BD1214668
:1069D0002846FFF7FBF9FF2800D0D8B398E070787D
:1069E000C8B3012824D003285DD195F89C02022861
:1069F00002D0032857D10CE0002C54D0802C52D068
:106A000021462846FFF77AFE80212846FFF776FECA
:106A10007EE0708840B93CB1802C05D0C88818B998
:106A200021462846FFF76AFE2846FFF707FA6FE07F
:106A300095F89C020228DFD0032866D1708888BBB5
:106A4000600603D021462846FFF791FC2846FFF751
:106A5000F5F9BCE700E00AE0C5F8D402D5F8B802C1
:106A60008268FAB1314628469047804650E095F852
:106A70009C020027022802D0032846D114E00CB162
:106A8000802C42D1200604F07F0000EB800005EB53
:106A9000800101D5143101E001F5AA71022201F84B
:106AA0000E7F2EE034E030E0200604F00F0000EB13
:106AB000800005EB80000AD590F8230028B304F08D
:106AC0007F0000EB800005EB800614360AE090F8AA
:106AD0006301D0B104F07F0000EB800005EB80067D
:106AE00006F5AA764CB1802C07D021462846FFF740
:106AF00037FD10B10120B07300E0B773022206F138
:106B00000E012846FFF78CF902E02846FFF772F9DC
:106B10004046BDE8F08170B50546087800240E4671
:106B200010F0600003D0202801D0402827D195F82C
:106B30009C02012803D0022801D003281FD1B0886D
:106B4000C1B201291AD8C1B22846FFF741F9FF287E
:106B50000CD058B9D5F8B8128A683AB1C5F8D40241
:106B60008A68314628469047044600E00324F088AE
:106B7000204307D12846FFF761F903E03146284654
:106B8000FFF738F9204670BD704700000048704795
:106B90003C2C002070B50A78012302F00F054E78D6
:106BA000AB401B4CD0F81C58012E17D045EA0343CC
:106BB000C0F81C3800EB4210D0F8002B12040BD4A4
:106BC000D0F8002B0B890979C3F30A031A4344EA6E
:106BD00081410A43C0F8002B002070BD9BB21D43C9
:106BE000C0F81C5800EB4210D0F800391B04F3D455
:106BF000D0F800390D890979C5F30A0589042B43BA
:106C000041EA82510B432343C0F80039E4E7000016
:106C100000800010D0F800196FF30A01C0F80019C5
:106C2000D0F8041841F48071C0F8041800207047AF
:106C300070B50D460446C2F3072104981E4601298B
:106C40001BD0E06840F04000E060204600F032F8E1
:106C5000C6F307210029A16B26D021F48031A1635E
:106C6000C5F30741012907D1A16841F00601A160E0
:106C7000A16841F02001A16070BDA16B21F48031B9
:106C8000A163E1680A4A1140E160E16821F4401122
:106C9000E160C0B2012803D1E06840F48010E060F8
:106CA000204600F007F8DBE741F48031D7E7000029
:106CB000BFFFBDFF08B5002100914FF07061009A41
:106CC000521C00928A4210D80269002AF7DA0A227E
:106CD0000092521E0092FCD1026942F00102026150
:106CE000009A521C00928A4201D9032008BD026911
:106CF000D207F5D1002008BD30B54C780A780123C1
:106D000000EB4212012C2CD0D2F8004B002C0BDAF5
:106D1000D2F8004B44F00064C2F8004BD2F8004BAC
:106D200044F08044C2F8004BD0F83C580C7804F092
:106D30000F0403FA04F425EA0444C0F83C48D0F8F0
:106D40001C48097801F00F018B4024EA0341C0F888
:106D50001C18D2F8000B19490840C2F8000B00209B
:106D600030BDD2F80049002C0BDAD2F8004944F0CB
:106D70000064C2F80049D2F8004944F08044C2F8E7
:106D80000049D0F83C480D7805F00F0503FA05F5E9
:106D9000ADB2AC43C0F83C48D0F81C48097801F0CB
:106DA0000F018B4099B28C43C0F81C48D2F80009FF
:106DB00003490840C2F80009D1E700000078F3EF6A
:106DC000007833ECD0F8001E21F00301C0F8001E5B
:106DD000D0F8041821F00201C0F804180020704710
:106DE000D0F8001E21F00301C0F8001ED0F80418EE
:106DF00041F00201C0F80418002070472DE9F04F5F
:106E000000250E46044617462846294604EB800214
:106E1000C2F80411401C0F28F8D3C3F307405FEAFF
:106E20000009204616D0806B20F40012A263A06BEC
:106E300040F40022A263084688462146C4F8000EAA
:106E4000C7F30720012817D00846D1F8001841F0F1
:106E5000030118E0D0F8040840F00202C4F8042846
:106E6000A06B40F40012A263A06B20F40022A26386
:106E7000A06B20F48022DDE7300E0846D1F8001820
:106E800001D041F00101C0F80018102100F08BFA88
:106E900000B10125204600F06AFA00B10125404604
:106EA000C4F81088C4F81488C4F81C8800214FF076
:106EB000006B4FF0904E4FF67F3AF2B215E000BFF4
:106EC00004EB4113D3F800C9BCF1000F06DA11B18D
:106ED000C3F800E904E0C4F800B901E0C3F8000910
:106EE000C3F81009C3F808A9491C8A42E8D8002150
:106EF00015E000BF04EB4113D3F800CBBCF1000F49
:106F000006DA11B1C3F800EB04E0C4F800BB01E0FD
:106F1000C3F8000BC3F8100BC3F808AB491C8A4236
:106F2000E8D8D4F8101821F48072C4F81028A061B1
:106F30006FF080406061C6F3074018B9A06940F067
:106F40001000A061A0690A490843A061C7F3074087
:106F500018B1A06940F00800A061B9F1010F03D198
:106F6000A06904490843A0612846BDE8F08F0000ED
:106F700000383C8004000040816821F001018160FC
:106F80000020704710B5036C134CA34203D9D0F80E
:106F9000003B002B1EDB0023C0F8103BD0F8103B59
:106FA00043F40023C0F8103BD0F8103B43F0180323
:106FB000C0F8103BD0F8103B43F0C043C0F8103B82
:106FC000012907D1C0F8142BD0F8001B41F0802113
:106FD000C0F8001B002010BD0A30544F4A780B78CF
:106FE000012A00EB43100BD0D0F8002B22F4001242
:106FF000C0F8002B0979032914D0022912D017E018
:10700000D0F8002922F40012C0F8002909790329D8
:1070100001D002290CD1D0F8001941F08051C0F8FC
:10702000001905E0D0F8001B41F08051C0F8001BAA
:10703000002070470A784B78D1B200EB4110012B49
:1070400012D0D0F8001B002906DB2AB1D0F8001BB3
:1070500021F08041C0F8001BD0F8001B41F4001162
:10706000C0F8001B00207047D0F80019002906DB8B
:107070002AB1D0F8001921F08041C0F80019D0F8E9
:10708000001941F40011C0F80019EBE7F8B50C78CD
:107090004F788B4DE3B26FF0604600EB4313012F46
:1070A00029D0D3F8107B6FF31207C3F8107BD3F805
:1070B000107B2F40C3F8107B002C7DD00D69002D74
:1070C0007BD08C6825446D1EB5FBF4F5ADB26C43E6
:1070D0000C62D3F8104B06EAC5452C43C3F8104B9D
:1070E000D3F8104B0D6AC5F312052C43C3F8104BAF
:1070F000012A70D0CBE00F69EFB1D3F810796FF3AC
:107100001207C3F81079D3F810792F40C3F810791B
:107110000CB30F698D682F447F1EB7FBF5F5D3F8CC
:107120001079ADB206EAC5463743C3F810790E7937
:10713000012E1CD02AE0D3F810692E40C3F8106944
:10714000D3F8105945F40025C3F81059D3F8105955
:107150006FF3120520E00E698D68AE4200D90D6113
:10716000D0F8105945F40026C0F810690EE0D3F8A5
:10717000106926F0C046C3F81069D3F810694FF0C3
:10718000C04707EA45752E43C3F81069D3F8105974
:107190000E69C6F312063543C3F81059012A1BD0F5
:1071A00000EB4413D3F8004944F00444C3F8004909
:1071B0000C79012C31D001E044E057E00A695AB360
:1071C000D0F83428097801F00F03012199400A43CF
:1071D000C0F8342871E056E0CA691AB100EB4413D4
:1071E000C3F81429097901290ED1D0F80818C90566
:1071F00000EB4411D1F8002902D442F0005201E022
:1072000042F08052C1F8002900EB4410D0F8001978
:1072100041F00441C0F800194FE0D0F80848E405F7
:10722000D3F8004902D444F0005401E044F0805403
:10723000C3F8004900920A8A93B20A78C96800F03C
:10724000DFF93AE00C690CB18C680C618C680C6257
:10725000D0F8105BC4F312042543C0F8105BD0F8DB
:10726000104B44F40024C0F8104B41E7D3F8104B06
:107270008D68C5F312052C43C3F8104BD3F8104B9F
:1072800044F4002432E7CA680AB1C3F8142B097920
:1072900001290CD1D0F80808C005D3F8000B02D49E
:1072A00040F0005001E040F08050C3F8000BD3F8EC
:1072B000000B40F00440C3F8000B0020F8BD0000B4
:1072C000FFFF07E038B50022009213464D780A7898
:1072D00042F2107400EB4212012D19D0D2F8005B7B
:1072E000002D3CDAD2F8005B45F00065C2F8005B87
:1072F0000A7800EB4212D2F8005B45F08045C2F8F4
:10730000005B009A521C0092A24221D9012326E080
:10731000D2F80059002D22DAD2F8005945F0006564
:10732000C2F800590A7800EB4212D2F8005945F031
:107330008045C2F80059009A521C0092A242E5D83A
:107340000A7800EB4212D2F80029002AF3DB06E0AB
:107350000A7800EB4212D2F8002B002AD1DB184643
:1073600038BD816841F0010181600020704708B597
:1073700000214FF070620091009B5B1C00939342D0
:107380000AD80369002BF7DA0091102101610099F6
:10739000491C0091914201D9032008BD0169C90629
:1073A000F5D4002008BD18B500224FF0706300929C
:1073B000009C641C00949C420CD80469002CF7DAF1
:1073C0000092202242EA811101610099491C00913A
:1073D000994201D9032018BD01698906F5D400201E
:1073E00018BDD0F8080810F0060004D0022803D019
:1073F000062801D00F20704702207047406900F036
:1074000001007047D0F81818D0F81C08084080B266
:107410007047D0F81818D0F81C080840000C7047C6
:1074200010B5D0F81038D0F8342801F00F0400EB74
:107430004110E24002F00102D0F8080943EAC2120A
:10744000104010BD00EB4111D1F8081BD0F8140812
:1074500008407047416980690840704730B503466D
:107460000846940802F00301002203F5805303E06C
:107470001D6840F8045B521CA242F9D300290BD0CE
:107480001C680022D50024FA05F3491E521C090489
:1074900000F8013B090CF5D130BD70B50446C06859
:1074A000002520F0C040E060012901D079B120E042
:1074B000E06840F00050E0600A20F9F7E7FF6069FB
:1074C0000A3510F0010F10D1C82DF5D30DE0E0689A
:1074D00040F08040E0600A20F9F7D8FF60690A3583
:1074E00010F0010F01D0C82DF5D3C82D01D0002018
:1074F00070BD012070BDD0F8002822F4FE62C0F8F3
:107500000028D0F800284FF4FE6303EA01110A4373
:10751000C0F8002800207047022A3ED1264A274B97
:107520000A449A4201D20F2138E0254A254B0A44E9
:107530009A4201D20E2131E0234A244B0A449A4256
:1075400001D20D212AE0224A224B0A449A4201D25A
:107550000C2123E0204A214B0A449A4201D20B21FC
:107560001CE01F4A1F4B0A449A4201D20A2115E02F
:107570001D4A1E4B0A449A420FD31D4A1D4B0A4412
:107580009A4201D2082109E01B4A11441B4A914248
:1075900001D2072102E0062100E00921C26822F49D
:1075A0007052C260C2684FF4705303EA81210A43EB
:1075B000C260002070470000405327FF00350C00D8
:1075C000401E1BFF40420F0000DC0BFF804F1200EB
:1075D000808CF9FE20D6130060B6E5FE60E316004D
:1075E00000D3CEFE40771B00C05BB3FEC0912100EC
:1075F00000CA91FE20753800E05459FEE09C41001D
:1076000010B5029C74B9DB1C9C0800EB023000230F
:1076100000F5805004E000BF51F8042B02605B1CB1
:10762000A342F9D3002010BD0C4A0168914214D145
:107630000A68D243D20610D46FF010020A600849DB
:1076400009684968084B4A4206490978521A1944A0
:10765000D2B24FF0FF33FCF71BBF70470010014060
:107660000007002010000020B8050020FEE7000001
:107670000FB4054B10B503A9044A029800F028F88E
:1076800010BC5DF814FB0000B58B00083802002028
:107690000907090E002804DB00F1E02080F800143F
:1076A000704700F00F0000F1E02080F8141D7047D3
:1076B00002E008C8121F08C1002AFAD170477047BB
:1076C000002001E001C1121F002AFBD17047000019
:1076D0002DE9FF4F8DB00F460546002606E0252810
:1076E0000BD0DDE90F1290476D1C761C287800281E
:1076F000F5D111B03046BDE8F08F0024A246A14676
:107700000122EC4900E0044315F8013F203B02FA56
:1077100003F00842F7D128782A2810D06FF02F0202
:107720002878A0F13001092914D80AEB8A0102EB6C
:10773000410144F0020400EB010A6D1CF0E701CFA7
:107740005FEA000A03D544F40054CAF1000A44F089
:1077500002046D1C28782E2817D115F8010F44F06B
:1077600004042A280ED06FF02F022878A0F13001EF
:1077700009290AD809EB890102EB410100EB010953
:107780006D1CF2E757F8049B6D1C28786C280FD00D
:1077900006DC4C2817D068280DD06A2814D104E0E4
:1077A000742810D07A280FD10DE044F400140AE0B8
:1077B00044F4801401E044F440146978814202D119
:1077C00004F580146D1C6D1C2A786E2A1FD00CDC09
:1077D000632A31D004DC002A8BD0582A11D1A3E0CF
:1077E000642A68D0692A0CD165E0732A2ED004DCA3
:1077F0006F2A73D0702A04D19BE0752A6FD0782A43
:107800006ED01046DDE90F129047761C50E1C4F3AC
:107810000250022806D0032809D0042801CF09D03D
:10782000066045E101CFF117C0E9006140E101CFF9
:1078300006803DE106703BE117F8040B8DF800006F
:1078400000208DF80100EB46012003E057F804BB4F
:107850004FF0FF3061074FF0000102D40DE008F156
:107860000101884649450FDA8045F8DB1BF808100E
:107870000029F4D108E008F1010188468142FADBD1
:107880001BF808100029F6D1DDE90F23AAEB080048
:107890008146214600F036F9304400EB080604E04A
:1078A000DDE90F121BF8010B9047B8F10108F7D280
:1078B00021464846F7E00A21C4F302534FF0000B7B
:1078C0000891022B04D001CFC117032B09D00AE085
:1078D000FF1D27F00707F7E8020108E032E01FE08C
:1078E00020E000B2C117042B01D140B2C117031E22
:1078F00071F1000307DA4FF0000CD0EB0C006CEBD9
:1079000001012D2302E0230504D52B238DF824301B
:10791000012303E0E30701D02023F7E7984658E06E
:107920000A2110E010210EE010204FF0000B08900B
:107930000CE010214FF0000B44F004044FF0080954
:10794000089103E008214FF0000B0891C4F30253A3
:10795000022B04D001CF0021032B06D006E0FF1D2F
:1079600027F00707F7E8020103E080B2042B00D1FB
:10797000C0B24FF0000823072BD5702A07D0DDF8DE
:1079800020C08CF0100C5CEA0B0C05D00EE04023FC
:107990008DF82430012308E050EA010306D030239B
:1079A0008DF824308DF8252002239846DDF820C07C
:1079B0008CF0080C5CEA0B0C0BD150EA010301D1EE
:1079C000630706D530238DF824304FF00108A9F164
:1079D0000109582A04D038A20B9208AA0A920BE097
:1079E0003AA2F9E75B46089AF8F7EAFB0B9B9B5C27
:1079F0000A9A521E0A92137050EA0102F2D10A98B2
:107A0000ADEB000000F1200B600702D524F48034B8
:107A100001E04FF00109D94502DDA9EB0B0000E0C0
:107A2000002000EB0B0141440890AAEB010AE0039F
:107A300006D4DDE90F232146504600F063F80644E2
:107A40004FF0000908E009A911F80900DDE90F125B
:107A5000904709F10109761CC145F4DBE0030CD520
:107A6000DDE90F232146504600F04CF8064404E0BF
:107A7000DDE90F1230209047761C0899481E0890C7
:107A80000029F5DC08E00A980A990078491C0A9157
:107A9000DDE90F129047761CBBF10001ABF1010B41
:107AA000F1DC21465046DDE90F2300F019F80644C9
:107AB0006D1C1BE60928010030313233343536376E
:107AC000383961626364656600000000303132332A
:107AD00034353637383941424344454600000000CA
:107AE0002DE9F041044600251E461746880404D4BB
:107AF00005E039462020B0476D1C641EF9D52846A4
:107B0000BDE8F0812DE9F041044600251E4690466F
:107B1000C80301D5302700E02027880404D505E0FC
:107B200041463846B0476D1C641EF9D52846BDE86D
:107B3000F081000070B514480C461546416839B113
:107B4000204604F067FC11A0FFF792FD284670BDA7
:107B50001DB1204608F07EFEF8E744600021204673
:107B600004F040FD0F49204608F034F90E49204644
:107B700005F0B8F9201D01F005FE0146228B0BA08F
:107B8000FFF776FDE2E70000280000200D0A2061E3
:107B90006C726561647920636F6E6E656374656491
:107BA0002E200000B5BF0008017D00080D0A202529
:107BB000733A256420636F6E6E6563742E00000057
:107BC00070B505460C46880706D006A34FF4B6727A
:107BD00010A118A0FFF74CFDA86800682060A868F5
:107BE000046070BD2E2E2F4D6964646C65776172E0
:107BF00065732F54686972645F50617274792F4C99
:107C00007749502F7372632F636F72652F6D656DA7
:107C1000702E63006D656D705F667265653A206DEC
:107C2000656D2070726F7065726C7920616C696728
:107C30006E656400417373657274696F6E202225EE
:107C40007322206661696C6564206174206C696EC2
:107C50006520256420696E2025730A0010B58068B0
:107C60000468002C0CD021680160A00706D005A391
:107C70004FF48C720FA118A0FFF7FAFC204610BD3C
:107C8000002010BD2E2E2F4D6964646C65776172E3
:107C900065732F54686972645F50617274792F4CF8
:107CA0007749502F7372632F636F72652F6D656D07
:107CB000702E63006D656D705F6D616C6C6F633A03
:107CC000206D656D702070726F7065726C792061C7
:107CD0006C69676E65640000417373657274696FE7
:107CE0006E2022257322206661696C6564206174B0
:107CF000206C696E6520256420696E2025730A005A
:107D000010B50C4606A0FFF7B3FC14F10E0F05D119
:107D100009484068BDE8104008F09CBD10BD000057
:107D20000D0A206572726F725F63616C6C626163D1
:107D30006B3A25642E0000002800002070B5094D24
:107D40000646002404EB440005EBC000017D29B188
:107D50008068B04202D1204600F036F9641C0A2C3B
:107D6000F0DB70BD70B200202DE9F74F84B04FF00A
:107D70000A0B00240646DA465F46D946029401946F
:107D8000CDF80040514904EB440001EBC0080390DA
:107D900098F814500A2F1DD0002D2AD0012D08D09C
:107DA000022D06D24AA340F2231257A166A0FFF784
:107DB0005FFC9EB13168D8F8040081420ED106986C
:107DC00020B1D8F808100698814207D1204607B0A4
:107DD000BDE8F08F002DE1D127460AE0012D16D035
:107DE000022D06D3B8F812000099884201D3A246AA
:107DF0000090641C24B20A2CC4DB059881074FF064
:107E0000FF30E4D40A2F16D018DA3C463EE02F4962
:107E1000039851F830000028B8F8120005D00299F4
:107E20008842E6D3A1460290E3E701998842E0D375
:107E3000A3460190DDE70599C907C8D05146BAF1BC
:107E40000A0F0EDA0C46214801EB440150F83100CC
:107E500080B11FA340F26D1245A13BA0FFF708FCC3
:107E600008E05946BBF10A0F03DB4946B9F10A0F96
:107E7000ADDA0C460A2C06DB15A340F27F1242A1B4
:107E800031A0FFF7F5FB204600F09EF80A2C06DB38
:107E90000FA340F283123CA12BA0FFF7E9FB0B4894
:107EA00004EB440100EBC105287D30B108A34FF479
:107EB000C2723AA124A0FFF7DBFB0EB13068686004
:107EC000002068820698A86080E7000070B2002059
:107ED0002E2E2F4D6964646C6577617265732F5423
:107EE000686972645F50617274792F4C7749502FC2
:107EF0007372632F636F72652F697076342F6574A8
:107F0000686172702E6300007374617465203D3D7A
:107F1000204554484152505F53544154455F5045A9
:107F20004E44494E47207C7C207374617465203E2A
:107F30003D204554484152505F53544154455F538E
:107F40005441424C45000000417373657274696F7F
:107F50006E2022257322206661696C65642061743D
:107F6000206C696E6520256420696E2025730A00E7
:107F70006172705F7461626C655B695D2E71203D3A
:107F80003D204E554C4C000069203C204152505F32
:107F90005441424C455F53495A4500006172705F3D
:107FA0007461626C655B695D2E7374617465203DFC
:107FB0003D204554484152505F53544154455F451C
:107FC0004D5054590000000070B5074C00EB4005BF
:107FD000002654F8350018B103F0EAFC44F8356087
:107FE00004EBC500067570BD70B200202DE9F043AA
:107FF00085B00D00074609D07C684FF48078208852
:10800000404539D12079062836D109E01CA340F239
:108010008A2229A12CA0FFF72BFB05B0BDE8F08335
:108020006079042828D16088082825D1D4F80E006A
:108030000490A169686820B1814202D101263346CB
:1080400001E00026022304F10802914604A9284613
:1080500000F0A2FBE08840450ED16EB1022204ABD5
:10806000CDE90232291DCDE9001905F12603194693
:108070004A46284600F090FA384603F099FCCCE7CF
:108080002E2E2F4D6964646C6577617265732F5471
:10809000686972645F50617274792F4C7749502F10
:1080A0007372632F636F72652F697076342F6574F6
:1080B000686172702E6300006E6574696620213DF0
:1080C000204E554C4C000000417373657274696F0B
:1080D0006E2022257322206661696C6564206174BC
:1080E000206C696E6520256420696E2025730A0066
:1080F000FEB515460E46040006D143A340F21E32DB
:108100004FA153A0FFF7B4FA36B93FA340F21F3294
:1081100059A14FA0FFF7ACFA35B93BA34FF4487211
:1081200058A14BA0FFF7A4FA2146286800F0D2FE20
:1081300008B1584B3FE02868C0F303110E2925D041
:10814000A168636800EA01020B409A4208D080B23D
:10815000A0F57E41A93903D0E068B0B304F10C0565
:108160004D4B4E481A7802EB420100EBC1010F7DE6
:10817000022F2ED38F68A7422BD12F6849688F42D8
:1081800027D13146204600F08BF8FEBD01208DF846
:10819000040000208DF805005E208DF80600687848
:1081A00001AB00F07F008DF80700A8788DF808007B
:1081B000E8788DF809004FF40060009004F1260281
:1081C0003146204600F014FCFEBDFFE76FF00300CF
:1081D000FAE7002202EB420100EBC1010F7D022F02
:1081E00008D38F68A74205D12F6849688F4201D113
:1081F0001A70C6E7521CD2B20A2AEBD3324629467D
:10820000204600F0D5F8DFE72E2E2F4D6964646C10
:108210006577617265732F54686972645F5061722B
:1082200074792F4C7749502F7372632F636F726587
:108230002F697076342F6574686172702E63000048
:108240006E6574696620213D204E554C4C0000003F
:10825000417373657274696F6E20222573222066E4
:1082600061696C6564206174206C696E65202564A9
:1082700020696E2025730A007120213D204E554C47
:108280004C00000069706164647220213D204E55ED
:108290004C4C0000A42101086001002070B20020B5
:1082A0002DE9F8430646154688461C4802EB450171
:1082B00000EBC104207D022806D219A340F2EE2271
:1082C00025A131A0FFF7D4F9144A05EB4501207D23
:1082D00002EBC1050C35022813D1608A0327B0F5E3
:1082E0008E7F04D9211D304600F010FA07E0B0F56A
:1082F000877F06D32A46211D304600F00DFA00B9CB
:1083000027754FF4006000902B4606F12602414687
:10831000304600F06DFBBDE8F883000070B200202D
:108320002E2E2F4D6964646C6577617265732F54CE
:10833000686972645F50617274792F4C7749502F6D
:108340007372632F636F72652F697076342F657453
:10835000686172702E6300006172705F7461626C9C
:10836000655B6172705F6964785D2E7374617465BA
:10837000203E3D204554484152505F53544154459E
:108380005F535441424C4500417373657274696F89
:108390006E2022257322206661696C6564206174F9
:1083A000206C696E6520256420696E2025730A00A3
:1083B0002DE9FC5F8246263001900E46086814467F
:1083C0004FF0FF374FF0000B514600F083FD80B9AE
:1083D0003068C0F303110E290BD056B148B1524694
:1083E00001213046FFF7C0FC050005D540B2BDE8CD
:1083F000FC9F6FF00F00FAE77F2D06D337A340F202
:10840000C13244A147A0FFF733F905F0FF094F49F6
:1084100009EB490801EBC805287D00280ED001288A
:1084200008D0022806D22DA340F2CD3248A13DA0AB
:10843000FFF71EF9BBF1000F06D104E001202875FB
:10844000C5F808A000E034B93146504600F05EF9A6
:108450000746002CCBD0287D3C4E02280ED346493F
:108460004FF4006005F10C0381F800900090214664
:108470005046019A00F0BCFA07462DE001282BD1A6
:10848000254640F2F13768892989884207D1286852
:1084900028B112A33A4639A122A0FFF7E9F8287BB8
:1084A000400607D522464FF420710E2003F0B6F89F
:1084B000044605E02D68002DE5D1204603F0F6FBCB
:1084C00044B156F8380008B103F072FA46F8384063
:1084D000002701E04FF0FF37384688E72E2E2F4D5A
:1084E0006964646C6577617265732F54686972643E
:1084F0005F50617274792F4C7749502F7372632FDC
:10850000636F72652F697076342F6574686172705D
:108510002E63000074797065206F766572666C6FEB
:1085200077000000417373657274696F6E202225B5
:108530007322206661696C6564206174206C696EC9
:108540006520256420696E2025730A0070B2002022
:108550006172705F7461626C655B695D2E737461DA
:108560007465203D3D2050454E44494E47206F7272
:1085700020535441424C4500600100206E6F207032
:1085800061636B65742071756575657320616C6CD2
:108590006F776564210000002DE9FF4F81B0984698
:1085A000DDE90FA9DDF838B006004FF0000706D16D
:1085B0002CA340F2574239A13CA0FFF759F84FF4E1
:1085C00020721C210E2002F0F9FD050046D06889BA
:1085D0001C2806D223A340F262423EA133A0FFF73B
:1085E00047F86C68119801F02FFDE08096F82C0098
:1085F000062806D01BA340F2694243492BA0FFF78F
:1086000037F8D8F80010A160B8F80400A081DAF8B3
:108610000010C4F81210BAF80400E082DBF8000081
:10862000C4F80E00D9F80000A0614FF480702080DB
:1086300008206080062020710420607140F606004A
:10864000DDE9022300902946304600F0D1F92846A2
:1086500003F0AEF9384605B0BDE8F08F4FF0FF30BB
:10866000F9E700002E2E2F4D6964646C6577617206
:1086700065732F54686972645F50617274792F4C0E
:108680007749502F7372632F636F72652F6970760D
:10869000342F6574686172702E6300006E657469B2
:1086A0006620213D204E554C4C00000041737365FF
:1086B0007274696F6E2022257322206661696C6571
:1086C00064206174206C696E6520256420696E20C9
:1086D00025730A00636865636B20746861742066A3
:1086E0006972737420706275662063616E20686FB2
:1086F0006C64207374727563742065746861727041
:108700005F6864720000000080230108014A00F0E5
:1087100003B80000A42101087FB5064D031D012404
:10872000CDE90035CDE9021422331946FFF734FFB5
:1087300004B070BDAA21010870B5164D002400BF19
:1087400004EB440005EBC002117DF1B1508A401CDE
:1087500080B25082B0F5967F0AD2012906D0032953
:108760000AD004290AD001290BD00EE0052808D32D
:108770002046FFF729FC08E0042000E002201075E5
:1087800003E0111D9068FFF7C1FF641C0A2CD7DBC2
:1087900070BD000070B20020F8B5044690F82C00BF
:1087A0001F4616460D46062806D020A340F2A91201
:1087B0002CA135A0FEF75CFF9DB1286888B1214649
:1087C00000F088FB68B92878C0F303100E2808D0A1
:1087D000224639462846FFF7C7FA002804DA40B295
:1087E000F8BD6FF00F00F8BD00EB400130480223E8
:1087F00000EBC102137594603368D360B3881382B1
:108800000023538250F8315075B140F831304FF4A5
:1088100000600090334604F126022946204600F00D
:10882000E7F8284603F0C4F80020F8BD2E2E2F4D9F
:108830006964646C6577617265732F5468697264EA
:108840005F50617274792F4C7749502F7372632F88
:10885000636F72652F697076342F6574686172700A
:108860002E6300006E657469662D3E6877616464EE
:10887000725F6C656E203D3D204554485F4857410E
:108880004444525F4C454E00417373657274696F86
:108890006E2022257322206661696C6564206174F4
:1088A000206C696E6520256420696E2025730A009E
:1088B00070B200202DE9F041044640890E270D4694
:1088C0000E283CD9E07B18B995F83000401CE073C5
:1088D000606801788689CA0714D0012905D006226C
:1088E0001C49F7F7E4FC48B10CE0417851B98078B5
:1088F0005E2807D1607B40F0100002E0607B40F012
:1089000008006073082E03D0B6F5C16F17D10DE0D3
:1089100095F82D00000712D53946204603F00CFAD1
:1089200068B92946204600F01DFC10E095F82D009E
:10893000000704D53946204603F0FEF918B1204659
:1089400003F036F803E029462046FFF74FFB0020EE
:10895000BDE8F081A421010870B59AB006466421F3
:108960006846F7F799FC00252C461F48FBF73AFEAE
:1089700096F82D1049070DD5012809DC1A48E8386A
:10898000F9F778F8304602F057FA304602F0ACFAC0
:108990001AB070BD0128FBDD4FF40061CA00022847
:1089A00006D0032805D0042805D00528F0D103E01F
:1089B0000C46154600E00C460B486946E838F8F7C7
:1089C00077FD0948CDE905546946E838F8F7DDFF39
:1089D0000548E838F9F710F8304602F03BFB30461E
:1089E00002F0D8FAD4E70000E07C002070470000D5
:1089F0002DE9F04104461F4690460E46069801F0C8
:108A000023FB05460E21304602F074FB18B16FF0CF
:108A10000100BDE8F0817068858139680160B9881E
:108A20008180D8F80020C0F80620B8F804104181F1
:108A300094F82C00062806D006A34FF4997213A1CF
:108A40001FA0FEF715FE31462046A269BDE8F041A1
:108A5000104700002E2E2F4D6964646C657761729B
:108A600065732F54686972645F50617274792F4C1A
:108A70007749502F7372632F6E657469662F657422
:108A80006865726E65742E63000000006E6574691F
:108A9000662D3E6877616464725F6C656E206D75EB
:108AA0007374206265203620666F72206574686575
:108AB000726E65745F6F75747075742100000000CC
:108AC000417373657274696F6E202225732220666C
:108AD00061696C6564206174206C696E6520256431
:108AE00020696E2025730A0010B5040006D10BA37F
:108AF00040F2731210A114A0FEF7BAFD732084F89F
:108B00002E00742084F82F00194860611948A06174
:108B1000204601F0B1F9002010BD00002E2E2F4C90
:108B20005749502F5461726765742F657468657278
:108B30006E657469662E63006E6574696620213DFA
:108B4000204E554C4C000000417373657274696F80
:108B50006E2022257322206661696C656420617431
:108B6000206C696E6520256420696E2025730A00DB
:108B7000F1800008999F0008F8B50C4F05460026C3
:108B80000096387818B969460948F8F721FE009C24
:108B9000002C09D02A692946204690470028EFD0AA
:108BA000204602F005FFEBE7F8BD00008000002042
:108BB000F87B002013B54FF0FF33012269460248CD
:108BC000FBF766FC00981CBDB80600200A4603218E
:108BD00000F0F4B82DE9FE4F8A4644490446D1F826
:108BE000088098F800000007850E142D79D360895D
:108BF000042876D360680078002872D0082870D1E5
:108C0000486901F11407C0F303120E2A69D089469E
:108C1000096800F05FF9002863D12089082860D333
:108C200005F10E010E46204602F064FA002830D00D
:108C30002089411989B2884253D84FF420720E20FE
:108C400002F0BCFA06004CD0718905F1080081429F
:108C500016D32A4641467068F7F7F6FA2946304699
:108C600003F06AF8002806D021A3B6222EA13CA06A
:108C7000FEF7FEFC04E02146304602F01DFD18B16F
:108C8000304602F095FE2CE0204602F091FE34467C
:108C90000CE03146204603F04FF8002806D014A31C
:108CA000C72239A12EA0FEF7E3FC1AE02946204690
:108CB000666802F01FFAA0B960683968FF22C160D7
:108CC000D9F8101001610021317071800272418168
:108CD00001228DE806040A46FF233946204600F0AB
:108CE00011FB2046BDE8FE4F02F062BE347D00203D
:108CF0002E2E2F4D6964646C6577617265732F54F5
:108D0000686972645F50617274792F4C7749502F93
:108D10007372632F636F72652F697076342F696386
:108D20006D702E630000000069636D705F696E7086
:108D300075743A206D6F76696E6720722D3E706192
:108D4000796C6F616420746F2069636D7020686551
:108D500061646572206661696C65640A00000000E8
:108D6000417373657274696F6E20222573222066C9
:108D700061696C6564206174206C696E652025648E
:108D800020696E2025730A0069636D705F696E70DB
:108D900075743A20726573746F72696E67206F72B2
:108DA0006967696E616C20702D3E7061796C6F61CE
:108DB00064206661696C65640A0000002DE9FF4764
:108DC0009146884606464FF420722421222002F064
:108DD000F5F9050031D06889242806D218A34FF48C
:108DE000B47225A12FA0FEF743FC6C6877681C22A3
:108DF00084F8008084F801904FF00008A4F8048003
:108E0000A4F80680686871680830F7F71DFAF868FA
:108E1000039003A800F086FC60B1A4F80280012250
:108E2000CDF80080CDE90120FF2303AA00212846C8
:108E300000F068FA284602F0BBFDBDE8FF8700009D
:108E40002E2E2F4D6964646C6577617265732F54A3
:108E5000686972645F50617274792F4C7749502F42
:108E60007372632F636F72652F697076342F696335
:108E70006D702E6300000000636865636B2074688A
:108E80006174206669727374207062756620636114
:108E90006E20686F6C642069636D70206D657373FC
:108EA00061676500417373657274696F6E20222576
:108EB0007322206661696C6564206174206C696E40
:108EC0006520256420696E2025730A000A460B215F
:108ED000FFF774BF421C12D088B191F82D20920781
:108EE0000BD54B68834208D0896800EA01020B4029
:108EF0009A4202D10143491C01D000207047012051
:108F0000704700002DE9F74F88B004460998002506
:108F10001426808CAF1F1438C11700EB5170C0F3BA
:108F2000CF00039060680690017801F00F010529D9
:108F300003D038460BB0BDE8F08F6189142907D201
:108F40005BA34FF43F7269A16FA0FEF791FBF0E7BE
:108F5000C08801F079F8C0F30C0100F400500291D0
:108F60000790208914381FFA80F88EE003984FF696
:108F7000FF7101EAC0004146404500D9084604900F
:108F80004FF4207214210E2002F018F95FEA000A53
:108F90007ED0BAF80A00142806D245A34FF44972CD
:108FA00063A159A0FEF764FB1422DAF804000699C5
:108FB000F7F74AF9DAF804000590049F35E0608974
:108FC000811B8DB2B04206D239A340F22D3260A18E
:108FD0004DA0FEF74DFBAF4200D23D461DB305202C
:108FE00001F072FC5FEA000957D060684B463044DC
:108FF000CDE9000541222946002002F051FA5FEA3E
:10900000000B50D0204602F051FE5549C9E9041426
:109010005946504602F060FA781B07043F0C06D010
:1090200000262468CBE724680026002FC7D17019DA
:1090300086B20998808C143840450298C0F30C0021
:1090400001DB079909B140F4005000F0FDFF0599DC
:10905000C8800498143080B200F0F6FF059948806B
:10906000059800214181099851460A9A4369984719
:10907000504602F09DFC0499A8EB01001FFA80F80D
:10908000DDE90201084480B20290B8F1000F00E06F
:1090900006E07FF46BAF00204CE7504602F088FCFE
:1090A0004FF0FF3046E7484600F0AEFBF5E7000022
:1090B0002E2E2F4D6964646C6577617265732F5431
:1090C000686972645F50617274792F4C7749502FD0
:1090D0007372632F636F72652F697076342F6970B6
:1090E000345F667261672E63000000006970345F50
:1090F0006672616728293A207062756620746F6F06
:109100002073686F72740000417373657274696FC5
:109110006E2022257322206661696C65642061746B
:10912000206C696E6520256420696E2025730A0015
:1091300074686973206E6565647320612070627560
:109140006620696E206F6E65207069656365210019
:10915000702D3E6C656E203E3D20706F666600008F
:10916000E19D00082DE9F047456807460E4628783E
:109170000421B1EB101F03D0384602F019FC77E050
:1091800000074FEA9068688800F05EFF044638895F
:10919000A04203D92146384602F0EEFC79894145C8
:1091A000EAD33889A042E7D3B8F1140FE4D3296990
:1091B000DFF81C91C1F303100E28C9F81410EA68F7
:1091C000C9F8102005D0304600F086F850B134467A
:1091D00019E096F82D00C00702D070680028F6D17B
:1091E000002410E099F8140000247F280BD039489F
:1091F000046806E0B44203D0204600F06DF810B9D0
:109200002468002CF6D13146D9F81000FFF762FE31
:109210000028B1D199F81000C0F303100E28ABD08C
:10922000002CA9D0E88830F0C00005D0384600F006
:1092300035F907001CD07D68C9F80850C9E9004617
:10924000297838460907890EA9F80C10414602F022
:1092500073FD687A012818D0062811D011280AD089
:109260004D462146D9F81400FFF734FE90B11EE0B8
:109270000020BDE8F0873146384608F0C1FD19E00E
:109280003146384603F0C6FF14E031463846FFF752
:10929000A1FC0FE0287DC0F303100E2807D0414643
:1092A000384602F051FC02213846FFF78FFC384661
:1092B00002F07EFB0021C9F80010C9F80410C9F8BB
:1092C0000810A9F80C10C9F81010C9F81410CFE74D
:1092D000347D0020FC00002010B590F82D10C90747
:1092E0000CD0416851B1064A52698A4204D0014605
:1092F0001046FFF7EFFD08B1012010BD002010BDA2
:10930000347D0020FEB5DDE90954089E1AB109B18B
:109310000F6807B9211D0096CDE9015400F002F84D
:10932000FEBD00002DE9F84F0546DDE90BA8807B66
:10933000DDF828B01F4616468946012806D02FA31F
:109340004FF455723AA13DA0FEF792F96FF0010477
:10935000002E35D01421284601F0CCFE002832D151
:1093600068896C68142806D224A34FF462723DA168
:1093700032A0FEF77DF9277284F809A030682061D9
:109380004520207084F801B0288900F05DFE414F2F
:1093900060804FF0000AA4F806A0388800F054FE60
:1093A000A0803888401C3880B9F1000F05D0D9F86A
:1093B0000000E060A4F80AA00CE037480068F8E775
:1093C0006889142802D22046BDE8F88F68686E4686
:1093D00000690090B8F8240040B12989814205D97C
:1093E000324641462846FFF78DFDEDE7D8F81430A8
:1093F0004046324629469847E6E700002E2E2F4D7C
:109400006964646C6577617265732F54686972640E
:109410005F50617274792F4C7749502F7372632FAC
:10942000636F72652F697076342F6970342E630014
:10943000702D3E726566203D3D203100417373659D
:109440007274696F6E2022257322206661696C65D3
:1094500064206174206C696E6520256420696E202B
:1094600025730A00636865636B2074686174206605
:109470006972737420706275662063616E20686F14
:109480006C64207374727563742069705F686472B1
:109490000000000062010020AC2201082DE9F05F0D
:1094A00045688346287800F00F0005287DD1E888BC
:1094B00000F0CAFDC004070C688800F0C5FD2978DB
:1094C0000907890E814270D8401A1FFA80F8584661
:1094D00002F09AF86A4C0646208830440A2809D9D6
:1094E0003146284600F026FC00285ED02088304413
:1094F0000A28E8D8A14664684FF0000A0CE06069C9
:10950000E968884207D1A0692969884203D1A08906
:10951000A988884203D02468002CF0D106E02CB141
:10952000E88800F091FDC0041BD025E0042001F084
:10953000CBF904000AD13146284600F0FBFBB042CB
:1095400033DB042001F0C0F90400CED02021F6F76F
:10955000A3FE0F20E077D9F804102160C9F8044079
:1095600004E0E08900F070FDC00405D01422294613
:1095700004F10800F6F768FEA87940F340156D1C69
:1095800008D007EB080080B2B84263D34FF6EB7106
:1095900088425FD82A465946204600F07DF9411C92
:1095A00058D0B9F80020324400E064E0A9F8002067
:1095B00035B107EB0801A183A17F41F00101A1773B
:1095C000012845D1A08B1422143087B2606804F1C1
:1095D0000801456828462E68F6F736FE384600F042
:1095E00033FD6880A5F806A0A5F80AA0656809E023
:1095F00014213046776802F09FFB3146284601F07F
:109600006BFF3E68002EF3D1D9F804104E468C4211
:1096100005D1002105E00868A04202D001460029DA
:10962000F9D1204600F05CFA284601F0EDFF04462F
:109630003088A04206D213A340F29B2220A127A08B
:10964000FEF716F83088001B30802846BDE8F09FF2
:109650000020FBE7606870B9D9F80400844206D0A6
:1096600008A340F2AB2227A11CA0FEF701F80021BD
:10967000204600F035FA584602F09AF9E8E7000073
:10968000640100202E2E2F4D6964646C6577617231
:1096900065732F54686972645F50617274792F4CDE
:1096A0007749502F7372632F636F72652F697076DD
:1096B000342F6970345F667261672E6300000000AA
:1096C00069705F72656173735F70627566636F75F1
:1096D0006E74203E3D20636C656E000041737365BF
:1096E0007274696F6E2022257322206661696C6531
:1096F00064206174206C696E6520256420696E2089
:1097000025730A006E6F74206669727374616C74DD
:10971000686F756768206A75737420656E7175650A
:109720007565640070B50146144813E090F82D206B
:10973000D3070FD053070DD543685BB184680D681C
:10974000234005EA04069E4216D0920702D4C2685E
:10975000954211D000680028E8D10948006850B14E
:1097600090F82D20D30706D0520704D5426812B1D5
:1097700009787F2900D1002070BD0000FC00002086
:10978000000100201022014900F002B860B300205F
:109790002DE9FC430023006889466C461E464FF0C5
:1097A0000A0C01AD0090002094F80080B8FBFCF793
:1097B0000CFB1787B8FBFCF884F8008030372F5477
:1097C000401CC0B2B8F1000FEED106E01F465B1C92
:1097D000974209DA2F5C01F8017B401EC0B2F5D236
:1097E00018465B1C904202DB0020BDE8FC832E2063
:1097F000761CF6B2641C01F8010B042ED3D30020B2
:1098000001F8010C4846F0E710B5040006D106A3A4
:109810004FF4317213A116A0FDF72AFF2146BDE8CF
:109820001040052000F098BF2E2E2F4D6964646C07
:109830006577617265732F54686972645F506172F5
:1098400074792F4C7749502F7372632F636F726551
:109850002F697076342F6970345F667261672E638A
:10986000000000007020213D204E554C4C000000AF
:10987000417373657274696F6E20222573222066AE
:1098800061696C6564206174206C696E6520256473
:1098900020696E2025730A002DE9F05F4C680646AA
:1098A00093460F4600254FF00108608800F0CCFB7E
:1098B00021784FF0FF3A0907890E814231D8A0EB99
:1098C0000109E08800F0C0FBC0047C68010C0020A6
:1098D000206001EB090083B2A180E3808B4220D39A
:1098E000726829E05068B0F804C0614515D2226062
:1098F0006DB1B5F806C0614513D38088834210D896
:109900002F60A088844506D04FF0000803E08088CF
:10991000834206D877608AB12EE002D0C288914295
:1099200002D25046BDE8F09F25B1EA88624501D0D9
:109930004FF0000802680546002AD3D195B1E888A7
:10994000A188884206D92AA34FF4DB7237A13FA031
:10995000FDF78EFE2F60E888A18888420CD04FF07A
:10996000000809E0706830B121A34FF4DF7241A113
:1099700036A0FDF77DFE7760BBF1000F02D1B07F0E
:10998000C007CFD0B8F1000F30D07268002A2DD0B8
:1099900050688088002829D12168204629B14C6868
:1099A000C088A1888842F7D020E0B8F1000F1DD010
:1099B00032B90FA340F2DF123CA124A0FDF758FEFC
:1099C00070684068A04206D109A34FF4F07237A135
:1099D0001EA0FDF74DFE206830B105A34FF4F172D3
:1099E00036A11AA0FDF744FE01209BE7002099E76D
:1099F0002E2E2F4D6964646C6577617265732F54E8
:109A0000686972645F50617274792F4C7749502F86
:109A10007372632F636F72652F697076342F69706C
:109A2000345F667261672E630000000063686563DF
:109A30006B20667261676D656E747320646F6E274C
:109A400074206F7665726C617000000041737365FD
:109A50007274696F6E2022257322206661696C65BD
:109A600064206174206C696E6520256420696E2015
:109A700025730A006E6F2070726576696F757320AA
:109A8000667261676D656E742C2074686973206DF1
:109A900075737420626520746865206669727374DA
:109AA00020667261676D656E7421000073616E6976
:109AB000747920636865636B0000000076616C69EF
:109AC000646174655F646174616772616D3A6E654B
:109AD00078745F70627566213D4E554C4C000000F5
:109AE00070B504460C480D464168A14202D1216878
:109AF00041600AE0002D06D108A340F2451216A1EC
:109B00001CA0FDF7B5FD206828602146BDE8704027
:109B1000042000F021BE0000640100202E2E2F4DF5
:109B20006964646C6577617265732F5468697264E7
:109B30005F50617274792F4C7749502F7372632F85
:109B4000636F72652F697076342F6970345F667247
:109B500061672E630000000073616E697479206391
:109B60006865636B206C696E6B6564206C697374E7
:109B700000000000417373657274696F6E202225C6
:109B80007322206661696C6564206174206C696E63
:109B90006520256420696E2025730A002DE9F047B1
:109BA000054600240F46A94205D12FA3AB223DA1B3
:109BB0003FA0FDF75DFD002F08D03868A84205D012
:109BC00029A3AD2244A13AA0FDF752FD6E684FF4DF
:109BD00080387068818800291AD100686860142272
:109BE00005F108017068F6F72FFB01213046FFF7F9
:109BF0006DF9304601F008FD0446404505D31AA32F
:109C0000BC223AA12AA0FDF733FD304601F0D0FE78
:109C10006E6812E07068B1460668484601F0F4FCD0
:109C20000444444505D310A3CC2230A120A0FDF765
:109C30001FFDA4B2484601F0BBFE002EEAD1394612
:109C40002846FFF74DFF314D2888A04205D206A3D4
:109C5000D2222FA116A0FDF70BFD2888001B28801B
:109C60002046BDE8F08700002E2E2F4D6964646CFD
:109C70006577617265732F54686972645F506172B1
:109C800074792F4C7749502F7372632F636F72650D
:109C90002F697076342F6970345F667261672E6346
:109CA000000000007072657620213D20697072000E
:109CB000417373657274696F6E202225732220666A
:109CC00061696C6564206174206C696E652025642F
:109CD00020696E2025730A00707265762D3E6E65D0
:109CE0007874203D3D2069707200000070627566D6
:109CF000735F6672656564202B20636C656E203C23
:109D00003D20307866666666000000006401002031
:109D100069705F72656173735F70627566636F759A
:109D20006E74203E3D2070627566735F6672656575
:109D3000640000002DE9F0471D4F894606460024C7
:109D40000022134611461546786822E0D0F814C068
:109D5000D6F80C80C4450BD1D0F818C0D6F81080C6
:109D6000C44505D1B0F80CC0B6F80480C44509D08C
:109D70006D1C2AB190F81FC092F81F80C44501D80D
:109D800002461946D0F800C0BCF1000F00D00346CF
:109D900060460028DAD11AB11046FFF7FFFE0444EE
:109DA0004C4501DA012DCBDC2046BDE8F0870000F0
:109DB0006401002070B50948002544680BE0E07F8D
:109DC00020B1401EE0772546246804E02046246840
:109DD0002946FFF7E3FE002CF1D170BD640100209D
:109DE00010B5040006D108A340F2CE2215A118A098
:109DF000FDF73EFC606908B101F0DAFD2046BDE8E0
:109E00001040FFF701BD00002E2E2F4D6964646CD9
:109E10006577617265732F54686972645F5061720F
:109E200074792F4C7749502F7372632F636F72656B
:109E30002F697076342F6970345F667261672E63A4
:109E40000000000070637220213D204E554C4C00F4
:109E5000417373657274696F6E20222573222066C8
:109E600061696C6564206174206C696E652025648D
:109E700020696E2025730A002DE9FC41424C0546FD
:109E80004048206000268DF8006080208DF8010099
:109E9000E1208DF802008DF804608DF803608DF8E4
:109EA0000560C4F804D04FF40000A060A4F1A00045
:109EB000E060A03820614FF4C060344F6061002240
:109EC00004213846F7F7EFFF3720F7F7DFFA0122D2
:109ED00004213846F7F7E7FF3720F7F7D7FA20468F
:109EE000F7F75CFB0746382104F1B000F6F7D4F928
:109EF00004F1B000212101604FF44001C0E9046188
:109F0000234800F0CBFC062085F82C00606821492E
:109F1000007885F826006068407885F8270060683A
:109F2000807885F828006068C07885F82900606826
:109F3000007985F82A006068407985F82B0040F2A6
:109F4000DC50A88495F82D0040F00A0085F82D001B
:109F500004F1E800FAF7C0FB04F1E800FAF78CFB23
:109F600038B1284600F0C0FF284600F065FFBDE884
:109F7000FC8117B1F6F728FDF9E72846FEF7ECFC5F
:109F8000F5E7000000800240F87B0020001002404E
:109F90007821010884000020F0B58DB00E46002520
:109FA0002F4630216846F6F777F930216846F6F7F4
:109FB00073F934466846002216E0042D03D36FF08F
:109FC0000B000DB0F0BD05EB4501636840F8213092
:109FD00000EB810163894B600DB141F8041C2368DB
:109FE00003B98A6024686D1C002CE6D105493289CA
:109FF0004E63C1E901201422A1F1B000F7F773FD0F
:10A000003846DEE7A87C002010B50446406880474B
:10A0100002F036F8094A216852688B181A1AB2F110
:10A02000004F03D308442246054902E00449224672
:10A030001846BDE8104002F087B800004C0100202F
:10A0400009A0000800BA704740BA704710B500F088
:10A050005FF900F013FC00F053FE07F0C5FE03F0BB
:10A06000CDF8BDE8104002F0EBB80000F8F726F894
:10A07000FBF778FBFAF718FCFAF784FBFAF75AFEBD
:10A08000FAF798FDFAF7E2FCFAF7FEFDFAF73AFB69
:10A09000FAF758FBFAF79CFBFAF7DCFDFAF766FED5
:10A0A000FAF714FEFAF7F2FC19A0FDF7E1FA1B48E3
:10A0B0000068C16841F01001C1604FF48072184916
:10A0C0001648FAF7A3F91748F9F76AFE4FF4FA5061
:10A0D00006F0E4FB1448FFF755FB014613A0FDF71B
:10A0E000C7FA1148001DFFF74DFB014615A0FDF70B
:10A0F000BFFA0D480830FFF745FB014616A0FDF7F3
:10A10000B7FA00BFFAF73AFD07F044FEFAE700009D
:10A11000756172743120696E69740000B8060020A0
:10A12000B805002070050020047D00205374617480
:10A13000696320495020616464726573733A202515
:10A14000730A00005375626E6574206D61736B3A1B
:10A150002025730A0000000044656661756C742058
:10A16000676174657761793A2025730A0000000001
:10A170002DE9F04100284DD0810704D026A340F2FC
:10A18000732231A132E0394DA0F1080429688C42D4
:10A1900003D36A680C30904204D91FA340F27F2297
:10A1A00033A123E02079002825D0601A86B22088C8
:10A1B00001F0FAFE0746608801F0F6FE21884FF4B0
:10A1C000C863002299420DD8618899420AD8B142E9
:10A1D00002D00088B04205D16868874210D07888E4
:10A1E000B0420DD00CA340F2952228A1BDE8F04169
:10A1F00033A0FDF73DBA08A34FF423723AA1F5E767
:10A200002271A868844200D2AC602046BDE8F041CB
:10A2100001F0FABDBDE8F0812E2E2F4D6964646C0B
:10A220006577617265732F54686972645F506172FB
:10A2300074792F4C7749502F7372632F636F726557
:10A240002F6D656D2E6300006D656D5F66726565CF
:10A250003A2073616E69747920636865636B20616D
:10A260006C69676E6D656E7400000000C8000020A8
:10A270006D656D5F667265653A20696C6C656761D6
:10A280006C206D656D6F7279000000006D656D5F0B
:10A29000667265653A20696C6C6567616C206D65F6
:10A2A0006D6F72793A206E6F6E2D6C696E6B65649E
:10A2B0003A20646F75626C65206672656500000007
:10A2C000417373657274696F6E2022257322206654
:10A2D00061696C6564206174206C696E6520256419
:10A2E00020696E2025730A006D656D5F6672656575
:10A2F0003A20696C6C6567616C206D656D6F727971
:10A300003A20646F75626C652066726565000000B6
:10A3100070B50B480B4C20F003014FF4C865216069
:10A320000D80002048800871284601F03DFE012183
:10A3300060600171058045802068A06070BD0000EC
:10A340004F7D0020C80000202DE9F04700286FD085
:10A35000C41C4FF6FC710C404FF4C8690C2C01D2A0
:10A360000C2401E04C457CD884427AD34148C4F5A2
:10A37000C867824601890288891A8EB276E0304623
:10A3800001F012FE0546007900286CD12888801B58
:10A390000838A04267D3288804F11401801B0838CC
:10A3A0004FF0010888421DD33019083087B24F455D
:10A3B00006D131A340F287323BA140A0FDF758F906
:10A3C000384601F0F1FD00210171298801804680A5
:10A3D0002F8085F804800088484505D001F0E4FD11
:10A3E000478001E085F80480DAF808005646854287
:10A3F00003D014E0008801F0D7FD017911B1716834
:10A400008842F7D1B0607168884208D0007930B1D5
:10A4100019A340F2B53233A128A0FDF729F9281974
:10A4200071680830884208D913A340F2B93200E0BD
:10A4300015E033A121A0FDF71BF9A8070DD00EA34D
:10A4400040F2BB323AA11DA0FDF712F90AA340F277
:10A45000BD3243A119A0FDF70BF905F10800BDE8D5
:10A46000F08705E0FFE7DAF80000865BB74286D8A0
:10A470000020F4E7C80000202E2E2F4D6964646C84
:10A480006577617265732F54686972645F50617299
:10A4900074792F4C7749502F7372632F636F7265F5
:10A4A0002F6D656D2E630000696E76616C696420A6
:10A4B0006E657874207074720000000041737365DB
:10A4C0007274696F6E2022257322206661696C6543
:10A4D00064206174206C696E6520256420696E209B
:10A4E00025730A006D656D5F6D616C6C6F633A205A
:10A4F000216C667265652D3E757365640000000011
:10A500006D656D5F6D616C6C6F633A20616C6C6F33
:10A510006361746564206D656D6F7279206E6F7410
:10A520002061626F76652072616D5F656E642E00DA
:10A530006D656D5F6D616C6C6F633A20616C6C6F03
:10A540006361746564206D656D6F72792070726FE0
:10A550007065726C7920616C69676E65642E0000AD
:10A560006D656D5F6D616C6C6F633A2073616E69D0
:10A57000747920636865636B20616C69676E6D65D3
:10A580006E74000002490988401A80B270470000CA
:10A59000C80000202DE9F05F0646CC1C4FF6FC7089
:10A5A00004404FF4C86A0C2C01D20C2401E054453D
:10A5B0002AD88C4228D33E4F3868864202D3786826
:10A5C000864206D33BA340F2D12246A14BA0FDF721
:10A5D0004FF83868864249D379688E4246D2A6F150
:10A5E0000805BB46281A87B22888C01B08381FFAFE
:10A5F00080F94C4506D92FA34FF4397249A13FA0E9
:10A60000FDF736F84C4503D94FF00000BDE8F09F48
:10A610002CD0288801F0C8FC80460079002827D07B
:10A6200004F11400484521D83819083084B228882C
:10A63000504506D11FA340F2163242A12FA0FDF7CC
:10A6400017F8204601F0B0FCDBF80820904201D258
:10A65000CBF80800002101712988018047802C80F7
:10A660000088504502D001F09FFC44803046CDE781
:10A670002888504506D10FA340F2F52231A11FA032
:10A68000FCF7F6FF38190830DBF80810B8F800902E
:10A6900084B2414504D1204601F086FCCBF8080085
:10A6A000204601F081FC00210171A0F80090D5E75F
:10A6B000C80000202E2E2F4D6964646C657761728E
:10A6C00065732F54686972645F50617274792F4C9E
:10A6D0007749502F7372632F636F72652F6D656DAD
:10A6E0002E6300006D656D5F7472696D3A206C6554
:10A6F00067616C206D656D6F7279000041737365E1
:10A700007274696F6E2022257322206661696C6500
:10A7100064206174206C696E6520256420696E2058
:10A7200025730A006D656D5F7472696D2063616EDB
:10A73000206F6E6C7920736872696E6B206D656D29
:10A740006F727900696E76616C6964206E657874E9
:10A750002070747200000000092806D307A34FF48C
:10A76000D57212A118A0FCF783BF002904D0204A9B
:10A7700052F82000FDF724BA704700002E2E2F4D0E
:10A780006964646C6577617265732F54686972647B
:10A790005F50617274792F4C7749502F7372632F19
:10A7A000636F72652F6D656D702E63006D656D70E2
:10A7B0005F667265653A2074797065203C204D456E
:10A7C0004D505F4D41580000417373657274696F5D
:10A7D0006E2022257322206661696C656420617495
:10A7E000206C696E6520256420696E2025730A003F
:10A7F0001C22010818B1002908D0FDF7E1B904A313
:10A8000040F295120EA113A0FCF732BF7047000072
:10A810002E2E2F4D6964646C6577617265732F54B9
:10A82000686972645F50617274792F4C7749502F58
:10A830007372632F636F72652F6D656D702E630089
:10A84000696E76616C696420706F6F6C20646573EB
:10A8500063000000417373657274696F6E20222576
:10A860007322206661696C6564206174206C696E76
:10A870006520256420696E2025730A0030B5064DD9
:10A88000002400BF55F8240000F008F8641CA4B2AE
:10A89000092CF7D330BD00001C220108826800217A
:10A8A00011604168C91C21F00301002207E08368A0
:10A8B000521C1B680B608368196003881944438825
:10A8C0009342F4DC7047000010B5092808D308A3B0
:10A8D00040F2571212A11AA0FCF7CAFE002010BDC8
:10A8E000214951F82000BDE81040FDF7B7B900003C
:10A8F0002E2E2F4D6964646C6577617265732F54D9
:10A90000686972645F50617274792F4C7749502F77
:10A910007372632F636F72652F6D656D702E6300A8
:10A920006D656D705F6D616C6C6F633A20747970EA
:10A9300065203C204D454D505F4D415800000000C2
:10A94000417373657274696F6E20222573222066CD
:10A9500061696C6564206174206C696E6520256492
:10A9600020696E2025730A001C22010810B518B159
:10A97000BDE81040FDF772B904A34FF49E720FA119
:10A9800013A0FCF775FE002010BD00002E2E2F4DE9
:10A990006964646C6577617265732F546869726469
:10A9A0005F50617274792F4C7749502F7372632F07
:10A9B000636F72652F6D656D702E6300696E7661D1
:10A9C0006C696420706F6F6C2064657363000000B5
:10A9D000417373657274696F6E202225732220663D
:10A9E00061696C6564206174206C696E6520256402
:10A9F00020696E2025730A002DE9F0470400DDE987
:10AA00000970089D03D03FB100290DD00DE035A39A
:10AA100040F2271240A103E032A34FF4947245A103
:10AA20004DA0FCF725FE1DE0554902B9544A03B973
:10AA3000534B00266660A660DFF848C1C4F814C016
:10AA4000E660A68484F82D60C4E907654E4D95F84C
:10AA500000C084F830C02061204600F0B7F92046DD
:10AA6000B84710B10020BDE8F087B24640F28B181D
:10AA700040F28D1994F83000FF2801D184F830A0FD
:10AA800000276E681EE0A64205D116A342463FA1EC
:10AA900031A0FCF7EDFD7F1CFF2F05DD11A34A4619
:10AAA0003FA12DA0FCF7E4FD96F8300094F830109B
:10AAB000884206D1C8B2401C84F83000002ED9D19B
:10AAC00002E03668002EDED194F83000FE2806D071
:10AAD000401C28706868206020466C60C3E785F8D9
:10AAE00000A0F7E72E2E2F4D6964646C65776172C4
:10AAF00065732F54686972645F50617274792F4C6A
:10AB00007749502F7372632F636F72652F6E657470
:10AB100069662E63000000006E657469665F61649B
:10AB2000643A20696E76616C6964206E657469664A
:10AB3000000000006E657469665F6164643A204ECF
:10AB40006F20696E69742066756E6374696F6E201C
:10AB5000676976656E000000417373657274696F92
:10AB60006E2022257322206661696C656420617401
:10AB7000206C696E6520256420696E2025730A00AB
:10AB8000AC220108C5AD0008F80000206E657469AC
:10AB90006620616C7265616479206164646564003B
:10ABA000746F6F206D616E79206E65746966732CA9
:10ABB000206D61782E20737570706F7274656420DB
:10ABC0006E756D6265722069732032353500000044
:10ABD00070B50C46054603F03BF921462846BDE812
:10ABE000704007F087BA0A68C3689A4204D001B976
:10ABF0000022C2600120704700207047F8B515465A
:10AC00000C00064606D113A340F2CB121EA122A0CF
:10AC1000FCF72EFD35B90FA34FF4E6721AA11EA062
:10AC2000FCF726FD21687068814210D000912860F1
:10AC300069462846FFF7CCFF3CB1206870600121CF
:10AC4000304600F05FF80120F8BD0020F6E7002054
:10AC5000F8BD00002E2E2F4D6964646C657761721B
:10AC600065732F54686972645F50617274792F4CF8
:10AC70007749502F7372632F636F72652F6E6574FF
:10AC800069662E6300000000696E76616C6964205D
:10AC9000706F696E74657200417373657274696F69
:10ACA0006E2022257322206661696C6564206174C0
:10ACB000206C696E6520256420696E2025730A006A
:10ACC0000A6883689A4204D001B900228260012098
:10ACD000704700207047000001000CD00748406812
:10ACE00007E000BF90F83020521CD2B28A4203D055
:10ACF00000680028F6D1002070470000F80000200E
:10AD00007047000070B50D46040006D10DA340F257
:10AD10006D3219A121A0FCF7ABFC94F82D0041077E
:10AD20000ED5C1070CD0E9070AD06168002907D009
:10AD3000000705D5211D2046BDE87040FDF7E6BCA3
:10AD400070BD00002E2E2F4D6964646C65776172B2
:10AD500065732F54686972645F50617274792F4C07
:10AD60007749502F7372632F636F72652F6E65740E
:10AD700069662E63000000006E657469665F697322
:10AD80007375655F7265706F7274733A20696E7661
:10AD9000616C6964206E6574696600004173736557
:10ADA0007274696F6E2022257322206661696C655A
:10ADB00064206174206C696E6520256420696E20B2
:10ADC00025730A006FF00B00704700002DE9F84F63
:10ADD0004FF000091D4616460C008246C84600D1B9
:10ADE000114C06B9104E05B90F4DACB1206898B1A1
:10ADF00000274A4631465046FFF762FF4246294641
:10AE00005046FFF7F0FE002F04D16A462146504617
:10AE1000FFF7F4FEBDE8F88F01276A462146504649
:10AE2000FFF7ECFEE5E70000AC220108014988606D
:10AE300070470000F800002058B190F82D10CA07A4
:10AE40000ED001F0FE0180F82D10090708D5FCF79F
:10AE500075BF04A340F29B320FA117A0FCF708BCFA
:10AE6000704700002E2E2F4D6964646C6577617207
:10AE700065732F54686972645F50617274792F4CE6
:10AE80007749502F7372632F636F72652F6E6574ED
:10AE900069662E63000000006E657469665F736505
:10AEA000745F646F776E3A20696E76616C696420B6
:10AEB0006E65746966000000417373657274696F32
:10AEC0006E2022257322206661696C65642061749E
:10AED000206C696E6520256420696E2025730A0048
:10AEE000002800D0C161704758B190F82D104A0772
:10AEF0000ED501F0FB0180F82D10C169002907D0A3
:10AF0000084704A340F206420FA118A0FCF7B0BB0B
:10AF1000704700002E2E2F4D6964646C6577617256
:10AF200065732F54686972645F50617274792F4C35
:10AF30007749502F7372632F636F72652F6E65743C
:10AF400069662E63000000006E657469665F736554
:10AF5000745F6C696E6B5F646F776E3A20696E76B2
:10AF6000616C6964206E6574696600004173736585
:10AF70007274696F6E2022257322206661696C6588
:10AF800064206174206C696E6520256420696E20E0
:10AF900025730A0010B5040012D094F82D00410763
:10AFA00017D440F0040084F82D0003212046FFF759
:10AFB000A9FEE16900290CD02046BDE810400847F1
:10AFC000BDE8104003A34FF478720FA117A0FCF75F
:10AFD0004FBB10BD2E2E2F4D6964646C6577617276
:10AFE00065732F54686972645F50617274792F4C75
:10AFF0007749502F7372632F636F72652F6E65747C
:10B0000069662E63000000006E657469665F736593
:10B01000745F6C696E6B5F75703A20696E76616CF7
:10B020006964206E65746966000000004173736591
:10B030007274696F6E2022257322206661696C65C7
:10B0400064206174206C696E6520256420696E201F
:10B0500025730A0050B190F82D10CA070DD141F0A8
:10B06000010180F82D100321FFF74CBE03A34FF41C
:10B0700054720FA115A0FCF7FBBA70472E2E2F4D6E
:10B080006964646C6577617265732F546869726472
:10B090005F50617274792F4C7749502F7372632F10
:10B0A000636F72652F6E657469662E630000000021
:10B0B0006E657469665F7365745F75703A20696E5A
:10B0C00076616C6964206E657469660041737365AE
:10B0D0007274696F6E2022257322206661696C6527
:10B0E00064206174206C696E6520256420696E207F
:10B0F00025730A00002200F001B8000070B5A8B165
:10B10000B1F5803F26D2002918D004898BB214FAF9
:10B1100081F5ADB29D421DD3057B2D0610D5426849
:10B12000511A00F11002914214D30CE00AA340F22C
:10B13000DF1215A117A0FCF79BFA0BE0002070BDF1
:10B1400042B14268511A4160418919444181E11874
:10B150000181F3E7012070BD2E2E2F4D6964646CD0
:10B160006577617265732F54686972645F506172AC
:10B1700074792F4C7749502F7372632F636F726508
:10B180002F706275662E63007020213D204E554C55
:10B190004C000000417373657274696F6E20222544
:10B1A0007322206661696C6564206174206C696E2D
:10B1B0006520256420696E2025730A002DE9FC5F57
:10B1C000054690460F461046012A0FD041280DD063
:10B1D000B0F5C17F10D0B2F5207F55D042A340F228
:10B1E00027124DA153A0FCF743FA5CE00246002071
:10B1F00000F0FEF8044674E00024A1460820FFF7A2
:10B2000063FB060036D005F1030B2BF00300C0F5FD
:10B210001470B84200D9384682460020CDE900803B
:10B220007019133020F0030153463A46304600F0BF
:10B2300095FC3079800706D02BA34FF4807247A18C
:10B240003CA0FCF715FA9421B1EB9B0F06D126A385
:10B250004FF481724DA137A0FCF70AFA94B1C9F8F6
:10B260000060A7EB0A000704B1463F0C4FF0000551
:10B27000C4D136E0524901200870A4B1204600F044
:10B2800097FB10E03446ECE7E81C20F00301F81CC3
:10B2900020F00302881880B200F1100189B28242C6
:10B2A00001D88A4202D90020BDE8FC9F0846FFF77A
:10B2B0004BF8041EF8D00020CDE90080601913304F
:10B2C00020F003013B461A46204600F047FC207957
:10B2D000800706D004A34FF491723AA115A0FCF7A1
:10B2E000C7F92046E0E700002E2E2F4D6964646CFC
:10B2F0006577617265732F54686972645F5061721B
:10B3000074792F4C7749502F7372632F636F726576
:10B310002F706275662E6300706275665F616C6C7B
:10B320006F633A206572726F6E656F757320747902
:10B3300070650000417373657274696F6E20222519
:10B340007322206661696C6564206174206C696E8B
:10B350006520256420696E2025730A007062756679
:10B360005F616C6C6F633A207062756620712D3E70
:10B370007061796C6F61642070726F7065726C7946
:10B3800020616C69676E656400000000504255469C
:10B390005F504F4F4C5F42554653495A45206D759B
:10B3A00073742062652062696767657220746861E2
:10B3B0006E204D454D5F414C49474E4D454E540022
:10B3C00004010020706275665F616C6C6F633A20E7
:10B3D000706275662D3E7061796C6F616420707269
:10B3E0006F7065726C7920616C69676E65640000CE
:10B3F0002DE9FC4114460E460746412A08D0012C8F
:10B4000006D00CA34FF4A57216A11BA0FCF730F9CF
:10B410000720FFF759FA05004FF0000008D0CDE9EA
:10B42000004033461A463946284600F097FB284626
:10B43000BDE8FC812E2E2F4D6964646C65776172C6
:10B4400065732F54686972645F50617274792F4C10
:10B450007749502F7372632F636F72652F70627517
:10B46000662E6300696E76616C6964207062756631
:10B470005F74797065000000417373657274696F61
:10B480006E2022257322206661696C6564206174D8
:10B49000206C696E6520256420696E2025730A0082
:10B4A0007CB51C46DDE90635C01C20F003004618BB
:10B4B000AE4201D900207CBD0BB1184400E0002051
:10B4C0000223CDE900230B4601461A46204600F030
:10B4D00045FB20467CBD000070B50D4608B1002D2F
:10B4E00008D1BDE8704014A340F259321EA12CA02F
:10B4F000FCF7BEB80446006820B121892A891144AE
:10B500002181F7E72089618988420FD00AA340F2A0
:10B5100062322DA122A0FCF7ABF8206830B106A35F
:10B5200040F2633234A11EA0FCF7A2F820892989D9
:10B5300008442081256070BD2E2E2F4D6964646CF7
:10B540006577617265732F54686972645F506172C8
:10B5500074792F4C7749502F7372632F636F726524
:10B560002F706275662E6300286820213D204E559D
:10B570004C4C2920262620287420213D204E554C55
:10B580004C29202870726F6772616D6D657220762C
:10B59000696F6C6174657320415049290000000097
:10B5A000417373657274696F6E2022257322206661
:10B5B00061696C6564206174206C696E6520256426
:10B5C00020696E2025730A00702D3E746F745F6CC5
:10B5D000656E203D3D20702D3E6C656E20286F66A7
:10B5E000206C617374207062756620696E206368D8
:10B5F00061696E2900000000702D3E6E6578742030
:10B600003D3D204E554C4C00002102E0491C006895
:10B6100089B20028FAD108467047000070B5154677
:10B6200013890A461946FFF7C9FD04000CD02946C4
:10B6300000F042F830B105A340F224520FA114A04B
:10B64000FCF716F8204670BD002070BD2E2E2F4D41
:10B650006964646C6577617265732F54686972649C
:10B660005F50617274792F4C7749502F7372632F3A
:10B67000636F72652F706275662E63007062756607
:10B680005F636F7079206661696C6564000000001B
:10B69000417373657274696F6E2022257322206670
:10B6A00061696C6564206174206C696E6520256435
:10B6B00020696E2025730A002DE9F0474FF000073E
:10B6C0000C4605003E466FF00F0904D01CB12889D6
:10B6D0002189884204D232A340F2C9323CA145E01C
:10B6E0006FF0050A6889C11B6089801B814201D304
:10B6F000804600E0884660684246811968683844A0
:10B70000F4F7A2FD688947444644B84206D224A310
:10B7100040F2D9323AA140A0FBF7AAFF6089B042BB
:10B7200006D21FA340F2DA3245A13BA0FBF7A0FFEF
:10B730006089B04201D8246800266889B84202D1E5
:10B740002D68002765B1002C16D0608921898842B8
:10B7500012D1206800280FD011A340F2E93215E081
:10B76000002C1BD00EA34FF479723CA12AA0FBF74A
:10B770007FFF4846BDE8F08775B16889298988420E
:10B780000AD1286840B106A340F2EE3237A122A0C8
:10B79000FBF76EFF5046EDE7002CA3D10020E9E750
:10B7A0002E2E2F4D6964646C6577617265732F541A
:10B7B000686972645F50617274792F4C7749502FB9
:10B7C0007372632F636F72652F706275662E6300EC
:10B7D000706275665F636F70793A20746172676535
:10B7E00074206E6F742062696720656E6F7567687C
:10B7F00020746F20686F6C6420736F7572636500CE
:10B800006F66667365745F746F203C3D20705F7473
:10B810006F2D3E6C656E0000417373657274696FC5
:10B820006E2022257322206661696C656420617434
:10B83000206C696E6520256420696E2025730A00DE
:10B840006F66667365745F66726F6D203C3D207035
:10B850005F66726F6D2D3E6C656E0000705F746F79
:10B8600020213D204E554C4C000000007062756652
:10B870005F636F7079282920646F6573206E6F7421
:10B8800020616C6C6F77207061636B6574207175DB
:10B8900065756573210000002DE9F0470027164605
:10B8A0008946B84620B1B9F1000F06D004462CE015
:10B8B00018A340F20A4223A103E016A340F20B4270
:10B8C00028A131A0FBF7D4FE0020BDE8F0872BB102
:10B8D0006089984202D8181A83B215E06089C01AAC
:10B8E00085B2B54200D9354660682A46C11809EBD1
:10B8F0000700F4F7A9FC08EB05001FFA80F8781997
:10B9000087B2701B86B2002324680EB1002CDED1F2
:10B910004046DAE72E2E2F4D6964646C65776172BC
:10B9200065732F54686972645F50617274792F4C2B
:10B930007749502F7372632F636F72652F70627532
:10B94000662E6300706275665F636F70795F706109
:10B95000727469616C3A20696E76616C6964206208
:10B9600075660000706275665F636F70795F706105
:10B97000727469616C3A20696E76616C69642064E6
:10B980006174617074720000417373657274696FE1
:10B990006E2022257322206661696C6564206174C3
:10B9A000206C696E6520256420696E2025730A006D
:10B9B00070B5040003D00025A07B48B10FE024A39C
:10B9C0004FF437722EA131A0FBF752FE002070BD5C
:10B9D0001FA340F2F12237A12CA0FBF749FEA07B68
:10B9E000401E10F0FF00A07323D1207B617B2668EE
:10B9F00000F00F0089070CD5206930B914A340F27C
:10BA0000FF2232A121A0FBF733FE2169204688479F
:10BA10000BE002280FD0012810D0A0B10CA340F2F7
:10BA20000F3233A119A0FBF723FE6D1CEDB23400D9
:10BA3000C2D1284670BD2146082001E021460720DA
:10BA4000FEF78AFEF1E72046FEF792FBEDE70000E5
:10BA50002E2E2F4D6964646C6577617265732F5467
:10BA6000686972645F50617274792F4C7749502F06
:10BA70007372632F636F72652F706275662E630039
:10BA80007020213D204E554C4C00000041737365E1
:10BA90007274696F6E2022257322206661696C655D
:10BAA00064206174206C696E6520256420696E20B5
:10BAB00025730A00706275665F667265653A20706C
:10BAC0002D3E726566203E203000000070632D3EE2
:10BAD000637573746F6D5F667265655F66756E63BF
:10BAE00074696F6E20213D204E554C4C00000000C3
:10BAF000696E76616C696420706275662074797015
:10BB00006500000010B501460448FEF773FE0448C6
:10BB10000178012901D10021017010BD78210108AF
:10BB2000800000200649002008700648006804E0F4
:10BB3000416F09B101F044BBC0680028F8D17047DB
:10BB400004010020200100200122AFF30080002921
:10BB500002DA494200F0F0B8FFF7D0BA70B500241D
:10BB6000DDE90456C0E90041028143810573467353
:10BB700001218173C47370BD2DE9F0410D460400AD
:10BB800006D121A34FF4CC722BA131A0FBF770FD9D
:10BB90002089A84235D9401B86B240F2AF170CE08D
:10BBA000281A85B22089801B208124682CB916A30D
:10BBB0003A4631A126A0FBF75BFD6089A842EFD38E
:10BBC000207B000715D16089A84212D0607B8007D6
:10BBD0000FD4A088001B284481B22046FEF7DAFC6F
:10BBE000040006D108A340F2BD1229A118A0FBF75A
:10BBF0003FFD65812581206808B1FFF7D9FE00204F
:10BC00002060BDE8F08100002E2E2F4D6964646C29
:10BC10006577617265732F54686972645F506172F1
:10BC200074792F4C7749502F7372632F636F72654D
:10BC30002F706275662E6300706275665F72656153
:10BC40006C6C6F633A207020213D204E554C4C00A7
:10BC5000417373657274696F6E20222573222066AA
:10BC600061696C6564206174206C696E652025646F
:10BC700020696E2025730A00706275665F726561C7
:10BC80006C6C6F633A207120213D204E554C4C0066
:10BC90006D656D5F7472696D2072657475726E6525
:10BCA000642071203D3D204E554C4C0000280CD0A6
:10BCB000817B491C11F0FF01817306D103A340F27F
:10BCC00042320EA112A0FBF7D3BC70472E2E2F4D8F
:10BCD0006964646C6577617265732F546869726416
:10BCE0005F50617274792F4C7749502F7372632FB4
:10BCF000636F72652F706275662E63007062756681
:10BD000020726566206F766572666C6F7700000042
:10BD1000417373657274696F6E20222573222066E9
:10BD200061696C6564206174206C696E65202564AE
:10BD300020696E2025730A0010B520B1B1F5803F4F
:10BD400006D3012010BD0FA340F24B2219A109E038
:10BD500000290BD043898AB2934209D209A340F249
:10BD6000552217A11EA0FBF783FCEAE7002010BDB7
:10BD7000446821444160991A41810189891A0181ED
:10BD8000F4E700002E2E2F4D6964646C65776172B4
:10BD900065732F54686972645F50617274792F4CB7
:10BDA0007749502F7372632F636F72652F706275BE
:10BDB000662E63007020213D204E554C4C00000043
:10BDC000696E6372656D656E745F6D61676E6974CF
:10BDD000756465203C3D20702D3E6C656E00000052
:10BDE000417373657274696F6E2022257322206619
:10BDF00061696C6564206174206C696E65202564DE
:10BE000020696E2025730A002DE9F041304D04466B
:10BE10002868844206D22FA340F2DF1239A13FA046
:10BE2000FBF726FC6868844206D32AA34FF4F0721D
:10BE300044A13AA0FBF71CFC207930B125A340F2C5
:10BE4000E11247A135A0FBF713FC20884FF4C86826
:10BE5000404506D91FA34FF4F27248A12FA0FBF76B
:10BE600007FC208800F0A0F80646B44215D03079CF
:10BE700098B96868864210D0A868B04200D1AC601A
:10BE8000308820803088404507D02046FEF77AFB76
:10BE90000746308800F088F84780608800F084F812
:10BEA000A04212D0017900290FD1A968A14200D186
:10BEB000A860218801802188414506D0FEF762FBF9
:10BEC0000546208800F070F84580BDE8F08100004C
:10BED000C80000202E2E2F4D6964646C6577617256
:10BEE00065732F54686972645F50617274792F4C66
:10BEF0007749502F7372632F636F72652F6D656D75
:10BF00002E630000706C75675F686F6C65733A2014
:10BF10006D656D203E3D2072616D0000417373655B
:10BF20007274696F6E2022257322206661696C65C8
:10BF300064206174206C696E6520256420696E2020
:10BF400025730A00706C75675F686F6C65733A20C3
:10BF50006D656D203C2072616D5F656E6400000050
:10BF6000706C75675F686F6C65733A206D656D2DD9
:10BF70003E75736564203D3D20300000706C756730
:10BF80005F686F6C65733A206D656D2D3E6E6578E8
:10BF900074203C3D204D454D5F53495A455F414C0F
:10BFA00049474E454400000001490968084470476C
:10BFB000C80000202DE9F0471F4616008A4602D02F
:10BFC0003FB1104629E0084604F044FC6FF00E072C
:10BFD00025E0144C15462088000419D4DFF8489059
:10BFE0004FF400586A892088104440450CD82388B3
:10BFF000696809EB0300F4F727F968892188084488
:10C0000020802D68002DEDD1208840F40040208054
:10C010003189504603F088FF3046FFF7C9FC3846A7
:10C02000BDE8F08728000020600700202DE9F047D8
:10C0300000F026F8104E114C05464FF000473078BE
:10C0400008B1FFF76FFD2168002912D048682A1A4D
:10C05000BA420ED20A682260D1E9028960600620E5
:10C06000FEF77AFBB8F10002E9D04846114688474E
:10C07000E5E7BDE8F0870000040100204C01002046
:10C08000F5F716BF70B515460E460446B0F1804F61
:10C0900006D308A340F2291213A121A0FBF7E8FA66
:10C0A000FFF7EEFF20442A463146BDE8704000F01D
:10C0B0004BB800002E2E2F4D6964646C6577617259
:10C0C00065732F54686972645F50617274792F4C84
:10C0D0007749502F7372632F636F72652F74696D88
:10C0E000656F7574732E630054696D656F75742088
:10C0F00074696D6520746F6F206C6F6E672C206D96
:10C100006178206973204C5749505F55494E54332C
:10C11000325F4D41582F34206D736563730000000A
:10C12000417373657274696F6E20222573222066D5
:10C1300061696C6564206174206C696E652025649A
:10C1400020696E2025730A0070B5044615460E4618
:10C150000620FEF7B9FB78B10021C560104A80E8DF
:10C160005200116831B14B68E51A4FF000439D420F
:10C1700012D30160106070BDBDE8704009A3BE22FB
:10C1800015A125A0FBF774BA5568651B9D4202D323
:10C190000260086070BD11460A68002AF8D0F3E713
:10C1A0004C0100202E2E2F4D6964646C65776172FE
:10C1B00065732F54686972645F50617274792F4C93
:10C1C0007749502F7372632F636F72652F74696D97
:10C1D000656F7574732E63007379735F74696D6531
:10C1E0006F75743A2074696D656F757420213D20F8
:10C1F0004E554C4C2C20706F6F6C204D454D505F50
:10C200005359535F54494D454F5554206973206528
:10C210006D70747900000000417373657274696F0A
:10C220006E2022257322206661696C65642061742A
:10C23000206C696E6520256420696E2025730A00D4
:10C2400070B5074D012400BF05EBC40255F834005A
:10C250000449FFF717FF641C032CF5D370BD0000E1
:10C260009422010809A000082DE9FF5F8946040017
:10C2700003D0207D01280AD010E004B03AA3BDE825
:10C28000F05F40F23D2244A14AA0FBF7F1B936A38A
:10C290004FF4107251A147A0FBF7EAF9207D0A285C
:10C2A0003ED0216D03910025DFF86481D4F824B0DD
:10C2B000D4F810A0D4F890602F4680B34D46E78A9A
:10C2C000214608F1180002F057FD012188F80010FE
:10C2D000206F08B104F0D8F9E06E08B104F0D4F989
:10C2E000606F08B104F0D0F955B1208B211D009189
:10C2F000CDE9017023465A461846039904F0D6F852
:10C30000204600F077FE002E2CD004B05046B446F4
:10C31000BDE8F04F6FF00C015DF804EB60470AE0F8
:10C320003B4821461C3002F027FD04B02046BDE802
:10C33000F05F00F05FBEE08A0028C9D0D8F8100096
:10C34000A0420AD1C068C8F8100008E0C168A14244
:10C3500002D1E168C16002E008460028F6D1002061
:10C36000E060B5E7BDE8FF9F2E2E2F4D6964646C39
:10C370006577617265732F54686972645F5061728A
:10C3800074792F4C7749502F7372632F636F7265E6
:10C390002F7463702E6300007463705F6162616E5E
:10C3A000646F6E3A20696E76616C696420706362B6
:10C3B00000000000417373657274696F6E2022255E
:10C3C0007322206661696C6564206174206C696EFB
:10C3D0006520256420696E2025730A00646F6E272E
:10C3E000742063616C6C207463705F61626F72743F
:10C3F0002F7463705F6162616E646F6E20666F722E
:10C40000206C697374656E2D7063627300000000A8
:10C41000080100200121FFF727BF002803D0027D7B
:10C42000012A00D18161704710B50C0006D106A326
:10C4300040F20F3210A118A0FBF71AF92046FFF7BF
:10C44000E9FF6FF00C0010BD2E2E2F4D6964646C57
:10C450006577617265732F54686972645F506172A9
:10C4600074792F4C7749502F7372632F636F726505
:10C470002F7463702E6300007463705F6163636583
:10C4800070745F6E756C6C3A20696E76616C69646D
:10C490002070636200000000417373657274696FFD
:10C4A0006E2022257322206661696C6564206174A8
:10C4B000206C696E6520256420696E2025730A0052
:10C4C0002DE9F04106460120FEF7FEF9424D040039
:10C4D0005BD1A86909E0418BC4680A0704D521F043
:10C4E0000801418300F066FA20460028F3D10022BB
:10C4F0001146EC68E86906E0036AE31A934201D347
:10C500001A460146C0680028F6D111B10846FFF767
:10C5100081FF0120FEF7D8F9040036D1092001F08F
:10C5200071FA0120FEF7D0F904002ED1082001F0A5
:10C5300069FA0120FEF7C8F9040026D17F2E01D93F
:10C540007F2001E030001BD0401EC1B200231A46FC
:10C55000EC68A8690EE0477D8F4206D309D1D0F878
:10C5600020C0A4EB0C0C9C4503D3016A0246631A5D
:10C570003946C0680028EED112B11046FFF74AFFD5
:10C580000120FEF7A1F9040023D09C21F3F784FEDB
:10C590004FF486606675A4F86400410061852185CA
:10C5A000FF21E172411061860621A4F84010E18765
:10C5B000C91F21860121A4F84810E9682162A978E1
:10C5C000A177A4F84A000548C4F884000448C4F8D8
:10C5D00094002046BDE8F0810801002079FE0008A3
:10C5E00000DD6D00002800D0016170472DE9F041A9
:10C5F0000D0004464FF0040300D1264D002C0DD051
:10C60000207D002814D024A340F2AB222EA138A014
:10C61000FBF72EF86FF00500BDE8F0811EA340F295
:10C62000A9223DA132A0FBF723F86FF00F00F3E73A
:10C6300032B13F4E002100BF56F82100006817E0DC
:10C6400001F090FC020018D1801EE5E7C78A9742EE
:10C650000DD148B107683FB135B1D5F800C0BCF184
:10C66000000F01D0674502D16FF00700D4E7C06822
:10C670000028EBD1491C9942DEDB15B1286800B1D6
:10C6800020602C48E2820169E160046104F084FDCD
:10C690000020C1E7AC2201082E2E2F4D6964646C86
:10C6A0006577617265732F54686972645F50617257
:10C6B00074792F4C7749502F7372632F636F7265B3
:10C6C0002F7463702E6300007463705F62696E6420
:10C6D0003A2063616E206F6E6C792062696E64200F
:10C6E000696E20737461746520434C4F5345440058
:10C6F000417373657274696F6E2022257322206600
:10C7000061696C6564206174206C696E65202564C4
:10C7100020696E2025730A007463705F62696E641D
:10C720003A20696E76616C69642070636200000073
:10C73000842201080801002010B558B1017D0129AB
:10C7400003D0418B41F010014183BDE8104001212D
:10C7500000F042B804A34FF4F4720FA114A0FAF74A
:10C7600087FF6FF00F0010BD2E2E2F4D6964646C93
:10C770006577617265732F54686972645F50617286
:10C7800074792F4C7749502F7372632F636F7265E2
:10C790002F7463702E6300007463705F636C6F733B
:10C7A000653A20696E76616C69642070636200008E
:10C7B000417373657274696F6E202225732220663F
:10C7C00061696C6564206174206C696E6520256404
:10C7D00020696E2025730A00FEB50D46040006D1BF
:10C7E00045A34FF4AF7250A157A0FAF741FF2800BC
:10C7F0005F4D4FF000064FF001073ED0207D04282A
:10C8000001D0072839D1A06F18B9208DB0F5066F77
:10C8100033D0A07EC00606D437A34FF4B27255A120
:10C8200049A0FAF725FF228BE18A201D8DE8070039
:10C8300023461846626A216D03F038FE204602F056
:10C8400035FAA869A04209D1C068A86108E0C168AA
:10C85000A14202D1E168C16002E008460028F6D199
:10C860004B48E6602F700068A04202D104F03EFD04
:10C8700038E0204600F0BEFB34E0207D40B10128C6
:10C880001AD0022830D02046BDE8FE4000F092B811
:10C89000E08A0028EDD02869A04209D1C06828614B
:10C8A00008E0C168A14202D1E168C16002E0084627
:10C8B0000028F6D1E660DCE7204601F001F92C48BB
:10C8C0002146143002F058FA207D012806D1314B60
:10C8D000DF2231A103F14400FAF7CAFE214602200B
:10C8E000FDF73AFF0020FEBD21482146183002F036
:10C8F00043FA2F70BDE700002E2E2F4D6964646C43
:10C900006577617265732F54686972645F506172F4
:10C9100074792F4C7749502F7372632F636F726550
:10C920002F7463702E6300007463705F636C6F73A9
:10C93000655F73687574646F776E3A20696E7661AF
:10C940006C69642070636200417373657274696F0F
:10C950006E2022257322206661696C6564206174F3
:10C96000206C696E6520256420696E2025730A009D
:10C97000080100207063622D3E666C61677320269B
:10C980002054465F5258434C4F534544000000002A
:10C990004801002018D000087463705F66726565F6
:10C9A0005F6C697374656E3A20214C495354454E4F
:10C9B0000000000070B5050006D116A34FF4CE723A
:10C9C00020A123A0FAF754FE287D0526032804D0D1
:10C9D000042802D0072816D106E0284603F0D4FE2A
:10C9E000040006D12E7509E0284603F0CDFE0400B0
:10C9F00002D0601C09D004E009202875284601F007
:10CA0000B3FB204670BD002070BD688B40F008006D
:10CA10006883F8E72E2E2F4D6964646C6577617228
:10CA200065732F54686972645F50617274792F4C1A
:10CA30007749502F7372632F636F72652F74637021
:10CA40002E63000070636220213D204E554C4C0047
:10CA5000417373657274696F6E202225732220669C
:10CA600061696C6564206174206C696E6520256461
:10CA700020696E2025730A002DE9F047DDF820803B
:10CA80009A4691460D46070005D12DA3A32239A150
:10CA900040A0FAF7EDFD002D05D129A3A42247A15E
:10CAA0003CA0FAF7E5FD5FEAC87001D0042600E07B
:10CAB00000260320FDF708FF04001CD084F80A803C
:10CAC0004FF00008C4E900852889B04205D21CA3B4
:10CAD000B02243A12FA0FAF7CBFD28891421801B97
:10CAE00020812846FEF706FB48B1204603F0BEFD34
:10CAF0000020BDE8F0872846FEF75AFFF8E7606897
:10CB00004068E060F88AFDF79FFAE1680880388B9A
:10CB1000FDF79AFAE16848805046FDF793FAE1681C
:10CB20004860B008000300F5A04040EA0900FDF7A6
:10CB30008BFAE1688881E1682046A1F81280D8E785
:10CB40002E2E2F4D6964646C6577617265732F5466
:10CB5000686972645F50617274792F4C7749502F05
:10CB60007372632F636F72652F7463705F6F757478
:10CB70002E6300007463705F6372656174655F7338
:10CB800065676D656E743A20696E76616C696420C4
:10CB900070636200417373657274696F6E20222541
:10CBA0007322206661696C6564206174206C696E13
:10CBB0006520256420696E2025730A007463705F08
:10CBC0006372656174655F7365676D656E743A2045
:10CBD000696E76616C6964207062756600000000A1
:10CBE000702D3E746F745F6C656E203E3D206F70DB
:10CBF000746C656E0000000070B50C460546002A96
:10CC000006D10BA340F6C50215A11FA0FAF730FD0F
:10CC10005CB1A18C49B1282902D928398CB200E035
:10CC20000024A54200D22C462546284670BD0000AF
:10CC30002E2E2F4D6964646C6577617265732F5475
:10CC4000686972645F50617274792F4C7749502F14
:10CC50007372632F636F72652F7463702E630000AD
:10CC60007463705F6566665F73656E645F6D737332
:10CC70005F6E657469663A20696E76616C696420DE
:10CC80006473745F69700000417373657274696FD7
:10CC90006E2022257322206661696C6564206174B0
:10CCA000206C696E6520256420696E2025730A005A
:10CCB0002DE9F843044600250E46880706D13FA318
:10CCC00040F211424A494BA0FAF7D2FC002C06D19F
:10CCD0003AA340F2134251A146A0FAF7C9FCB007AB
:10CCE00000D50125E80700D00420804601464FF416
:10CCF00020723620FEF762FA07004FF0FF3929D084
:10CD00007989414506D22DA340F239424BA139A081
:10CD1000FAF7AEFC0095324639462046E36DFFF740
:10CD2000ABFE050016D0287B800706D023A340F277
:10CD3000424251A12FA0FAF79BFC2889002806D077
:10CD40001EA340F2434252A12AA0FAF791FCE06EE2
:10CD500038B109E0608B40F0800060834846BDE850
:10CD6000F883E56604E0084601680029FBD1056008
:10CD70000020A4F86800B00702D0E06D401CE06518
:10CD8000F00703D0608B40F0200060836868FEF7F6
:10CD90003BFCB4F8661008440004000CA4F86600DC
:10CDA0000AD0206F40B9E06E30B904A340F265426A
:10CDB00042A110A0FAF75CFC0020D0E72E2E2F4DE8
:10CDC0006964646C6577617265732F546869726415
:10CDD0005F50617274792F4C7749502F7372632FB3
:10CDE000636F72652F7463705F6F75742E630000DC
:10CDF00028230108417373657274696F6E202225C0
:10CE00007322206661696C6564206174206C696EB0
:10CE10006520256420696E2025730A007463705FA5
:10CE2000656E71756575655F666C6167733A2069DB
:10CE30006E76616C69642070636200007463705F79
:10CE4000656E71756575655F666C6167733A2063C1
:10CE50006865636B207468617420666972737420FE
:10CE6000706275662063616E20686F6C64206F70FD
:10CE7000746C656E000000007365672D3E7463700E
:10CE8000686472206E6F7420616C69676E656400FF
:10CE90007463705F656E71756575655F666C6167FB
:10CEA000733A20696E76616C6964207365676D659D
:10CEB0006E74206C656E6774680000007463705F48
:10CEC000656E71756575655F666C6167733A20693B
:10CED0006E76616C6964207175657565206C656E30
:10CEE0006774680070B50D4604000BD0207D0128E2
:10CEF00006D105A340F60D020FA119A0FAF7B8FB61
:10CF0000C4F8905070BD00002E2E2F4D6964646CE3
:10CF10006577617265732F54686972645F506172DE
:10CF200074792F4C7749502F7372632F636F72653A
:10CF30002F7463702E630000696E76616C696420E3
:10CF4000736F636B657420737461746520666F72B0
:10CF5000206572722063616C6C6261636B0000001B
:10CF6000417373657274696F6E2022257322206687
:10CF700061696C6564206174206C696E652025644C
:10CF800020696E2025730A0070B5194DA878401CE1
:10CF9000A870AC6928E0A17FA878814223D0A0774F
:10CFA000608BC10709D040F002006083204601F089
:10CFB000DBF8608B20F00300608380B2010705D5A9
:10CFC00020F0080060832046FFF7F4FCE668A06FBD
:10CFD00038B100202870204602F0F8F9287800289F
:10CFE000D7D1344600E0E468002CD4D170BD0000F5
:10CFF0000801002010B50446007D012805D106A3D4
:10D00000D42211A115A0FAF733FB2146BDE8104048
:10D010000120FDF7A1BB00002E2E2F4D6964646C2A
:10D020006577617265732F54686972645F506172CD
:10D0300074792F4C7749502F7372632F636F726529
:10D040002F7463702E6300007463705F6672656591
:10D050003A204C495354454E00000000417373651B
:10D060007274696F6E2022257322206661696C6577
:10D0700064206174206C696E6520256420696E20CF
:10D0800025730A002DE9F04799460C460646224FC3
:10D090002AE02546D5E90040FEF7B6FAB6F8661054
:10D0A0008046414506D21DA340F2574228A132A036
:10D0B000FAF7DEFA36F8661FA1EB080030802889FF
:10D0C000398908443881284603F0D0FA36F86609D1
:10D0D000002809D054EA090006D110A340F26142A9
:10D0E0002FA125A0FAF7C4FA94B1E0684068FCF7D4
:10D0F000A9FF0546E0688089FCF7A6FF800700D0FD
:10D100000120218928440844B969401A0028C0DD5B
:10D110002046BDE8F0870000280100202E2E2F4D6C
:10D120006964646C6577617265732F5468697264B1
:10D130005F50617274792F4C7749502F7372632F4F
:10D14000636F72652F7463705F696E2E63000000F9
:10D150007063622D3E736E645F71756575656C6595
:10D160006E203E3D20706275665F636C656E286E52
:10D170006578742D3E702900417373657274696F10
:10D180006E2022257322206661696C6564206174BB
:10D19000206C696E6520256420696E2025730A0065
:10D1A0007463705F726563656976653A2076616C59
:10D1B0006964207175657565206C656E67746800BB
:10D1C00010B50446406F002803D003F05DFA00203C
:10D1D000606710BD0849C888421CCA800A6912B13C
:10D1E0008B88984203D2C9681431085C7047C01A12
:10D1F000C0B2105C704700002801002010B5F3F7A2
:10D2000011F80349C0F30D0000F54040888010BDBF
:10D21000080100202DE9FE4F040005D1DEA3832282
:10D22000EAA1F0A0FAF724FAF84D6068E860608996
:10D2300014287DD3F64E31687069FBF74BFE002849
:10D2400076D1307DB046C0F303100E2870D0E86868
:10D250008089FCF7F9FE000B81001429E9D32089AD
:10D260008842E6D3A1F1140080B268804FF0000A32
:10D27000C5F810A062898A4204D3A8802046FEF730
:10D280005BFD32E0206828B9C3A3C222E1A1D5A08A
:10D29000FAF7EEF914212046FEF74EFD6189A980C8
:10D2A0006888401A86B22046FEF746FD206841890C
:10D2B000B142BED3416829613146FEF73DFD208968
:10D2C000801B2081608928B1B3A3DF22D5A1C5A02E
:10D2D000FAF7CEF9216820890989884205D0AEA3E2
:10D2E000E022D3A1BFA0FAF7C3F9E8680088FCF7F1
:10D2F000ABFE0146E86801804088FCF7A5FE0146C8
:10D30000E86841804068FCF79DFE0146E86841609E
:10D3100069618068FCF796FE0146E8688160A96152
:10D32000C089FCF791FE0146E868C181808900E070
:10D330008CE0FCF789FE00F03F01297020896881AC
:10D34000890704D0411C89B2698188427ED8DFF800
:10D3500000930027D9F8006083E0307D28B98EA3C0
:10D36000FB22BCA19FA0FAF783F9307D0A2805D1E2
:10D3700089A3FC22C1A19BA0FAF77AF9307D01288C
:10D3800005D185A3FD22C8A196A0FAF771F9307ADC
:10D3900038B1D8F8041091F83010491CC9B288424D
:10D3A0005DD1E868318B0288914258D1F18A40887A
:10D3B000814254D17168D8F8102091424FD1316820
:10D3C000D8F8140081424AD1F068B04206D172A365
:10D3D00040F20D12BEA183A0FAF74AF937B1F06806
:10D3E000F860D9F80010F160C9F80060F068B04248
:10D3F00006D169A340F21512C0A17AA0FAF738F954
:10D4000096B3DFF824835746C8F800A02189A8F80E
:10D410000810C8F80440E968C8F80C10C5F81CA04A
:10D4200085F801A0A5F808A02878000703D5607B3F
:10D4300040F001006073B06F002878D0304601F0F2
:10D44000C5FF0D3007D0B06F002800E0F5E16ED0C9
:10D45000688900286BD0708D002864D0CCE13746F5
:10D46000F668002E7FF479AFB04840F21F194646A7
:10D47000076827E0387D0A2805D047A34A46ACA1B3
:10D4800058A0FAF7F5F8387A30B1716891F8301091
:10D49000491CC9B2884214D1E8683A8B01888A4293
:10D4A0000FD1F98A408881420BD17868316988426E
:10D4B00007D138687169884203D1384603F086FE87
:10D4C000BBE1FF68002FD5D1A54B0021EF6818689C
:10D4D000D6F804900246D6F8148016E0067A3EB1DB
:10D4E00099F830C00CF1010C0CF0FF0C66450AD124
:10D4F000C68AB7F802C0664505D10668464507D01A
:10D50000002804D036B10146C0680028E6D17FE18A
:10D5100000283FD019B1C568CD60C260186000F026
:10D5200007FB8AE103E0304603F0B8F864E13046D7
:10D530002E6201F0E9FC0D3011D068782C4600070E
:10D540000ED5D6F890201AB16FF00D0130699047D2
:10D5500031463F4801F010FC3046FFF74BFD4BE1F0
:10D56000228942B1D6F8803023B1314630699847DC
:10D570000D300CD02781304600F074F938B9E069DD
:10D5800030B1B06F28B104A34FF4F372EAE033E195
:10D590000EE1ECE03CE100002E2E2F4D6964646C3E
:10D5A0006577617265732F54686972645F50617248
:10D5B00074792F4C7749502F7372632F636F7265A4
:10D5C0002F7463705F696E2E630000007463705F78
:10D5D000696E7075743A20696E76616C696420704A
:10D5E00062756600417373657274696F6E202225DF
:10D5F0007322206661696C6564206174206C696EB9
:10D600006520256420696E2025730A00280100200A
:10D61000347D0020702D3E6E65787420213D204EB3
:10D62000554C4C00702D3E6C656E203D3D20300009
:10D63000702D3E746F745F6C656E203D3D20702DC3
:10D640003E6E6578742D3E746F745F6C656E00007D
:10D65000200100207463705F696E7075743A2061F8
:10D660006374697665207063622D3E7374617465BE
:10D6700020213D20434C4F53454400007463705FAC
:10D68000696E7075743A20616374697665207063A1
:10D69000622D3E737461746520213D2054494D45CF
:10D6A0002D574149540000007463705F696E7075B6
:10D6B000743A20616374697665207063622D3E73ED
:10D6C0007461746520213D204C495354454E00003F
:10D6D0007463705F696E7075743A207063622D3E7A
:10D6E0006E65787420213D20706362202862656633
:10D6F0006F72652063616368652900007463705F01
:10D70000696E7075743A207063622D3E6E65787430
:10D7100020213D2070636220286166746572206359
:10D72000616368652900000060B2002024010020C8
:10D730007463705F696E7075743A2054494D452D5D
:10D7400057414954207063622D3E737461746520A3
:10D750003D3D2054494D452D57414954000000009E
:10D760001C01002037A1AFF28410F9F781FFB07ED1
:10D77000C00606D5E069FEF71BF93046FEF74AFE03
:10D780003AE0D6F884C0BCF1000F05D00023306920
:10D790003146E269E04705E0002331461846E26978
:10D7A00002F06AFB10F10D0F26D008B1E069B067F6
:10D7B0006078800618D5B06F20B1417B41F0200120
:10D7C000417311E0308DB0F5066F01D0401C3085FB
:10D7D000D6F884C0BCF1000F06D000231A463146AB
:10D7E0003069E0470D3007D03046276200F03AF844
:10D7F00010B9304600F0B8FC2F62EF61D8F8040091
:10D800004446002802D0FEF7D3F86760BDE8FE8FDB
:10D81000B889FCF719FC40070FD4E868104A104B90
:10D82000018840880092CDE90101698968691B1D62
:10D8300042180020A96902F039FE2046BDE8FE4FDB
:10D84000FEF7B6B87063622D3E72656675736564E7
:10D850005F64617461203D3D204E554C4C000000DA
:10D86000447D002010B5040006D110A340F25A22D6
:10D870001BA125A0F9F7FCFE2D484078C00612D563
:10D88000A07EC00606D4D4F890201AB16FF00E0125
:10D89000206990472146274801F06EFA2046FFF79D
:10D8A000A9FB012010BD002010BD00002E2E2F4D21
:10D8B0006964646C6577617265732F54686972641A
:10D8C0005F50617274792F4C7749502F7372632FB8
:10D8D000636F72652F7463705F696E2E6300000062
:10D8E0007463705F696E7075745F64656C6179658F
:10D8F000645F636C6F73653A20696E76616C69640E
:10D900002070636200000000417373657274696F78
:10D910006E2022257322206661696C656420617423
:10D92000206C696E6520256420696E2025730A00CD
:10D93000280100202001002070B504004FF00006EF
:10D9400006D112A340F624021DA124A0F9F790FEEF
:10D95000206D401EFCF776FB034600223146204630
:10D9600000F072FD05000DD001463346002220462E
:10D9700000F0C8FE2246231D2946BDE8704010462F
:10D9800000F050BE4FF0FF3070BD00002E2E2F4D26
:10D990006964646C6577617265732F546869726439
:10D9A0005F50617274792F4C7749502F7372632FD7
:10D9B000636F72652F7463705F6F75742E63000000
:10D9C0007463705F6B656570616C6976653A206938
:10D9D0006E76616C696420706362000041737365E8
:10D9E0007274696F6E2022257322206661696C65EE
:10D9F00064206174206C696E6520256420696E2046
:10DA000025730A0070B50446082808D0092C06D0F2
:10DA100010A340F2DD621BA11EA0F9F729FE274BDF
:10DA2000002108469A69DB6809E0157DA54205D109
:10DA3000156A5D1B8D4201D329461046D268002A23
:10DA4000F3D1002804D0BDE870400021FEF70CBCE3
:10DA500070BD00002E2E2F4D6964646C6577617275
:10DA600065732F54686972645F50617274792F4CCA
:10DA70007749502F7372632F636F72652F746370D1
:10DA80002E630000696E76616C6964207374617442
:10DA900065000000417373657274696F6E20222502
:10DAA0007322206661696C6564206174206C696E04
:10DAB0006520256420696E2025730A000801002076
:10DAC00070B5050007D10F4B40F211120EA103F102
:10DAD0004400F9F7CDFD287D012807D0094B4FF40C
:10DAE00089720CA103F14400F9F7C2FD0F4E012425
:10DAF000294656F82400006802F096FA641C042CAB
:10DB0000F6D370BD18D0000870636220213D204E0E
:10DB1000554C4C007063622D3E7374617465203DFA
:10DB20003D204C495354454E00000000842201081A
:10DB3000FEB5424E0546307840071BD4002D06D175
:10DB40003FA340F281224BA152A0F9F791FD30781A
:10DB5000C10610D5F068594A584B01884088009298
:10DB6000CDE90101718970691B1D42182846B16910
:10DB700002F09CFCFEBD8007FCD5687DFEF7A0FC92
:10DB800004004AD04D481038416921600069606046
:10DB9000E88AE082F068008820830320207570699D
:10DBA000401C6062E062204600F00CFAA06520652F
:10DBB0006064E0657069401E60652869E567206102
:10DBC000687A00F00C006072287A20723C48016884
:10DBD000E160046003F0E0FA3A4901200870204651
:10DBE00000F03EFFF068C089A4F86000A4F862006D
:10DBF000201DFBF797FD0146608E221DFEF7FCFFFE
:10DC0000608612212046FFF753F888B103B0204602
:10DC1000BDE8F0400021FEF727BBAB69002BA9D07F
:10DC2000286903B04FF0FF32BDE8F04000211847EB
:10DC30002046BDE8FE4000F097BA00002801002011
:10DC40002E2E2F4D6964646C6577617265732F5455
:10DC5000686972645F50617274792F4C7749502FF4
:10DC60007372632F636F72652F7463705F696E2EBA
:10DC7000630000007463705F6C697374656E5F6944
:10DC80006E7075743A20696E76616C696420706399
:10DC900062000000417373657274696F6E20222503
:10DCA0007322206661696C6564206174206C696E02
:10DCB0006520256420696E2025730A00447D0020BC
:10DCC0002001002008010020002200F001B800001F
:10DCD00070B5164605004FF000040CD0287D0028D2
:10DCE00013D029A340F25A3233A141A0F9F7C0FC66
:10DCF0006FF00E0043E024A340F2593246A13CA04D
:10DD0000F9F7B6FC6FF00F0039E00220FCF7DCFDFC
:10DD100004001AD028692061E88AE0820120207579
:10DD2000687D6075687A607200222272E87AE0721B
:10DD3000A87AA07228682060E88A98B142490869E8
:10DD4000A8420CD1C06808610BE04FF0FF3016E02C
:10DD5000C168A94202D1E968C16002E00846002812
:10DD6000F6D1EA602846FFF745F93848A061364801
:10DD700014300168E160046003F00EFA002006B17F
:10DD80003070204670BD00002E2E2F4D6964646CEB
:10DD90006577617265732F54686972645F50617250
:10DDA00074792F4C7749502F7372632F636F7265AC
:10DDB0002F7463702E6300007463705F6C697374FA
:10DDC000656E5F776974685F6261636B6C6F675FD4
:10DDD000616E645F6572723A2070636220616C727A
:10DDE0006561647920636F6E6E65637465640000BD
:10DDF000417373657274696F6E20222573222066E9
:10DE000061696C6564206174206C696E65202564AD
:10DE100020696E2025730A007463705F6C697374E7
:10DE2000656E5F776974685F6261636B6C6F675F73
:10DE3000616E645F6572723A20696E76616C6964C6
:10DE400020706362000000000801002029C400085F
:10DE500070B50D4604001DD0206800281AD00E4E63
:10DE60002046B16900F01AF82046316900F016F832
:10DE7000002D0FD0286800280CD006F1140002688D
:10DE800006E010682168884201D128681060D268D5
:10DE9000002AF6D170BD00000801002070B5050011
:10DEA0000C4612D10AA34FF4106215A121A0F9F774
:10DEB000DFFB0AE020682968884205D12046E66831
:10DEC000FEF7A8FA344600E0E468002CF2D170BDF9
:10DED0002E2E2F4D6964646C6577617265732F54C3
:10DEE000686972645F50617274792F4C7749502F62
:10DEF0007372632F636F72652F7463702E630000FB
:10DF00007463705F6E657469665F69705F61646495
:10DF1000725F6368616E6765645F7063626C69738A
:10DF2000743A20696E76616C6964206F6C645F611D
:10DF300064647200417373657274696F6E20222588
:10DF40007322206661696C6564206174206C696E5F
:10DF50006520256420696E2025730A004020FEF7A5
:10DF6000AFBA0000F0B5154D154A00234FF6FF7605
:10DF70004FF440474FF4804E9088401C80B2908010
:10DF8000B04200D19780B2F80440002055F820102C
:10DF900009680AE0B1F816C0A44505D15B1C9BB224
:10DFA0007345E9D30020F0BDC9680029F2D1401CB7
:10DFB000C0B20428EAD3A0B2F0BD00008422010858
:10DFC0000801002010B5002806D106A340F6AF02D4
:10DFD00010A117A0F9F74CFB1F49D1E90202104428
:10DFE000886010BD2E2E2F4D6964646C6577617258
:10DFF00065732F54686972645F50617274792F4C35
:10E000007749502F7372632F636F72652F7463703B
:10E010002E6300007463705F6E6578745F6973735C
:10E020003A20696E76616C6964207063620000005A
:10E03000417373657274696F6E20222573222066A6
:10E0400061696C6564206174206C696E652025646B
:10E0500020696E2025730A000801002070B50C4667
:10E06000050006D11EA340F21F422AA133A0F9F7F2
:10E07000FFFAE8688089FBF7E7FF3A4EC00715D042
:10E08000204602F001FB002427E08089FBF7DCFF3B
:10E09000C00707D00120FBF7D7FF0146E868828957
:10E0A000114381812046246802F0E0FAACB1E068B7
:10E0B0002289736941680A4429891944891AE4D577
:10E0C0002989CA18E1684968521A002A05DDC81A68
:10E0D00081B229816868FDF74FFD2C6070BD00009A
:10E0E0002E2E2F4D6964646C6577617265732F54B1
:10E0F000686972645F50617274792F4C7749502F50
:10E100007372632F636F72652F7463705F696E2E15
:10E11000630000007463705F6F6F735F696E736597
:10E1200072745F7365676D656E743A20696E7661AF
:10E130006C69642063736567000000004173736558
:10E140007274696F6E2022257322206661696C6586
:10E1500064206174206C696E6520256420696E20DE
:10E1600025730A00280100202DE9F05F040006D184
:10E1700087A340F2E14293A198A0F9F779FA207DB4
:10E18000012806D182A340F2E3429EA193A0F9F7B1
:10E190006FFAA6480068A04202D10020BDE8F09FB7
:10E1A000B4F86010B4F84800814200D20846E56E29
:10E1B00081466DB12146221D084602F06FF95FEAE3
:10E1C000000A6FF003012ED054B1206840B10CE07A
:10E1D000A07E80076FD52046BDE8F05F02F05EBAF2
:10E1E0001AF104001FD000682060E8684068FBF75F
:10E1F00029FF616C401A2989421800204A4514D928
:10E20000B4F860204A45E3D1216F0029E0D194F8A9
:10E2100099100029DCD184F89800012184F8991024
:10E2200084F89A00D4E70846B8E784F89900266F86
:10E2300083460EB998E0064630680028FBD192E08C
:10E24000E8688089FBF700FF400706D550A340F23D
:10E25000365277A161A0F9F70BFA206FA8B1618B54
:10E2600011F0440F11D1E06E28B102686AB900893B
:10E27000628E904209D2B4F8640030B1B4F86600FE
:10E28000092802D211F0A00F79D0207D022807D0F2
:10E290001020FBF7D9FE0146E8688289114381818D
:10E2A00052462146284600F099FA28B1618B41F088
:10E2B0008001618372E766E02868E066207D0228BD
:10E2C00003D0608B20F003006083E8684068FBF7B0
:10E2D000B9FE0746E8688089FBF7B6FE800700D0E4
:10E2E0000120298938440844216D091A00D5206588
:10E2F000E8688089FBF7A8FE800700D00120298903
:10E30000C8422CD0C5F800B0206F68B1E8684068FA
:10E31000FBF798FE0746F0684068FBF793FE381A53
:10E320001AD504F1700003E0256716E0D8F8000064
:10E330008046006850B1C0684068FBF783FE07461E
:10E34000E8684068FBF77EFE381AEFD4D8F8000082
:10E350002860C8F8005005E035602E4602E02846E7
:10E3600002F084F9E56E55B1E8684068FBF76AFE93
:10E37000616C401A2989014449457FF661AFE06E1E
:10E3800008B9A4F868B0608B20F08000608304E7CF
:10E390002E2E2F4D6964646C6577617265732F54FE
:10E3A000686972645F50617274792F4C7749502F9D
:10E3B0007372632F636F72652F7463705F6F757410
:10E3C0002E6300007463705F6F75747075743A200B
:10E3D000696E76616C696420706362004173736575
:10E3E0007274696F6E2022257322206661696C65E4
:10E3F00064206174206C696E6520256420696E203C
:10E4000025730A00646F6E27742063616C6C20743E
:10E4100063705F6F757470757420666F72206C69BD
:10E420007374656E2D7063627300000048010020F4
:10E43000525354206E6F7420657870656374656400
:10E4400020686572652100002DE9FF411D461646D2
:10E450000F46040006D10EA340F2427219A123A078
:10E46000F9F706F9E08A638D1022218B8DE80F0001
:10E470002B4632463946606A00F04CF8002803D03B
:10E48000628D616A1144E16204B0BDE8F081000070
:10E490002E2E2F4D6964646C6577617265732F54FD
:10E4A000686972645F50617274792F4C7749502F9C
:10E4B0007372632F636F72652F7463705F6F75740F
:10E4C0002E6300007463705F6F75747075745F61A4
:10E4D0006C6C6F635F6865616465723A20696E7623
:10E4E000616C6964207063620000000041737365B1
:10E4F0007274696F6E2022257322206661696C65D3
:10E5000064206174206C696E6520256420696E202A
:10E5100025730A002DE9F05F834688180E46DDE971
:10E520000B98143081B21F464FF420722220DDF880
:10E5300028A0FCF743FE05002AD0698906F11400E3
:10E54000814206D214A340F2237220A12BA0F9F736
:10E550008FF850466C68FBF777FD20804846FBF744
:10E5600073FD608067605846FBF76CFDA060B008E3
:10E57000000300F5A04080B240EA0800FBF764FD0C
:10E58000A0810D98FBF760FDE08100202082608271
:10E590002846BDE8F09F00002E2E2F4D6964646C64
:10E5A0006577617265732F54686972645F50617238
:10E5B00074792F4C7749502F7372632F636F726594
:10E5C0002F7463705F6F75742E63000063686563FA
:10E5D0006B20746861742066697273742070627550
:10E5E000662063616E20686F6C642073747275635B
:10E5F00074207463705F6864720000004173736517
:10E600007274696F6E2022257322206661696C65C1
:10E6100064206174206C696E6520256420696E2019
:10E6200025730A00FEB51E4617460D00044606D1A6
:10E6300012A340F287721EA128A0F9F719F83246FA
:10E640003946204601F02AFF18B12CB1E37AA17AAD
:10E6500004E06FF003040BE0FF2300210091062289
:10E66000CDE90120324639462846FAF74BFE0446EA
:10E670002846FDF79DF92046FEBD00002E2E2F4DA9
:10E680006964646C6577617265732F54686972643C
:10E690005F50617274792F4C7749502F7372632FDA
:10E6A000636F72652F7463705F6F75742E63000003
:10E6B0007463705F6F75747075745F636F6E74727E
:10E6C0006F6C5F7365676D656E743A20696E766115
:10E6D0006C696420706275660000000041737365A8
:10E6E0007274696F6E2022257322206661696C65E1
:10E6F00064206174206C696E6520256420696E2039
:10E7000025730A0070B515460C0006D10DA340F222
:10E71000567219A122A0F8F7ABFF6068EA0700F172
:10E72000140100D0042210441430884208D0BDE8FF
:10E73000704004A340F2757223A119A0F8F798BFA6
:10E7400070BD00002E2E2F4D6964646C6577617278
:10E7500065732F54686972645F50617274792F4CCD
:10E760007749502F7372632F636F72652F746370D4
:10E770005F6F75742E6300007463705F6F757470E3
:10E7800075745F66696C6C5F6F7074696F6E733AF5
:10E7900020696E76616C69642070627566000000A5
:10E7A000417373657274696F6E202225732220662F
:10E7B00061696C6564206174206C696E65202564F4
:10E7C00020696E2025730A006F7074696F6E732064
:10E7D0006E6F742066696C6C656400002DE9FE4301
:10E7E00017460C46050006D13DA34FF4B76249A178
:10E7F00050A0F8F73DFF002C06D139A340F2B952E2
:10E8000056A14CA0F8F734FF002F06D134A340F2F4
:10E81000BA525AA147A0F8F72BFF284600F0CCF8CF
:10E8200010B10020BDE8FE83606AFBF70BFCE968CD
:10E830008860608DFBF708FCE968C881618D606ABB
:10E840000844E062EE68A87A1436C0070AD0221D98
:10E8500039464FF40670FEF7CFF940F00170FBF730
:10E86000F1FB01C6B4F930004FF00008002801DACE
:10E87000A4F83080606B38B9494800686063E86884
:10E880004068FBF7DFFBA0636968A8898A88801A63
:10E890004A89121A4A8169680A89101A08816968C6
:10E8A000E8684860E968A1F81080A87AE968C007BC
:10E8B00000D0042014300844B04206D008A340F22F
:10E8C0001C6238A11BA0F8F7D3FEA07A06218DE8C0
:10E8D0008300E37A221D21466868FAF713FDA1E759
:10E8E0002E2E2F4D6964646C6577617265732F54A9
:10E8F000686972645F50617274792F4C7749502F48
:10E900007372632F636F72652F7463705F6F7574BA
:10E910002E6300007463705F6F75747075745F733D
:10E9200065676D656E743A20696E76616C69642006
:10E9300073656700417373657274696F6E20222579
:10E940007322206661696C6564206174206C696E55
:10E950006520256420696E2025730A007463705F4A
:10E960006F75747075745F7365676D656E743A204A
:10E97000696E76616C696420706362007463705FB5
:10E980006F75747075745F7365676D656E743A202A
:10E99000696E76616C6964206E657469660000005A
:10E9A000140100206F7074696F6E73206E6F742095
:10E9B00066696C6C6564000010B5040006D107A39D
:10E9C00040F29A5212A11CA0F8F752FE6068807BB8
:10E9D000012801D0012010BD002010BD2E2E2F4D8A
:10E9E0006964646C6577617265732F5468697264D9
:10E9F0005F50617274792F4C7749502F7372632F77
:10EA0000636F72652F7463705F6F75742E6300009F
:10EA10007463705F6F75747075745F7365676D652F
:10EA20006E745F627573793A20696E76616C6964A1
:10EA30002073656700000000417373657274696F2D
:10EA40006E2022257322206661696C6564206174E2
:10EA5000206C696E6520256420696E2025730A008C
:10EA60002DE9F041060006D11DA340F27D7229A1D7
:10EA70002FA0F8F7FDFD384C6088002818D0002042
:10EA8000E0804FF406750FE0FEF7A4FB00280FD0DE
:10EA9000012809D002280DD0FEF79CFB022807D3DD
:10EAA000E1880844801EE080E08861888842EBD3DA
:10EAB000BDE8F081FEF78EFB0428F9D1E08861887B
:10EAC000801C8842F4D8FEF785FB0702FEF782FB24
:10EAD0003843A84200D800B928467086E4E7000011
:10EAE0002E2E2F4D6964646C6577617265732F54A7
:10EAF000686972645F50617274792F4C7749502F46
:10EB00007372632F636F72652F7463705F696E2E0B
:10EB1000630000007463705F70617273656F70747E
:10EB20003A20696E76616C6964207063620000004F
:10EB3000417373657274696F6E202225732220669B
:10EB400061696C6564206174206C696E6520256460
:10EB500020696E2025730A00280100202DE9F05F4E
:10EB600083460AA85FEA030890E8400615460C466B
:10EB70000F4605D120A3E8222CA135A0F8F778FD97
:10EB8000002E05D11CA3E9223BA131A0F8F770FDAE
:10EB9000AC4214D25FEA897009D4B07E40060ED42C
:10EBA000BAF1000F03D0F06E08B9306F38B104F23B
:10EBB0001B2020F00300A84200D80546AFB24FF456
:10EBC000207239465846FCF7F9FA050011D028683A
:10EBD00030B109A340F20B122FA11DA0F8F748FD98
:10EBE0006889001BA8F800002C816C812846BDE8CC
:10EBF000F09F0020FBE700002E2E2F4D6964646C0F
:10EC00006577617265732F54686972645F506172D1
:10EC100074792F4C7749502F7372632F636F72652D
:10EC20002F7463705F6F75742E6300007463705F80
:10EC3000706275665F707265616C6C6F633A2069B3
:10EC40006E76616C6964206F76657273697A6500AF
:10EC5000417373657274696F6E202225732220667A
:10EC600061696C6564206174206C696E652025643F
:10EC700020696E2025730A007463705F7062756688
:10EC80005F707265616C6C6F633A20696E76616C5F
:10EC900069642070636200006E65656420756E6350
:10ECA0006861696E656420706275660070B5040005
:10ECB0001FD0207D00281BD00A2819D0012817D08A
:10ECC000A06F002510B1FCF773FEA567606F10B14F
:10ECD0002046FEF775FA4FF0FF302086E06E01F017
:10ECE000D3FC206F01F0D0FCE5662567A4F86850DE
:10ECF00070BDBDE8704003A340F651020DA114A001
:10ED0000F8F7B6BC2E2E2F4D6964646C657761727E
:10ED100065732F54686972645F50617274792F4C07
:10ED20007749502F7372632F636F72652F7463700E
:10ED30002E6300007463705F7063625F707572674A
:10ED4000653A20696E76616C6964207063620000C8
:10ED5000417373657274696F6E2022257322206679
:10ED600061696C6564206174206C696E652025643E
:10ED700020696E2025730A0070B50C00054606D187
:10ED800029A340F6830234A13AA0F8F771FC002DC4
:10ED900006D125A340F6840240A136A0F8F768FC0E
:10EDA0002868A04209D1C068286008E0C168A14273
:10EDB00002D1E168C16002E008460028F6D10025D2
:10EDC0002046E560FFF772FF207D0A280DD001285C
:10EDD00026D0608BC10708D040F002006083204637
:10EDE000FFF7C2F9207D01281AD0E06E30B10EA3E2
:10EDF00040F6930231A11FA0F8F73AFC206F30B122
:10EE000009A340F6940233A11AA0F8F731FC606F11
:10EE100030B105A340F6960235A116A0F8F728FCFC
:10EE20002575E58270BD00002E2E2F4D6964646C3F
:10EE30006577617265732F54686972645F5061729F
:10EE400074792F4C7749502F7372632F636F7265FB
:10EE50002F7463702E6300007463705F7063625F71
:10EE600072656D6F76653A20696E76616C696420B3
:10EE700070636200417373657274696F6E2022253E
:10EE80007322206661696C6564206174206C696E10
:10EE90006520256420696E2025730A007463705F05
:10EEA0007063625F72656D6F76653A20696E766138
:10EEB0006C6964207063626C69737400756E73654D
:10EEC0006E74207365676D656E7473206C65616B1D
:10EED000696E6700756E61636B6564207365676D4D
:10EEE000656E7473206C65616B696E67000000006D
:10EEF0006F6F736571207365676D656E7473206CD9
:10EF000065616B696E6700002DE9FE4F040006D154
:10EF1000DDA34FF44772E9A1EFA0F8F7A9FBF84D84
:10EF2000287841072CD5217D022905D0626A6869BD
:10EF3000824206D189B117E0206DA969884213D0B9
:10EF400041E2811AFCD4218D1144401A0028F7DCDB
:10EF5000608B40F00200608335E2CBA34FF44E7229
:10EF6000E8A1DDA0F8F784FB687840F0080068703D
:10EF7000608B20F0010060836FF00D00BDE8FE8F14
:10EF8000800704D5207D022801D00328E0D1A07E8F
:10EF9000C00602D4E348006820624FF0000884F8FD
:10EFA0009B8084F89A802046FFF75AFDDE4B227D35
:10EFB00003F110000421DFF874A3DD4FDD4E921E33
:10EFC00014334FF001094FF00A0B082AB8D2DFE8DA
:10EFD00002F00487F2F6EFF2EEED2A78D606AFD50E
:10EFE000920767D5626CAE69521CB24262D1686901
:10EFF000421C62626664E262EA68401ED289A4F83A
:10F000006020A4F8622060652175201DFAF78AFB54
:10F010000146608E221DFDF7EFFD41F21C11608656
:10F02000B1EB400F01D2420000E00A46B2EB800F84
:10F0300001D9810003E0B1EB400F00D24100A4F8F8
:10F040004810B4F8660030B98FA34FF45B72BAA1D0
:10F05000A1A0F8F70DFBB4F86600401EA4F8660006
:10F06000256FBDB128682067284601F0FFFA206FA0
:10F07000E0B1A4F8308084F8428000BFD4F8883032
:10F08000002B3FF465AF00222146206998470D30E0
:10F090004DD05DE7E56E35B97BA34FF45D72ACA151
:10F0A0008DA0F8F7E5FA2868E066DDE74FF0FF305D
:10F0B0002086E3E7E9680A8849888DE807006989BE
:10F0C000686942182046A96901F0F0F994F84200F5
:10F0D000062804D2A4F83080204601F0BBF872E183
:10F0E0002A78D60657D5626CAE69B21A012A45D481
:10F0F000226DB21A002A41DC2175E06FA0B180694F
:10F1000048B961A34FF46A7296A173A0F8F7B0FAF8
:10F11000E06F806940B1E16F206900228B69214670
:10F12000984738B10D3002D02046FDF773F96FF0E3
:10F130000C0023E7204600F0CBF9288908B1401ED7
:10F140002881618E41F21C10B0EB410F01D24A00C0
:10F1500000E00246B2EB810F01D9880003E0B0EB7A
:10F16000410F00D24800A4F848006878800611D505
:10F17000608B40F002006083072057E0E9680A884E
:10F1800049888DE807006989686942183146204638
:10F1900001F08CF917E1900707D5606A6969401E94
:10F1A000884202D1204600F06BFF0CE1FBE057E003
:10F1B0003EE004E0FFE7204600F08AF9D5E720466C
:10F1C00000F086F96878800628784FEAC06024D578
:10F1D000002805DA206DA969884201D1E06E28B1C6
:10F1E000608B40F00200608308201FE0608B40F0DD
:10F1F000020060832046FFF759FD3068A04209D124
:10F20000C0683060C5E0C168A14202D1E168C16058
:10F21000BFE008460028F6D1BBE0002833DA206DB5
:10F22000A96988422FD1E06E68BB06202075CAE02C
:10F23000204600F04DF96878800624D5608B40F0B8
:10F24000020060832046FFF731FD3068A042D7D02E
:10F2500003E0C168A142D9D008460028F9D198E05E
:10F26000204600F035F92878C0060CD5206DA96934
:10F27000884208D1E06E30B92046FFF717FD3068AC
:10F28000A042BDD083E09EE02E2E2F4D6964646CB9
:10F290006577617265732F54686972645F5061723B
:10F2A00074792F4C7749502F7372632F636F726597
:10F2B0002F7463705F696E2E630000007463705F6B
:10F2C00070726F636573733A20696E76616C6964FE
:10F2D0002070636200000000417373657274696F8F
:10F2E0006E2022257322206661696C65642061743A
:10F2F000206C696E6520256420696E2025730A00E4
:10F30000280100207463705F696E7075743A207014
:10F3100063622D3E737461746520213D20434C4F20
:10F320005345440014010020347D002008010020D2
:10F3300024010020200100207063622D3E736E6462
:10F340005F71756575656C656E203E20300000004C
:10F350006E6F207365676D656E7420746F206672C2
:10F36000656500007063622D3E6C697374656E653F
:10F37000722D3E61636365707420213D204E554CB3
:10F380004C000000C168A1423FF440AF084600288D
:10F39000F8D18AF8009084F814B03868E0603C60D6
:10F3A00001F0FAFE0FE0204600F092F82878C0063F
:10F3B00009D5206DA969884205D1E06E18B9687831
:10F3C00040F0100068700020D8E500002DE9F04101
:10F3D00004000DD0A56F00206E7BA067D4F8847068
:10F3E000002F10D000232A4621462069B84710E09C
:10F3F00017A340F2096222A12BA0F8F739F96FF0A8
:10F400000F00BDE8F08100232A462146184600F08F
:10F4100033FD6FF00C0728B10D3017D06FF00400EA
:10F42000A567EEE7B0060FD5208DB0F5066F01D0C9
:10F43000401C2085D4F8845035B100231A4621465B
:10F440002069A8470D3001D00020DAE73846D8E718
:10F450002E2E2F4D6964646C6577617265732F542D
:10F46000686972645F50617274792F4C7749502FCC
:10F470007372632F636F72652F7463702E63000065
:10F480007463705F70726F636573735F72656675C6
:10F490007365645F646174613A20696E76616C695A
:10F4A0006420706362000000417373657274696F59
:10F4B0006E2022257322206661696C656420617468
:10F4C000206C696E6520256420696E2025730A0012
:10F4D0002DE9F047040006D1E1A340F27B42EDA103
:10F4E000F3A0F8F7C5F8207D042806D2DCA340F28B
:10F4F0007C42F9A1EEA0F8F7BBF8FE4D4FF6FF777E
:10F500004FF000062878C0067ED5B4F86020A16DC3
:10F51000636D686902EB0108B3EB000C0BD4834206
:10F5200002D1AB69CB1A06D4AB69994210D1E96814
:10F53000C98991420CD9E968C989A4F86010B4F866
:10F5400062208A4201D2A4F862106065A869A065B1
:10F55000626CA869811A00292EDC698949BBB4F85C
:10F560006030A16D1944414523D1B4F93010002910
:10F570001FDB82421DD194F84300411CC9B2814275
:10F5800001D984F8431094F8430003280CD9B4F847
:10F590004810608E084480B2884202D3A4F8480024
:10F5A00003E0A4F8487000E002D3204600F0DEFD3E
:10F5B0008EE084F843608BE0012977D4226D821AB3
:10F5C000002A73DC628B530708D522F004026283A1
:10F5D000B4F84A20A4F84820A4F86A6084F842608D
:10F5E000E28FB4F93C3089B202EBE302A4F8402088
:10F5F00084F843606064207D042831D3B4F8480067
:10F60000B4F84A20904200E082E015D2628B1205E5
:10F6100001D5012200E00222638E53439AB28A424E
:10F6200000D81146014489B2814202D3A4F848109F
:10F6300016E0A4F8487013E0B4F86A20114489B2C7
:10F64000914202D3A4F86A1001E0A4F86A70B4F8F9
:10F650006A10814204D3091AA4F86A10618EE1E7A6
:10F66000D4E91B31A4A22046FDF70CFD2067034618
:10F67000A3A22046E16EFDF705FDE066216F19B1FA
:10F680002686267720B105E04FF0FF322286F8E784
:10F69000A4F86860B4F864202B891A44A4F86420A4
:10F6A000628B120514D511B1C86802E00DE038B1C3
:10F6B000C0684068FAF7C6FCE16C081A002807DC4D
:10F6C000608B20F40060608302E0204600F0E6FFDB
:10F6D000606BE8B1A16BAA69891A19D58A490988B2
:10F6E000081AB4F93C10A0EBE10000B2014409B2E1
:10F6F000A187002801DA404200B2B4F93E20A0EB15
:10F70000A2001044E08700EBE100A4F8400066632B
:10F71000B5F80AC0BCF1000F7ED0207D07287BD24F
:10F72000616A6A69DFF8E4A1881AA946012849D408
:10F7300002EB0C054D1B6D1C002D43DCDAF8045068
:10F74000804635B946A340F2945271A158A0F7F70C
:10F750008FFFB84506D342A340F2955270A154A042
:10F76000F7F786FFDAF804001FFA88F7D046008919
:10F77000B84206D23AA340F297526DA14CA0F7F7D7
:10F7800077FFB8F80810C91BA8F80810D8F80400CB
:10F790000089C01B81B204E029816E81381A2D686E
:10F7A00087B26889B842F7D339462846FCF7C4FACD
:10F7B000606AC9F81400D8F80C104860616A401AF1
:10F7C00007D593E2501A04D5608B40F002006083A5
:10F7D0008CE2208D0A460144D9F814004F46411AA4
:10F7E000491C0029EDDC824238D1DAF80C0055467C
:10F7F0008089FAF729FC800700D001202989B846C2
:10F80000084480B27881218D814228D2E8688089BD
:10F81000FAF71AFCC00700E06DE20ED0E8688089B4
:10F82000FAF712FCC0F344004000FAF70DFCE96857
:10F830008A8922F47C5210438881208D2881E868CF
:10F840008089FAF701FC800702D52889401E2881AB
:10F8500029896868FCF790F9E86871E08DE18BE030
:10F860002E2E2F4D6964646C6577617265732F5419
:10F87000686972645F50617274792F4C7749502FB8
:10F880007372632F636F72652F7463705F696E2E7E
:10F89000630000007463705F726563656976653A42
:10F8A00020696E76616C69642070636200000000FC
:10F8B000417373657274696F6E202225732220660E
:10F8C00061696C6564206174206C696E65202564D3
:10F8D00020696E2025730A007463705F726563652A
:10F8E0006976653A2077726F6E672073746174650C
:10F8F0000000000028010020756E61636B656400E4
:10F90000756E73656E7400001401002060B20020F3
:10F91000696E7365672E7020213D204E554C4C005A
:10F92000696E73616E65206F666673657421000091
:10F930007062756620746F6F2073686F7274210037
:10F940008089FAF781FB800700D0012029890844CB
:10F9500081B2A8F80A10238D626AD8F814001A44FC
:10F960000844904208D0AFF2081340F2CB52E9A10C
:10F97000AFF2C400F7F77CFE606F002873D0E86830
:10F980008089FAF761FBC00704D107E0016861676D
:10F9900000F06CFE606F0028F8D164E0676F1EE035
:10F9A0008889FAF751FBC00715D0E8688089FAF713
:10F9B0004BFB80070FD40120FAF746FBE9688A89E0
:10F9C00010438881FAF740FB800700D00120298985
:10F9D0000844A8F80A0038463F6800F047FEDFB345
:10F9E000F9683A89D8F8143048680244B8F80A002F
:10F9F0001844801AD4D5B8F80A20D8F814108B18F7
:10FA0000FA6852689B1A002B2CDD501A2881E8688E
:10FA10008089FAF719FB800702D52889401E2881C2
:10FA200029896868FCF7A8F8E8688089FAF70CFB70
:10FA3000800700D001202989084481B2A8F80A1063
:10FA4000D8F814000844F968496888420AD0AFF22F
:10FA5000F01340F2FC5200E004E0BCA1AFF2B010A1
:10FA6000F7F706FE6767B8F80A00D8F8141047469B
:10FA700001446162218D814208D2AFF21C2340F221
:10FA80000762C1A1AFF2D810F7F7F2FD208D798996
:10FA9000401A2085204601F031FC6868018909B1CF
:10FAA000F8616E60E8688089FAF7CEFAC00752D034
:10FAB000787840F0200078704DE079618089FAF71D
:10FAC000C3FA800700D001202A89616A11440844E2
:10FAD0006062E8688089FAF7B7FA800700D00120F1
:10FAE00029890844218D884208D9AFF28C2340F23D
:10FAF0002B62ADA1AFF24820F7F7BAFDE868808924
:10FB0000FAF7A2FA800700D0012029890844218D44
:10FB1000081A2085204601F0F1FB6968088930B198
:10FB2000F86910B1FBF7D8FC00E0F9616E60E86895
:10FB30008089FAF789FAC00708D0787840F0200069
:10FB40007870207D042801D107202075286860671F
:10FB5000284600F08BFD656F25B1E868626A416850
:10FB60009142AAD0608BC10702D020F00100CEE004
:10FB700040F001006083BDE8F087656F9DB100260D
:10FB8000C846E9684968814212D1BAF80800298953
:10FB900088420CD98E4800F013FD002807D08EB3A0
:10FBA0003060294625E08A4800F00AFD60679DE044
:10FBB00016B3F2685268821A012A25D4421A521CDE
:10FBC000002A21DC824800F0FBFC070013D0F0681B
:10FBD000318940684218D8F81410521A002A05DDFD
:10FBE000081A81B231817068FBF7C6FF2946384692
:10FBF0003760FEF733FA79E0421A05D5744800F011
:10FC0000DFFCE8B36067CCE72A682E46CABB411A1E
:10FC1000002968DDE8688089FAF716FAC00765D11F
:10FC20006B4800F0CDFC286050B3E8684646416858
:10FC300028890A18D8F81400121A002A05DD401A7B
:10FC400081B229816868FBF797FF218D606A72692C
:10FC5000084471891144081A002847DD2868C068E3
:10FC60008089FAF7F1F9C00713D02868C068808945
:10FC7000FAF7EAF9C0F344004000FAF7E5F901E0C9
:10FC800030E030E02968C9688A8922F47C52104348
:10FC90008881A08C218D0844B18A401A81B22868DD
:10FCA000018128684068FBF767FF2868C068808981
:10FCB000FAF7CAF9800700D00120296809890844A9
:10FCC00080B27081228D616A114472691044884249
:10FCD0000CD0AFF274434FF4DF620EA1AFF23040AC
:10FCE000F7F7C6FC02E015007FF44BAF2046BDE8F5
:10FCF000F04700F0D3BC606A69690A1A06D4228D05
:10FD00001044081A401C00287FF735AF608B40F084
:10FD100002002FE77463705F726563656976653A08
:10FD2000207365676D656E74206E6F7420747269E0
:10FD30006D6D656420636F72726563746C79207495
:10FD40006F207263765F776E640A00007463705F81
:10FD5000726563656976653A207365676D656E7473
:10FD6000206E6F74207472696D6D656420636F72AC
:10FD7000726563746C7920746F206F6F7365712086
:10FD800071756575650A00007463705F72656365FF
:10FD90006976653A207463706C656E203E207263EC
:10FDA000765F776E640A00007463705F72656365E6
:10FDB0006976653A206F6F736571207463706C6546
:10FDC0006E203E207263765F776E640A000000004A
:10FDD00060B2002070B50D4604000BD0207D0128D4
:10FDE00006D105A340F2DF720FA119A0F7F740FC7E
:10FDF000C4F8845070BD00002E2E2F4D6964646CD1
:10FE00006577617265732F54686972645F506172BF
:10FE100074792F4C7749502F7372632F636F72651B
:10FE20002F7463702E630000696E76616C696420C4
:10FE3000736F636B657420737461746520666F7291
:10FE400020726563762063616C6C6261636B000095
:10FE5000417373657274696F6E2022257322206668
:10FE600061696C6564206174206C696E652025642D
:10FE700020696E2025730A0010B51446080008D0CA
:10FE8000002C10D0218900F04FF82046FBF790FDA0
:10FE90000AE008A34FF4D36212A119A0F7F7E8FB18
:10FEA0006FF00F0010BD0BB1002010BDBDE8104079
:10FEB000FCF742BC2E2E2F4D6964646C657761722D
:10FEC00065732F54686972645F50617274792F4C46
:10FED0007749502F7372632F636F72652F7463704D
:10FEE0002E6300007463705F726563765F6E756C7D
:10FEF0006C3A20696E76616C696420706362000000
:10FF0000417373657274696F6E20222573222066B7
:10FF100061696C6564206174206C696E652025647C
:10FF200020696E2025730A0070B50D46040003D0C9
:10FF3000207D012809D00FE0BDE8704014A340F2F5
:10FF4000CF321FA124A0F7F793BB11A340F2D23206
:10FF50002BA121A0F7F78CFB218D4FF406624819E5
:10FF600080B2904201D8814201D9228500E02085EB
:10FF7000204601F0C3F9B0F5067F08D3608B40F04E
:10FF8000020060832046BDE87040FEF7EDB870BD0A
:10FF90002E2E2F4D6964646C6577617265732F54E2
:10FFA000686972645F50617274792F4C7749502F81
:10FFB0007372632F636F72652F7463702E6300001A
:10FFC0007463705F7265637665643A20696E76610A
:10FFD0006C69642070636200417373657274696F49
:10FFE0006E2022257322206661696C65642061742D
:10FFF000206C696E6520256420696E2025730A00D7
:020000040801F1
:10000000646F6E27742063616C6C207463705F7220
:10001000656376656420666F72206C697374656EC3
:100020002D7063627300000070B50D00044606D1A8
:10003000084BFF2208A103F14400F7F719FB002049
:1000400004E0E16FA94200D1E067E468002CF8D138
:1000500070BD000018D000087463705F72656D6F2A
:1000600076655F6C697374656E65723A20696E7649
:10007000616C6964206C697374656E657200000060
:100080002DE9F041040006D11BA340F2C16227A173
:100090002CA0F7F7EDFA256F6FF005061DB1284685
:1000A000FEF78AFC10B13046BDE8F081286804F103
:1000B0006C06206700E03668306850B1C068406860
:1000C000F9F7C0FF0746E8684068F9F7BBFF381A40
:1000D000F1D43068286035602868002108B9A4F898
:1000E000681094F84200FF2802D2401C84F84200B5
:1000F00000206163D8E700002E2E2F4D6964646CE8
:100100006577617265732F54686972645F506172BC
:1001100074792F4C7749502F7372632F636F726518
:100120002F7463705F6F75742E6300007463705F6B
:100130007265786D69743A20696E76616C696420C5
:1001400070636200417373657274696F6E2022255B
:100150007322206661696C6564206174206C696E2D
:100160006520256420696E2025730A0010B50400FF
:1001700006D119A340F2F96224A12CA0F7F778FA6E
:10018000206F002827D0A07E400724D42046FFF708
:1001900077FF00281FD1B4F84810B4F860008142FE
:1001A00000D208464108A4F84A10608EB1EB400F17
:1001B00005D24FF6FF7101EA4001A4F84A1089B256
:1001C00000EB40000844A4F84800608B40F00400B5
:1001D00060830020208610BD2E2E2F4D6964646C34
:1001E0006577617265732F54686972645F506172DC
:1001F00074792F4C7749502F7372632F636F726538
:100200002F7463705F6F75742E6300007463705F8A
:100210007265786D69745F666173743A20696E7691
:10022000616C696420706362000000004173736553
:100230007274696F6E2022257322206661696C6575
:1002400064206174206C696E6520256420696E20CD
:1002500025730A0010B5040006D109A340F2AD626F
:1002600014A11BA0F7F704FA204600F09BF8002821
:1002700004D12046BDE8104000F03EB810BD00009B
:100280002E2E2F4D6964646C6577617265732F54EF
:10029000686972645F50617274792F4C7749502F8E
:1002A0007372632F636F72652F7463705F6F757401
:1002B0002E6300007463705F7265786D69745F729D
:1002C000746F3A20696E76616C69642070636200B5
:1002D000417373657274696F6E20222573222066E4
:1002E00061696C6564206174206C696E65202564A9
:1002F00020696E2025730A0010B5040006D109A3F9
:100300004FF4D36214A11DA0F7F7B2F994F842009C
:10031000FF2802D2401C84F842002046BDE810406D
:10032000FDF722BF2E2E2F4D6964646C65776172D4
:1003300065732F54686972645F50617274792F4CD1
:100340007749502F7372632F636F72652F746370D8
:100350005F6F75742E6300007463705F7265786DF3
:1003600069745F72746F5F636F6D6D69743A206951
:100370006E76616C6964207063620000417373651E
:100380007274696F6E2022257322206661696C6524
:1003900064206174206C696E6520256420696E207C
:1003A00025730A002DE9F041040006D11BA340F299
:1003B000636227A12FA0F7F75BF9256F6FF00506A1
:1003C0005DB103E0FEF7F8FA38B92D682868002817
:1003D0002846F7D1FEF7F0FA10B13046BDE8F081BB
:1003E000E06E28600026206FC4E91B06608B40F495
:1003F00000606083E8684068F9F724FE0746E86813
:100400008089F9F721FE800700D00120298938442E
:1004100008446663E0640020E0E700002E2E2F4DC4
:100420006964646C6577617265732F54686972647E
:100430005F50617274792F4C7749502F7372632F1C
:10044000636F72652F7463705F6F75742E63000045
:100450007463705F7265786D69745F72746F5F70DA
:100460007265706172653A20696E76616C696420AC
:1004700070636200417373657274696F6E20222528
:100480007322206661696C6564206174206C696EFA
:100490006520256420696E2025730A0018B1007A52
:1004A00008B1FAF719BC1046F9F73CB92DE9FF4F2E
:1004B00085B01E00DDE91279DDF8508093468A464A
:1004C00006D11AA340F2C47225A12CA0F7F7D0F8E8
:1004D000002F06D115A340F2C57232A127A0F7F76D
:1004E000C7F8002546F208045046F9F7ABFD142280
:1004F000CDE90224CDE9009803460022294658465A
:10050000FEF708F804000ED001462B46002205989D
:10051000FEF7F8F8059809B03B4632462146BDE89B
:10052000F04FFEF77FB809B0BDE8F08F2E2E2F4DAB
:100530006964646C6577617265732F54686972646D
:100540005F50617274792F4C7749502F7372632F0B
:10055000636F72652F7463705F6F75742E63000034
:100560007463705F7273743A20696E76616C69644B
:10057000206C6F63616C5F6970000000417373658C
:100580007274696F6E2022257322206661696C6522
:1005900064206174206C696E6520256420696E207A
:1005A00025730A007463705F7273743A20696E7603
:1005B000616C69642072656D6F74655F69700000BD
:1005C00070B5050006D10CA340F2826216A11DA0F1
:1005D000F7F74EF80320FAF777F904000AD004CDB4
:1005E00095E80B0004C484E80B00241FFBF75EFBB6
:1005F000204670BD002070BD2E2E2F4D6964646CA6
:100600006577617265732F54686972645F506172B7
:1006100074792F4C7749502F7372632F636F726513
:100620002F7463702E6300007463705F7365675F7F
:10063000636F70793A20696E76616C6964207365C6
:1006400067000000417373657274696F6E20222524
:100650007322206661696C6564206174206C696E28
:100660006520256420696E2025730A0010B50400FA
:1006700009D0606808B1FBF79BF92146BDE810403E
:100680000320FAF769B810BD10B503E00468FFF75E
:10069000EDFF20460028F9D110BD00002DE9F04102
:1006A0004FF0000704003E4606D118A340F2EA725C
:1006B00023A12BA0F6F7DCFF0025206DF9F7C2FC83
:1006C0000346002229462046FDF7BEFE050010D055
:1006D000014633463A462046FEF714F82246231DCB
:1006E00029461046FDF79EFF618B50B141F0030192
:1006F00009E0608B40F0030060836FF00100BDE80B
:10070000F08121F003016183F9E700002E2E2F4DC7
:100710006964646C6577617265732F54686972648B
:100720005F50617274792F4C7749502F7372632F29
:10073000636F72652F7463705F6F75742E63000052
:100740007463705F73656E645F656D7074795F610B
:10075000636B3A20696E76616C6964207063620035
:10076000417373657274696F6E202225732220664F
:1007700061696C6564206174206C696E6520256414
:1007800020696E2025730A0070B5050006D113A3F9
:1007900040F2EB321EA125A0F6F76AFFEC6E0CB911
:1007A00009E0044620680028FBD1E0688089F9F759
:1007B0004BFC400705D02846BDE870400121FCF7FE
:1007C00077BA0120F9F740FCE1688A8910438881F3
:1007D000688B40F020006883002070BD2E2E2F4DC6
:1007E0006964646C6577617265732F5468697264BB
:1007F0005F50617274792F4C7749502F7372632F59
:10080000636F72652F7463705F6F75742E63000081
:100810007463705F73656E645F66696E3A20696EBB
:1008200076616C69642070636200000041737365D7
:100830007274696F6E2022257322206661696C656F
:1008400064206174206C696E6520256420696E20C7
:1008500025730A0010B504460021FBF7C3FE0021F2
:100860002046FFF7B7FA00212046FCF73BFB204665
:10087000FBF7D0FD034900204860BDE8104002A00E
:10088000F6F7F6BE280000200D0A20646973636F36
:100890006E6E65637465642E0000000070B50646D8
:1008A0000025FDF75BFB04000FD032461449FBF72F
:1008B0009DFE02000FD0314612A0F6F7D9FEAD1E04
:1008C00021460120F9F748FF17E018A0F6F7D0FEFF
:1008D0004FF0FF3511E0FF212046FDF7F5F9040048
:1008E00003D11BA0F6F7C4FEE51E22492046FBF704
:1008F00094FD314620A0F6F7BBFE284670BD0000EF
:10090000AC220108556E61626C6520746F206269CB
:100910006E6420746F20706F72742025643A2065B5
:100920007272203D2025640A0D0000004572726F2E
:1009300072206372656174696E67205043422E2095
:100940004F7574206F66204D656D6F72790A0D00CA
:100950004F7574206F66206D656D6F7279207768B2
:10096000696C65207463705F6C697374656E0A0DE1
:1009700000000000357B0008544350206563686F19
:100980002073657276657220737461727465642079
:100990004020706F72742025640A0D002DE9FE4F0F
:1009A000CA4D47F6FF7B4FF4FA7AE8684FF000082B
:1009B000401CE860A878401CA8700027AC6977E16B
:1009C000207D002806D1C2A340F2BE42CCA1D7A010
:1009D000F6F74EFE207D012806D1BDA340F2BF42AE
:1009E000DCA1D2A0F6F744FE207D0A2806D1B8A3E8
:1009F0004FF49862E2A1CDA0F6F73AFEA17FA87865
:100A0000814202D12746E46852E1A0770026207D8A
:100A1000B146022805D194F84200062801D30126E8
:100A20009FE094F842000C281BD294F8990000280B
:100A300041D0206F002806D0A5A340F2D442DCA10B
:100A4000BAA0F6F715FEE06E002806D1A0A340F28A
:100A5000D542E4A1B5A0F6F70BFE94F89A000C2855
:100A600001D3012671E094F89910EC48095C94F8E0
:100A70009800884202D2401C84F89800C0B2884294
:100A800063D3B4F86010204619B100F06FFA20B1BA
:100A900007E001F0C3F8E8BB03E02046FDF764FB84
:100AA000C0B384F8988094F8990007284DD2401C70
:100AB00084F8990049E0B4F93000584501D2401C4F
:100AC0002086B4F93000B4F9401088423DDB20465E
:100AD000FFF768FC18B1206FE0B9E06ED0B1207D5F
:100AE000022813D094F842000C2800D30C20B4F94B
:100AF0003E10B4F93C2001EBE202C949085C02FA5D
:100B000000F0584500DB5846A4F840004046A4F8E1
:100B1000308000E019E0B4F84820B4F860108A4250
:100B200000D211464A08A4F84A20618E4FF6FF739E
:100B300003EA41039A4201D2A4F84A30A4F84810CB
:100B4000A4F86A002046FFF7D7FB207D062808D1CD
:100B5000A07EC00605D5206AE968081A282800D9B1
:100B6000761C607A000728D5207D042801D007284C
:100B700023D1AC48D4F89410EB680844B0FBFAF2E7
:100B8000206A181A824203D24FF00109761C14E041
:100B900094F89B2042F29F4312FB03F201EBC20147
:100BA000B1FBFAF1814208D22046FCF7C5FE20B91C
:100BB00094F89B00401C84F89B00606F60B1206A31
:100BC000E968081AB4F9401001EB4101B0EB410F9C
:100BD00002D32046FCF7F4FA207D032802D009282E
:100BE00007D00BE0206AE968081A282806D9761C85
:100BF00004E0206AE968081AF028F8D8002E3DD0F1
:100C00002046D4F89060FEF751F8A8695FB184429D
:100C100006D12FA340F26D5283A144A0F6F728FD20
:100C2000E068F8600AE0A04206D029A340F27152C1
:100C300088A13EA0F6F71CFDE068A861B9F1000F9D
:100C40000AD0228BE18A201D8DE807002346184632
:100C5000626A216DFFF72AFC2046D4F81090E46800
:100C6000FCF7C8F985F8008016B36FF00C01484610
:100C7000B047287800287FF4A0AE19E02746E46842
:100C8000387F401CC0B23877797F884210D387F80C
:100C90001C8085F80080D7F88C2032B1394638693D
:100CA000904729780029E6D110B93846FDF75CFA5B
:100CB000002C7FF485AE0026EC6912E1207D0A2825
:100CC00003D003A340F2A152DAE0DEE008010020E5
:100CD0002E2E2F4D6964646C6577617265732F5495
:100CE000686972645F50617274792F4C7749502F34
:100CF0007372632F636F72652F7463702E630000CD
:100D00007463705F736C6F77746D723A2061637493
:100D1000697665207063622D3E737461746520216D
:100D20003D20434C4F5345440A0000004173736516
:100D30007274696F6E2022257322206661696C656A
:100D400064206174206C696E6520256420696E20C2
:100D500025730A007463705F736C6F77746D723AF9
:100D600020616374697665207063622D3E737461DF
:100D7000746520213D204C495354454E0A00000023
:100D80007463705F736C6F77746D723A2061637413
:100D9000697665207063622D3E73746174652021ED
:100DA0003D2054494D452D574149540A000000004B
:100DB0007463705F736C6F7774696D723A207065DD
:100DC0007273697374207469636B696E67207769E5
:100DD000746820696E2D666C69676874206461743C
:100DE000610000007463705F736C6F7774696D727B
:100DF0003A2070657273697374207469636B696EED
:100E000067207769746820656D7074792073656EEA
:100E10006420627566666572000000003F2201086A
:100E200074220108B84C0A007463705F736C6F77AA
:100E3000746D723A206D6964646C6520746370200F
:100E4000213D207463705F6163746976655F7063D0
:100E5000627300007463705F736C6F77746D723AC5
:100E600020666972737420706362203D3D20746354
:100E7000705F6163746976655F7063627300000020
:100E80001AA1AFF25810F6F7F3FB216AE868401A8E
:100E9000F02812D92046FDF709FFE86986B184429F
:100EA00008D1AFF2D41340F2AF521CA1AFF28410BC
:100EB000F6F7DEFBE068F0600FE02646E46810E03D
:100EC000A04208D0AFF2F81340F2B3521DA1AFF226
:100ED000A410F6F7CDFBE068E8612046E468FCF773
:100EE00089F8002C7FF4EAAEBDE8FE8F7463705F72
:100EF000736C6F77746D723A2054494D452D57418C
:100F00004954207063622D3E7374617465203D3DC9
:100F10002054494D452D5741495400007463705F7A
:100F2000736C6F77746D723A206D6964646C6520C0
:100F300074637020213D207463705F74775F706309
:100F4000627300007463705F736C6F77746D723AD4
:100F500020666972737420706362203D3D20746363
:100F6000705F74775F706362730000002DE9F84F63
:100F70000F46050006D157A340F24B3262A16BA089
:100F8000F6F776FBEC6E002C7ED0002F10D0208977
:100F9000B8427AD9688EB84206D24EA340F25B328C
:100FA0006CA162A0F6F764FB208900280BD011E049
:100FB00048A340F253326BA15CA0F6F759FB6FF0E7
:100FC0000500BDE8F88F43A34FF457726EA157A0F8
:100FD000F6F74EFB94F80AB05FEACB7001D0042616
:100FE00000E0002620894FF42072C01B1FFA80F811
:100FF00008EB060081B23620FAF7E0F85FEA000A53
:1010000065D0606822890189891A39448BB2DAF87F
:10101000041042463144FAF73FFC404554D1E068A1
:101020008089F9F711F800F03F064FF0000930070A
:1010300003D526F008064FF00809F00703D026F084
:10104000010649F00109E0684068F8F7FBFFC319A1
:101050004A4651462846CDF800B0FBF70DFD070083
:1010600032D06068FAF7D0FA35F8661F081A28807F
:1010700060680289A2EB080189B2FAF77DFD218937
:10108000A1EB0800208101E021E01BE03046F8F7E9
:10109000DBFFE1688A89104388816068FAF7B4FA57
:1010A0002988084428807868FAF7AEFA2988084425
:1010B00025F86609206838602760386810B9002074
:1010C000A5F8680000207CE75046FAF771FC4FF065
:1010D000FF3076E72E2E2F4D6964646C6577617260
:1010E00065732F54686972645F50617274792F4C14
:1010F0007749502F7372632F636F72652F7463701B
:101100005F6F75742E6300007463705F73706C6939
:10111000745F756E73656E745F7365673A20696E90
:1011200076616C69642070636200000041737365CE
:101130007274696F6E2022257322206661696C6566
:1011400064206174206C696E6520256420696E20BE
:1011500025730A0073706C6974203C3D206D7373B5
:101160000000000043616E27742073706C69742066
:101170007365676D656E7420696E746F206C656E43
:101180006774682030000000757365672D3E6C65DC
:101190006E203E20300000000848816800290CD1F4
:1011A0000749084A09681268114306D00121816085
:1011B00000220549FA20FAF765BF70474C0100206C
:1011C00020010020240100205D1D01083EB51D4CBA
:1011D00005462078400722D4002D06D11AA340F2FC
:1011E000EE2226A12DA0F6F743FA2078810717D525
:1011F000696A6069421A18D42A8D1144411A00297B
:1012000013DCE1682F4B0A8849880093CDE901126D
:1012100061891B1D42182846A169FFF747F93EBDA9
:10122000C00702D028480068286260890028F6D0EC
:10123000688B40F0020068832846BDE83E40FCF71A
:1012400093BF0000280100202E2E2F4D6964646C8E
:101250006577617265732F54686972645F5061725B
:1012600074792F4C7749502F7372632F636F7265B7
:101270002F7463705F696E2E630000007463705F8B
:1012800074696D65776169745F696E7075743A2011
:10129000696E76616C696420706362004173736586
:1012A0007274696F6E2022257322206661696C65F5
:1012B00064206174206C696E6520256420696E204D
:1012C00025730A00447D00201401002010B5FBF7AF
:1012D0005BFE05484178491C4170C80703D0BDE852
:1012E0001040FFF75BBB10BD0801002002484178A9
:1012F00041F01001417070472801002070B50400D2
:1013000006D115A340F2A6321FA128A0F6F7B0F926
:10131000258D626A638E51194FF48666E06AB34286
:1013200000D933460344CB1A02D46585081A70BD30
:10133000111A002902DD002060850BE0851AB5F541
:10134000803F06D304A340F2B63222A117A0F6F7DD
:101350008FF96585002070BD2E2E2F4D6964646C59
:101360006577617265732F54686972645F5061724A
:1013700074792F4C7749502F7372632F636F7265A6
:101380002F7463702E6300007463705F7570646106
:1013900074655F7263765F616E6E5F776E643A202C
:1013A000696E76616C696420706362004173736575
:1013B0007274696F6E2022257322206661696C65E4
:1013C00064206174206C696E6520256420696E203C
:1013D00025730A006E65775F7263765F616E6E5F7C
:1013E000776E64203C3D20307866666666000000BB
:1013F0002DE9FF4F4FF0000B8DB01746CDF80CB024
:10140000CDF818B005005C465E46CDF824B0CDF8A6
:101410002CB0ADF820B0D9466FF00F08CDF828B049
:1014200007D0688EB5F86210B0EB510F06D20146B6
:1014300005E0EEA34FF4CF72F9A147E0490801B1EE
:10144000084605900E9800283CD01146284600F02A
:101450002BFB00283ED1B5F866A00490E86E00286A
:101460007ED0044600680028FBD1A07AC00700D0D7
:1014700004208046218905984144814206D9DBA396
:101480004FF4F372ECA1F2A0F6F7F2F82189059877
:101490004144401A1FFA80F8B5F86800ADF8200002
:1014A00000282FD0404506D9D0A34FF4FC72F2A1FA
:1014B000E7A0F6F7DDF80394BDF82010B9420CD28E
:1014C0000A460BE0C9A340F2AD12F3A1E0A0F6F783
:1014D000CFF8404611B0BDE8F08F3A46404642454D
:1014E00004D8B94201D2084600E03846814606EBEE
:1014F000090086B2A1EB0900ADF82000A8EB0900B5
:101500001FFA80F8BDF8200040B1BE4206D0B7A354
:101510004FF40072EDA1CEA0F6F7AAF8BE4263D256
:10152000B8F1000F60D020890028FBD0B81B4146DD
:10153000404500DD084680B2079010980394C0072C
:1015400018D0012110980095CDE9010108AB424661
:1015500000200799FDF702FB5FEA000B6CD000E06A
:1015600037E00E98079A8119DBF80400EEF76CFE5D
:10157000584626E0606800E0084601680029FBD173
:10158000017B890910D14168408901440E9881424C
:101590000AD136B195A340F23122D4A1ACA0F6F71E
:1015A00067F807980A9011E0012200200799F9F7DF
:1015B00005FE5FEA000BD1D00E9881195846CBF892
:1015C0000410FAF721F850441FFA80FA07983044C3
:1015D00095E0B5F868000028A4D084A340F24A2220
:1015E000CDA19BA0F6F744F88AE0B81B81B2DDE9F3
:1015F0000420801A80B2814200D2084680461098AA
:10160000C0072AD00998002825D0002110980095FD
:10161000CDE9010108EB020081B208AB3620059A42
:10162000FDF79CFA0190002898D04189414508D2E5
:101630006EA340F2662200E006E2C3A184A0F6F7A2
:1016400017F80E9881190198426804981044424690
:10165000EEF7FAFD22E00121D8E7BDF8200030B115
:1016600062A340F27122C8A179A0F6F701F8012225
:1016700041463620F9F7A2FD009000289BD00E9835
:101680004FF4207281190098416036200499F9F7CF
:1016900095FD019078B10099F9F71EFF0198F9F7CF
:1016A000B3FF50441FFA80FABAF1090F05D9019827
:1016B000FAF77EF9C8E10098FAE70B980090E86D18
:1016C0000022831928460199FBF7D6F903900028D8
:1016D000F0D0099810B1069818B109E00398099064
:1016E00009E042A340F2AB22ABA159A0F5F7C0FF3D
:1016F0000698039901600398069006EB080086B2ED
:10170000BE42FFF472AFB9F1000F19D0666811E064
:10171000318901EB09003081306850B971897068F6
:101720004A4608440E99EEF78FFD718901EB0900D6
:1017300070813668002EEBD1218901EB09002081F0
:10174000BDF82000A5F86800BBF1000F0FD034B938
:1017500026A34FF4387295A13DA0F5F789FF5946AD
:101760006068F9F7B9FE2189BBF808001FE00A9804
:10177000F8B10CB1606830B91CA340F2E62299A11F
:1017800033A0F5F775FF606804E003890A9A1A44EC
:101790000281084601680029F7D102890A9911449B
:1017A000018142890A991144418121890A9808449A
:1017B0002081099884B12060E86D3844E865B5F867
:1017C0006400C01BA5F864005FEA0A00A5F8660083
:1017D00001D0286F10B126E1E866EDE7E86E18B990
:1017E00002A340F2123219E11DE100002E2E2F4D0E
:1017F0006964646C6577617265732F54686972649B
:101800005F50617274792F4C7749502F7372632F38
:10181000636F72652F7463705F6F75742E63000061
:101820007463705F77726974653A20696E76616C73
:1018300069642070636200006D73735F6C6F636135
:101840006C20697320746F6F20736D616C6C000085
:10185000417373657274696F6E202225732220664E
:1018600061696C6564206174206C696E6520256413
:1018700020696E2025730A00696E636F6E73697349
:1018800074656E74206F76657273697A65207673FD
:101890002E207370616365007463705F7772697482
:1018A000653A20617267203D3D204E554C4C202802
:1018B00070726F6772616D6D65722076696F6C61B1
:1018C000746573204150492900000000696E636F00
:1018D0006E73697374656E74206F76657273697A5E
:1018E000652076732E206C656E0000007463705F57
:1018F00077726974653A20524F4D20706275667335
:101900002063616E6E6F74206265206F76657273FE
:10191000697A656400000000756E73656E745F6FB0
:1019200076657273697A65206D69736D6174636839
:1019300020287063622D3E756E73656E7420697326
:10194000204E554C4C2900007463705F77726974A7
:10195000653A20636865636B20746861742066690A
:1019600072737420706275662063616E20686F6C9C
:10197000642074686520636F6D706C657465207396
:1019800065676C656E0000006F76657273697A65D5
:10199000203D3D2030000000707265765F73656702
:1019A00020213D204E554C4C000000007463705FB8
:1019B00077726974653A2063616E6E6F7420636F2D
:1019C0006E636174656E617465207768656E207002
:1019D00063622D3E756E73656E7420697320656D4C
:1019E000707479007463705F77726974653A20650A
:1019F0007874656E73696F6E206F662072656665B8
:101A000072656E63652072657175697265732072A7
:101A100065666572656E6365000000001AA1AFF22D
:101A2000D010F5F725FE039860B1C06850B110984A
:101A3000800707D40820F8F707FB0399C9688A894B
:101A400010438881002045E5688B40F08000688362
:101A5000BBF1000001D0F9F7ABFF099808B1FEF720
:101A600013FEB5F8660060B1286F50B9E86E40B952
:101A7000AFF2882340F2273203A1AFF22C20F5F712
:101A8000F7FD4FF0FF3025E57463705F777269747E
:101A9000653A2076616C6964207175657565206CA6
:101AA000656E67746800000070B50D46040006D1CD
:101AB0001FA340F233122BA132A0F5F7D9FD207DF0
:101AC000042808D0072806D0022804D0032802D012
:101AD0006FF00A0070BD002D27D0B4F864004FF0FD
:101AE000FF31A84203D3B4F86600092805D3608B00
:101AF00040F080006083084670BD0028206F09D048
:101B0000002812D1E06E00280FD109A340F255122F
:101B100026A107E010B9E06E002806D004A34FF418
:101B2000AC7231A117A0F5F7A3FD002070BD000035
:101B30002E2E2F4D6964646C6577617265732F5426
:101B4000686972645F50617274792F4C7749502FC5
:101B50007372632F636F72652F7463705F6F757438
:101B60002E6300007463705F77726974655F6368E9
:101B700065636B733A20696E76616C69642070638B
:101B800062000000417373657274696F6E202225D4
:101B90007322206661696C6564206174206C696ED3
:101BA0006520256420696E2025730A007463705FC8
:101BB00077726974653A207062756673206F6E2063
:101BC0007175657565203D3E206174206C6561739B
:101BD00074206F6E65207175657565206E6F6E2D52
:101BE000656D7074790000007463705F777269745A
:101BF000653A206E6F207062756673206F6E20717B
:101C000075657565203D3E20626F7468207175654D
:101C100075657320656D7074790000002DE9F047DB
:101C200004004FF0000906D12CA340F64F0238A162
:101C300040A0F5F71DFDE56E35B394F89A00FF2836
:101C400002D2401C84F89A00E8688089F8F7FCF911
:101C5000C00701D02889D0B100260122E868494692
:101C600043682046FCF7F0FB5FEA000812D0D8F882
:101C700004100F468EB11120F8F7E6F9B98921F466
:101C80007C510843B88111E00020BDE8F0870126AF
:101C90000022E3E74FF0FF30F7E768682B89143143
:101CA0000289D21A93B20122F9F7F6FDE86840687A
:101CB000F8F7C8F9216D401C091A00D520654B467C
:101CC000002241462046FCF71DFD2246231D4146C9
:101CD000BDE8F0471046FCF7A5BC00002E2E2F4DA6
:101CE0006964646C6577617265732F5468697264A6
:101CF0005F50617274792F4C7749502F7372632F44
:101D0000636F72652F7463705F6F75742E6300006C
:101D10007463705F7A65726F5F77696E646F775F07
:101D200070726F62653A20696E76616C69642070CA
:101D300063620000417373657274696F6E202225BF
:101D40007322206661696C6564206174206C696E21
:101D50006520256420696E2025730A0010B5FFF701
:101D6000B5FA0848084900680968084306D0002207
:101D7000BDE810400549FA20FAF784B9044900206B
:101D8000886010BD20010020240100205D1D010895
:101D90004C01002010B50B4C606888B1007D042810
:101DA0000ED1208800040BD52088C0F30E01064810
:101DB00000F0BAF901460020208004A0F5F758FC95
:101DC000002010BD28000020600700200D0A2073AD
:101DD000656E642025642062797465732073756371
:101DE000636573732E00000010B5EEF71BFA03490C
:101DF000C0F30D0000F54040088010BD58010020E0
:101E00002DE9F04F87B08946070005D14AA3CF22BC
:101E100055A15BA0F5F72CFCB9F1000F05D146A345
:101E2000D02261A156A0F5F723FC788908287CD33D
:101E3000644D7C6829686869F7F74CF8029020883F
:101E4000F8F702F900906088F8F7FEF8DFF878B14B
:101E500000268246B046DBF8044032E0618A5145F4
:101E60002DD149462046029A00F0BEF838B3207CB6
:101E7000400711D4B8F1000F0DD0029860B1686925
:101E8000401C09D1D8F80010D9F80400814203D0D1
:101E90002168814200D1A046A18A009881420ED1DA
:101EA000606810B12969884209D136B1E068F060F4
:101EB000DBF80410E160CBF8044024B10BE02646C7
:101EC000E468002CCAD15FEA080404D1D9F8040000
:101ED0006969884229D108213846F9F72DFF38B1C0
:101EE00015A34FF4B87239A125A0F5F7C1FB1CE08A
:101EF00054B1A569CDB1334B3A4610332146E06960
:101F0000A84707B0BDE8F08F029870B9287DC0F3EC
:101F100003100E2809D0A889083001B23846F9F715
:101F200013FE03213846F6F751FE07B03846BDE8E8
:101F3000F04FF9F73DBD00002E2E2F4D6964646C03
:101F40006577617265732F54686972645F5061725E
:101F500074792F4C7749502F7372632F636F7265BA
:101F60002F7564702E6300007564705F696E707504
:101F7000743A20696E76616C6964207062756600DF
:101F8000417373657274696F6E2022257322206617
:101F900061696C6564206174206C696E65202564DC
:101FA00020696E2025730A007564705F696E707514
:101FB000743A20696E76616C6964206E6574696636
:101FC00000000000347D002058010020706275661A
:101FD0005F72656D6F76655F6865616465722066C6
:101FE00061696C65640A000070B516460D46040010
:101FF00005D116A3872221A129A0F5F739FB002DD1
:1020000005D112A3882230A125A0F5F731FB217A52
:10201000374831B1426892F83020521CD2B2914216
:1020200012D14EB174B1216861B14069421C09D02E
:10203000AA681140104003E024B1216811B1406941
:10204000814201D1012070BD002070BD2E2E2F4D88
:102050006964646C6577617265732F546869726432
:102060005F50617274792F4C7749502F7372632FD0
:10207000636F72652F7564702E6300007564705F06
:10208000696E7075745F6C6F63616C5F6D617463B2
:10209000683A20696E76616C696420706362000042
:1020A000417373657274696F6E20222573222066F6
:1020B00061696C6564206174206C696E65202564BB
:1020C00020696E2025730A007564705F696E7075F3
:1020D000745F6C6F63616C5F6D617463683A2069F3
:1020E0006E76616C6964206E65746966000000003C
:1020F000347D002010B5002813D00268002A10D0CB
:1021000000290ED00A68002A0BD0064A526806E061
:1021100013680468A34201D10B681360D268002AD7
:10212000F6D110BD580100202DE9F041114A0D46AD
:10213000002657688046B7B90020BDE8F081AC4260
:1021400000D32C46A2B2012341463846FFF750F98E
:1021500018B13846FCF708F80AE02D1B2644A044C5
:102160003846FCF701F81DB1B7F86440002CE6D101
:102170003046E2E72800002020060C003431002021
:10218000980000200006101600061016000000003F
:102190000000000001020304060708090000000017
:1021A00001020304FFFFFFFFFFFF0000000000002B
:1021B000200004009F830020D40000209C00050024
:1021C00022840020D80000201C0008003187002055
:1021D000DC0000201000100014880020E000002027
:1021E0002000050017890020E400002018000F00DF
:1021F000BA890020E800002010000300258B002091
:10220000EC00002010001000588B0020F00000208F
:10221000600210005B8C0020F4000020B021010857
:10222000BC210108C8210108D4210108E0210108CE
:10223000EC210108F82101080422010810220108FC
:1022400003060C1830607800D4220108FC22010833
:102250001C230108DC220108C8220108B022010861
:10226000BC22010810230108E8220108F02201081D
:1022700004230108010203040506070707070707EF
:10228000070000001C010020180100202001002090
:1022900024010020FA000000CD120108E80300002C
:1022A000B59D0008E8030000398700080000000021
:1022B00046494E5F574149545F31000046494E5FE1
:1022C000574149545F32000045535441424C4953F1
:1022D00048454400434C4F534544000053594E5F1A
:1022E0005243564400000000434C4F53494E4700B0
:1022F0004C4153545F41434B000000004C49535440
:10230000454E000054494D455F5741495400000077
:10231000434C4F53455F57414954000053594E5F5A
:1023200053454E54000000007463705F656E717514
:102330006575655F666C6167733A206E65656420DC
:10234000656974686572205443505F53594E206F1D
:1023500072205443505F46494E20696E20666C617E
:102360006773202870726F6772616D6D6572207679
:10237000696F6C6174657320415049290000000049
:102380006E657469662D3E6877616464725F6C6522
:102390006E206D75737420626520746865207361AA
:1023A0006D65206173204554485F4857414444524D
:1023B0005F4C454E20666F722065746861727021B3
:1023C00000000000E4230108000000203C0200009F
:1023D0002C030008D82401083C02002034D100005E
:1023E000C0760008013013755E1B08A5041AB104FD
:1023F0001AD90413055F1B0855081A810417040332
:10240000090412013202164083042B5726020102EE
:102410000301031E1A0313A9051B089F041AD50400
:102420001AB9041AA3040120195711821003462473
:10243000F422C003476E19194C011413B961140832
:10244000F9608C086962E41AE51001101A6D281A07
:102450004D041A8D041A4104328114090222130119
:102460000125E032090415010301021509211101BA
:102470001401224A1607058103041A0A246912313D
:10248000130A063202334001100A05010902A101B4
:102490000901A1100805091901290315180F2501C3
:1024A000950375018102950175058101202817307A
:1024B000093109381581257F750895038106C00902
:1024C0003C05FF090129980D75019502B122750699
:0824D0009501B101D8000000E4
:040000050800018965
:00000001FF
