:020000040800F2
:10000000B8B300209D0100081F4D000833450008CB
:100010001D4D000883030008DD7500080000000086
:1000200000000000000000000000000099560008D9
:1000300065040008000000009B4E0008A55600085B
:10004000B7010008B7010008B7010008B7010008B0
:10005000B7010008B7010008B7010008B7010008A0
:10006000B7010008B7010008B7010008B701000890
:10007000B7010008B7010008B7010008B701000880
:10008000B7010008B7010008B70100089103000894
:1000900085030008B7010008B7010008B701000890
:1000A000B7010008B7010008B7010008B701000850
:1000B00081570008B7010008B7010008B701000820
:1000C000B7010008B7010008B7010008B701000830
:1000D000B7010008115D0008B7010008B70100086A
:1000E000B7010008B7010008B7010008B701000810
:1000F000B7010008B7010008B7010008B701000800
:10010000B7010008354F0008B7010008B701000823
:10011000B7010008B7010008B7010008B7010008DF
:10012000B7010008B70100089D030008A9030008F3
:10013000B7010008B7010008B7010008B7010008BF
:10014000B7010008B7010008B7010008214D0008F9
:10015000B7010008B5030008B7010008B70100089F
:10016000B7010008B7010008B7010008B70100088F
:10017000B7010008B7010008B7010008000000003F
:10018000B7010008B7010008DFF80CD000F0BCF898
:1001900000480047A9B70008B8B3002006488047C8
:1001A00006480047FEE7FEE7FEE7FEE7FEE7FEE75C
:1001B000FEE7FEE7FEE7FEE7715700088901000849
:1001C0002DE9F05F0546002092469B46884606468C
:1001D000814640241BE0284641464746224600F01F
:1001E00082F853465A46C01A914110D31146184618
:1001F000224600F069F82D1A67EB01084F462246A7
:100200000120002100F060F817EB00094E41201E8C
:10021000A4F10104DFDC484631462A464346BDE8E6
:10022000F09F00000649074A0868504343F239022C
:10023000104408604008704701490860704700009A
:10024000380200206D4EC64110B5441A0346944250
:1002500009D28418114403E011F8013D04F8013D6E
:10026000521EF9D210BD40EA0104A40703D009E0F0
:1002700010C9121F10C3042AFAD203E011F8014B6F
:1002800003F8014B521EF9D210BDD2B201E000F8C2
:10029000012B491EFBD270470022F6E710B513462A
:1002A0000A4604461946FFF7F0FF204610BD30B558
:1002B00004460020034600E05B1C934203D2E05C4E
:1002C000CD5C401BF8D030BD202A04DB203A00FA78
:1002D00002F1002070479140C2F1200320FA03F39D
:1002E000194390407047202A04DB203A21FA02F09B
:1002F0000021704721FA02F3D040C2F12002914060
:100300000843194670470000064C074D06E0E068B8
:1003100040F0010394E8070098471034AC42F6D34C
:10032000FFF736FF84310108A431010870B58C183D
:1003300010F8015B15F0070301D110F8013B2A11F9
:1003400006D110F8012B03E010F8016B01F8016BE6
:100350005B1EF9D12B0705D40023521E0DD401F8E2
:10036000013BFAE710F8013BCB1A921C03E013F8AB
:10037000015B01F8015B521EF9D5A142D8D30020E0
:1003800070BDFEE7014800F00CBC000074020020C4
:10039000014800F006BC000074020020014800F093
:1003A00003BF000004070020014800F0FDBE00006C
:1003B0005C040020014800F0F7BE0000BC040020EF
:1003C00001681823CAB2103AB2FBF3F2054B6FF37F
:1003D0000901032A9B5CC36500D9091D8165084694
:1003E00070470000E02E010810B5014600208B691F
:1003F0008A6A4FF0C07453B1B3F5005F15D072B183
:10040000012A0CD0022A0AD0032A09D104E01AB129
:10041000012A06D0022A03D1C96AC90100D50120E8
:1004200010BDC96AA142FAD010BD002AF7D0012A36
:10043000F2D0022AF3D0032AF3D010BD30B50468FD
:10044000256825F480252560046863608368402B57
:10045000036803D099600068C26030BD9A6000688C
:10046000C16030BD70470000F0B500231A464FF060
:10047000004500BF016903EB830401EBC4010A607E
:100480004A608A60CA600A620D604A62466946F440
:1004900080464E604E6826F000464E6000EB8306B4
:1004A000032BB16405D22827066907EBC404344442
:1004B00000E00469CC605B1C042BDBD3C2650266E0
:1004C0008266C26682650169006800F58050C1607D
:1004D000F0BD38B50446006800F58050816941F4EC
:1004E00080118161206800F58050806900900120B2
:1004F00000F0CCFF2068009900F58050816138BD84
:1005000070B5A4B00125002406468DF828408DF86A
:1005100004501494A8038DF8564005908DF810509F
:1005200002948DF80E508DF85440C0108DF8115083
:100530008DF81F408DF8204006908DF81E508DF8E4
:100540000F4009948DF81C4012948DF84C408DF8A2
:1005500055406946304600F069F98DF881508DF8B4
:1005600080408DF8824028041B908DF868508001EF
:100570001F908DF870508DF8885040128DF8715092
:100580001E941D908DF87250239421948DF88950FB
:1005900019A93046199400F0E9F824B070BD002084
:1005A000704701F085BC000010B5024801F0FAF96F
:1005B000002010BDFC5B002013460A4610B5014622
:1005C000034801F077F9002801D04FF0FF3010BD4B
:1005D000FC5B002013460A4610B50146034801F0B3
:1005E000DDFA002801D04FF0FF3010BDFC5B002089
:1005F0002DE9F043836A1830914650F823208D6826
:100600001C4617680026002F6BDB00EB83077F6911
:10061000BFBBD5F800C00127C2F808C0D2F804C09B
:10062000D5F804806FF30C0C4CEA080CC2F804C037
:1006300091F800C05FEACC7C09D0D2F800C0D1F8B4
:1006400014802CF4400C4CEA080CC2F800C091F85D
:1006500000C05FEA8C6C09D5D2F800C0D1F81080D8
:100660002CF0406C4CEA080CC2F800C0097849072D
:1006700003D5116841F080011160116841F080518B
:1006800048E02EE0116821F0005111601168B9F1C5
:10069000000F02D041F0804101E021F08041116063
:1006A0005B1C042B00D31B1F50F82320116800296A
:1006B00003DB00EB83014969B1B150F8242000212C
:1006C0000DE000BFBFF35F8F136823F0004313609A
:1006D000641C042C00D3241F491C50F82420B94268
:1006E000F0D30220BDE8F083116821F08051116041
:1006F000AD68296891605168D5F804C06FF30C01AA
:1007000041EA0C015160761C7F1CBFF35F8F1168BA
:1007100041F000411160A9680029B3D11168B9F115
:10072000000F02D041F0804101E021F080411160D2
:10073000116841F00051116050F82410BFF35F8F31
:100740000A6842F000420A6000EB8302416A51618C
:10075000EFF31081012282F310880361826A761C14
:10076000324481F3108882620020BBE770B50C46EA
:100770000168054601F5805188692B4A1040227BAB
:10078000EAB30022637B920642EA4362637FBBB313
:100790005FF0000342EA0352A37B42EA43526369DB
:1007A0001A43237F42EAC312A37F42EA8312236AD9
:1007B0001A4394F8243042EA830202438A6128688B
:1007C00000F580508669012000F060FE286800F581
:1007D00080508661A169A06822790843216941EAB5
:1007E0004261084394F8251040EAC110A16A40EA2A
:1007F00081002168084340F40001286801E00FE00F
:1008000010E000F580500160286800F58050046811
:10081000012000F03BFE286800F58050046070BDA8
:100820000122AFE70123B5E7233FDEF870B5026888
:1008300005460C4610683C49A37B0840A16841EA84
:100840004361237C002B64D00023667CDB05002EF3
:1008500061D0002643EA86531943E37F41EA03410E
:1008600063691943A37FEBB35FF0000341EA4331AF
:10087000237F41EA0331A3691943237941EA8321A4
:1008800094F820307BB3002341EA4321E37B41EA23
:10089000C311636A194394F8283041EA03110143F4
:1008A000116028680668012000F0F0FD28680660E5
:1008B0002A6890694FF641710840A36C216D41EAA6
:1008C000034194F84C3063B3002394F85560DB0186
:1008D000012E00D0002643EAC603194394F856308F
:1008E000012B01E019E01AE000D0002341EA830166
:1008F00094F85430012B00D0002341EA4301014316
:10090000916128688469012000F0C0FD2868846135
:1009100070BD012399E701269CE70123A6E7012387
:10092000B2E70123D1E700000F8120FD2DE9F84354
:10093000044600200090A56E4FF0010804EB8500EE
:10094000E76E866C1EE0306A30B9684600F0E4FF5E
:10095000009880B33062B060B8F1000F12D0A06D83
:10096000002860692BD040F480407060306840F00F
:10097000004030606D1C042D00D32D1F04EB85005A
:100980007F1E866C17B1B8F1000FDCD1E06EB84263
:100990000FD0E81C00F00300BFF35F8F216900EB6C
:1009A000800001EBC001206800F580508160C4E93F
:1009B0001A57BDE8F883FFE74FF00008E2E7014966
:1009C0000843D2E70040008072B6FEE730B5B3F5C9
:1009D000804F05D06FF0704140F82210002030BDEC
:1009E0008C690B688D6823434C688989240144EA2B
:1009F0000524234343EA014150F82230014C2340AF
:100A00001943E9E70000F0CF10B50A6850F822302A
:100A100023F0010340F822308C68082C23D00023F7
:100A20004A682243CC681C430B6922431A434B6932
:100A30000E4C1A43CB691A430B6A1A434B6A1A438A
:100A40008B6A1A43CB6A1A430B6B1A438B691343A5
:100A5000CA6B09681A4350F82130A343134340F886
:100A60002130002010BD4023DAE700007FFF0F0097
:100A700030B5D1E9003443EA04138C688D8924022F
:100A800044EA054423430C8A074D00EB820005EB42
:100A9000045423430C7D6D0105EB046489692343F1
:100AA0000B434360002030BD0000F0FF704770B57D
:100AB00090F82040012C05D0022C03D0416A41F46B
:100AC000802128E0046809B32469A40720D04FF4EA
:100AD000D874056804EB01142D5915F004059560D0
:100AE00005682D591AD0ED08556005682C5904F099
:100AF0000204D4604FF4DA74056804EB01142E5933
:100B000006F00F06082E0CD308250DE0E468DCE79C
:100B1000416A41F400114162012070BD6D0D156004
:100B2000E3E72D5905F00F05156105682D59C5F34B
:100B30000725956105682C59240C54614FF4DC722B
:100B4000046802EB0112A4581C700468A458240A1B
:100B50005C700468A458240C9C700468A258120E9F
:100B6000DA704FF4DE72046802EB0112A4581C71B3
:100B70000468A458240A5C710468A458240C9C716D
:100B80000468A258120EDA71006829B1016941F0B7
:100B900020010161002070BDC16841F02001C160E9
:100BA000F8E72DE9F05F0546006800244669D0F8B3
:100BB00004908768D0F80CB0D0F810A0D0F8188056
:100BC000F10748D0F90714D001218160B80703D597
:100BD000284600F065FA0CE0780702D54FF400646F
:100BE00007E0380702D54FF4805402E0284600F0B1
:100BF00056FAF80516D529684FF480708860B80554
:100C000003D5284600F071FA0CE0780502D544F4CB
:100C1000005407E0380502D544F4804402E0284639
:100C200000F062FAF80316D529684FF48030886026
:100C3000B80303D5284600F05AFA0CE0780302D531
:100C400044F4004407E0380302D544F4803402E061
:100C5000284600F04BFA300707D55FEACB6004D591
:100C60002968102044F40074C86070074FF008072A
:100C700007D55FEA0B7004D52868C760284600F0E6
:100C80009FF9B00706D52868C068800702D02846BB
:100C900000F098F9700607D55FEACA6004D52968A4
:100CA000102044F480640861B00607D55FEA0A703A
:100CB00004D528680761284600F0EEF9F00606D54D
:100CC00028680069800702D0284600F0E6F9B003E2
:100CD00008D55FEAC96005D5296810204860284614
:100CE00000F0DCF9F00307D55FEA097004D5286845
:100CF0004760284600F0FCF9300446D55FEA4970A9
:100D000040D5F00504D55FEAC87001D044F0010475
:100D1000B00504D55FEA887001D544F0020470057F
:100D200004D55FEA487001D544F00404300529D5A4
:100D300018F0700F26D008F07000402815D006DC9F
:100D4000102809D020280AD0302816D10AE05028CF
:100D50000ED0602811D10EE044F008040DE044F0FC
:100D600010040AE044F0200407E044F0400404E0EA
:100D700044F0800401E044F480742868816921F023
:100D800070018161296804204860002C05D0686AE0
:100D9000204368622846FFF789FEBDE8F09F70B5E2
:100DA000040003D094F8200010B104E0012070BDCD
:100DB000204600F081F82068016841F001010160DF
:100DC00001F076F80546052604E001F071F8401BB5
:100DD0000A2811D820684068C007F6D0206801684A
:100DE00021F00201016001F063F805460BE001F01B
:100DF0005FF8401B0A2806D9606A40F40030606240
:100E000084F82060D2E7206840688007EFD4207E15
:100E10000128206801683DD021F080010160607EDA
:100E200001282068016838D021F040010160A07ECF
:100E300001282068016833D021F020010160E07EA4
:100E40000128206801682ED041F010010160207F48
:100E500001282068016829D021F008010160607F25
:100E600001282068016824D021F004010160D4E940
:100E700002010843D4E90412114308436168491E82
:100E800008432168C86100206062012084F82000C6
:100E9000002070BD41F08001C0E741F04001C5E78E
:100EA00041F02001CAE721F01001CFE741F008012D
:100EB000D4E741F00401D9E72DE9F04387B00446B7
:100EC00014216846FFF7E8F9394B3A48DFF8DC802F
:100ED0001968D4F800C0374A022503260927DFF82D
:100EE000D89010300024491CC44530D11960012924
:100EF00007D1016841F000710160006800F00070E6
:100F00000590106840F002001060106802AB00F01D
:100F1000020005904FF44070CDE9000583E8D00051
:100F20006946484600F0BAFE00221146132001F03F
:100F300025F9132001F014F900221146142001F0C4
:100F40001DF9142001F00CF907B0BDE8F083DFF8BB
:100F50006C80C445F8D1D0F800C04CF0806CC0F86B
:100F600000C0D0F800C001290CF0806CCDF814C08E
:100F7000196007D1016841F000710160006800F05C
:100F800000700590106840F002001060106802AB1D
:100F900000F0020005904FF44050CDE9000583E8D1
:100FA000D0006946484600F079FECDE70064004075
:100FB0000400002030380240000402400068004075
:100FC000704700007CB522496D46A1F11C0488429F
:100FD0001DD12B4622460021FFF769FD002815D1BF
:100FE0001CA006F0FDFA20A0216806F0F9FA20A066
:100FF00006F0F6FA002420A0295D06F0F1FA641C40
:10100000E4B2082CF7D31EA006F0EAFA7CBD104922
:1010100028318842FAD1A1F144022B460021FFF782
:1010200046FD0028F2D117A006F0DAFA0EA02168DA
:1010300006F0D6FA0EA006F0D3FA00240EA0295D21
:1010400006F0CEFA641CE4B2082CF7D3DBE700000C
:101050007402002043414E31205265636569766514
:1010600064200D0A0000000049443A2523780A0054
:10107000446174613A0000003078253032782000F5
:101080000A00000043414E3220526563656976656F
:1010900064200D0A000000007047704770477047D9
:1010A0000649884201D106A004E00449283188425B
:1010B00002D108A006F094BA704700007402002024
:1010C00043414E312053656E642064617461206F2A
:1010D0006B0D0A0043414E322053656E64206461FB
:1010E0007461206F6B0D0A0070477047704770473E
:1010F00070472DE9F0410446876D00F0D9FE0646A1
:1011000094F835000025022806D08020606584F818
:1011100034500120BDE8F0812068016821F01601FB
:1011200001602068416921F080014161206C08B9AB
:10113000A06C20B12068016821F0080101602068DE
:10114000016821F0010101600CE000F0B1FE801B9C
:10115000052807D920206065032084F8350084F82D
:101160003450D7E720680068C007EED194F85C10CF
:101170003F208840B860012084F8350084F834505E
:101180000020C7E790F83510022903D0802141657F
:1011900001207047052180F835100068016821F0B2
:1011A00001010160002070472DE9F84304464FF02B
:1011B0000009CDF8009063484FF41651A56D006802
:1011C000B0FBF1F72E6894F85C10082000FA01F1EA
:1011D00031420FD021680A6852070BD50A6822F005
:1011E00004020A6094F85C108840A860606D40F0CA
:1011F0000100606594F85C104FF0010808FA01F0F6
:10120000304208D021684969090604D5A860606D9C
:1012100040F00200606594F85C1004208840304281
:1012200008D021680968890704D5A860606D40F07E
:101230000400606594F85C1010208840304218D09B
:1012400021680968090714D5A86020680168490366
:1012500004D50068000308D5A16C07E00168C90542
:1012600003D4016821F008010160216C09B1204616
:10127000884794F85C1020208840304231D02168A3
:101280000968C9062DD5A86094F83500052820689E
:10129000016806D0490347D5006800031DD4616C7E
:1012A0001CE021F0160101602068416921F08001F5
:1012B0004161206C08B9A06C20B12068016821F060
:1012C0000801016094F85C103F208840A86084F811
:1012D000358084F83490216D1FE0E16B09B1204620
:1012E0008847606D00282BD0606DC00714D00520A2
:1012F00084F835002068016821F001010160009840
:10130000401C0090B84203D820680068C007F6D19E
:1013100084F8358084F83490E16C002910D001B055
:101320002046BDE8F04308470168C905D5D40168E7
:1013300021F01001016084F8358084F83490CCE706
:10134000BDE8F883500100202DE9F041044600F08B
:10135000AFFD06465CB1022084F83500002584F814
:1013600034502068016821F0010101600DE0012086
:10137000BDE8F08100F09CFD801B052805D92020E8
:101380006065032084F83500F2E720680068C00734
:10139000F0D12268116820480140D4E901031843C4
:1013A000D4E903363343184363691843A3691843E8
:1013B000E3691843236A18430843616A042903D187
:1013C000D4E90B1319430843106020684069666A2A
:1013D00020F0070130460E43012704280CD1A06AF3
:1013E0000643E06A40B12046FEF7FEFF20B14020F0
:1013F000606584F83570BAE7206846612046FEF7DC
:10140000DFFF94F85C203F2191408160656584F89E
:1014100035700020ACE700003F8010F02DE9F0416E
:101420000446866D90F83400002501280DD0012077
:1014300084F8340094F835700020012F07D084F828
:10144000340002252846BDE8F0810220FBE7022790
:1014500084F8357060652046FEF7F0FF94F85C1064
:101460003F208840B0602068016841F016010160AB
:10147000206C20B12068016841F0080101602068FB
:10148000016841F001010160DCE7000070B504462D
:1014900000F00EFD0546601C02D0044800780444AC
:1014A00000F006FD401BA042FAD370BD7C00002076
:1014B000002970D002681268C2F3001281F8282057
:1014C0000268126802F060024A620268126842F31F
:1014D0004022521C81F8202002681268C2F30042A8
:1014E000CA770268126842F34032521C8A77026857
:1014F0001268C2F300320A770268126802F40062CE
:101500008A610268126802F480424A6102681268C5
:1015100042F38052521C4A740268126842F3C0526D
:10152000521C0A7402681268C2F3C012CA730268BD
:10153000126802F460228A6002681268C2F3802294
:101540000A7102681268C2F340628A730268926983
:10155000C2F3400281F854200268926942F3C0123B
:10156000521C81F84C200268926902F030020A6530
:1015700002689269120C8A6402689269C2F380025E
:1015800081F8562000688069C0F3C00081F85500DA
:1015900000207047FFE70120FBE70000F8B50400DA
:1015A00003D0D4F8840010B107E00120F8BD20205A
:1015B000C4F88400204600F08DF8424800250168F8
:1015C00041F480410160006800F4804000903E4892
:1015D000016821F4000101600168A2681143016003
:1015E0000068206800F58050016841F00101016049
:1015F00000F05EFC06464FF4FA770BE000F058FC72
:10160000801BB84206D90420C4F88800E020C4F842
:101610008400CAE7206800F580500068C007EDD15B
:101620002046FEF76DFF0021E06801EB810200EB30
:10163000C200056045608560C56004EB8103986168
:10164000036843F480130360032905D22826E36866
:1016500006EBC2021A4400E0E268C260026842F48B
:1016600040020260491C0429DED3A5622068E168BB
:1016700000F5805001612046FEF7F6FE60681349D0
:1016800082880A640278D0F8010042EA00204864A7
:101690002068C16B41F40271C1632068D0F80C115D
:1016A0000B4A1143C0F80C112068D0F8101141F416
:1016B0000311C0F81011C4F888501020C4F8840039
:1016C0000020F8BD44380240043801400080024048
:1016D00060000200F0B587B0044614216846FEF7AA
:1016E000DBFD35492068884264D134480024016814
:1016F00041F000710160016801F00071059101681D
:1017000041F080610160016801F08061059101682C
:1017100041F000610160016801F00061059101681C
:1017200041F004010160016801F0040105910168C4
:1017300041F001010160016801F0010105910168BA
:1017400041F002010160016801F0020105910168A8
:1017500041F0400101600068022500F04000059062
:101760003220CDE9000502AA03260B2782E8D0002B
:101770006946134800F092FA8620CDE9000502AAD6
:10178000694682E8D0000F4800F088FAA802CDE947
:10179000000502AA694682E8D0000B4800F07EFAF4
:1017A0007003CDE9000502AA694682E8D000074827
:1017B00000F074FA07B0F0BD0080024030380240FB
:1017C00000080240000002400004024000180240ED
:1017D0002DE9F84F4FF000075FEA01090446B846CB
:1017E00004D0D4F8840040285AD105E054F8880F7A
:1017F00040F00100206053E0E66D4FF0000B04EB79
:101800008600856CE06EC0F1040A36E02868C005E9
:1018100003D5E869A067A86960672868800501D4D6
:10182000E06F10B32868800503D5C4F860B0C4F831
:1018300064B02868C0F30D4000902868C00503D547
:1018400028684FF001082067AA682A6204F1800125
:10185000081F009B00F084F8206E401C2066616E1B
:10186000009808446066C5F820B0761C042E00D3AA
:10187000361F04EB86007F1C856C2868002804DB7B
:10188000574502D2B8F1000FC0D0E06EC019E06633
:1018900002D02046FFF74AF8E665B8F1010F02D002
:1018A0000120BDE8F88FE16FC9F800100020C4F8EE
:1018B0007CB0F6E72DE9F0419846036805461869C3
:1018C00000F01C044FF6FF7000EAC1204FF4F861ED
:1018D000204301EA8211014321F0020040F001049B
:1018E0001C6100F0E5FA06464FF480370AE000BFBD
:1018F00000F0DEFA801BB84202D30120BDE8F0817F
:1019000028680469E007F3D12868406981B20020A3
:10191000C8F80010F2E700001CB504460D480AF0B4
:10192000CBFB03000FD003F1200020600A481861B0
:101930004FF4C0612068CDE9000100214122084632
:101940000BF05AF91CBD05490120087000202060E9
:101950001CBD0000002F01086DD2000854010020BA
:1019600010B5002442F8204D1481538104681CB145
:101970000C6822600A6004E00260FBE701891944F8
:10198000018100680028F9D110BD10B519B1D0F857
:101990008420102A01D0012010BDFEF747FF00204F
:1019A00010BD000070B505460068006920F01C04F9
:1019B00001F060FA0C49884202D244F0080410E0B9
:1019C0000A49884202D244F00C040AE008498842DD
:1019D00007D30849884202D244F0040401E044F0ED
:1019E00010042868046170BDC00E160200879303BE
:1019F00000E1F50580D1F00870B50446D0F8840008
:101A0000102801D0012070BD2020C4F884000420DB
:101A1000E0662046FEF78AFF2068016841F0080171
:101A20000160206805680120FFF730FD206805602F
:101A30002068016841F00401016020680568012008
:101A4000FFF724FD206805602046FEF742FD206870
:101A500000F58050816941F400518161206800F5F2
:101A60008050816941F0020181614020C4F8840006
:101A7000002070BD70B50446D0F88400402801D025
:101A8000012070BD2020C4F88400206800F580503B
:101A9000816921F400518161206800F580508169DD
:101AA00021F0020181612068016821F004010160D8
:101AB000206805680120FFF7E9FC206805602046E2
:101AC000FEF707FD2068016821F008010160206829
:101AD00005680120FFF7DAFC206805601020C4F8D3
:101AE0008400002070BD2DE9F0411546044621B167
:101AF000D4F88400402805D04EE054F8880F40F018
:101B0000010008E000222046FEF772FD28B154F8DB
:101B1000880F40F0020020603EE0BFF34F8FA06AC4
:101B200004EB8001401C8E69A062042801D3001FD1
:101B3000A06204EB80008169206800F5805041605C
:101B400000F0B6F9074619E0206800F580504069BA
:101B500080040BD554F8880F40F00800206054F83A
:101B6000880C00F580504069606015E0681C05D065
:101B700000F09EF9C01BA84206D82DB1306800289D
:101B8000E2DB0020BDE8F08154F8880F40F004004B
:101B900020604FF0405030600120F3E72DE9F04124
:101BA00006680546306900F01C044FF6FF7000EA35
:101BB000C1204FF4F861204301EA8211014398B239
:101BC00041F0030470612868046100F071F9064671
:101BD0004FF480370AE000BF00F06AF9801BB8427A
:101BE00002D30120BDE8F08128680469E007F3D141
:101BF000F8E70000F0B587B014216846FEF74CFB0B
:101C00002048016800293AD1012101601E480024C2
:101C1000016841F0010101600068022500F0010047
:101C200005904FF23F00CDE9000502AA03260C27DC
:101C300082E8D0006946154800F030F841F23F4094
:101C4000CDE9000502AA694682E8D000104800F0FC
:101C500025F84FF68370CDE9000502AA694682E8AF
:101C6000D0000C4800F01AF84FF63370CDE90005AB
:101C700002AA694682E8D000074800F00FF807B0D2
:101C8000F0BD00000C000020383802400014024073
:101C90000018024000100240000C02402DE9F84FED
:101CA000DFF8BCA10022012503264FF00F090AF13D
:101CB000040BAAF1040E00BF0B6805FA02F42340DE
:101CC000A34270D10F7907F00307012F01D0022F33
:101CD00016D187684FEA420806FA08FC27EA0C0783
:101CE000D1F80CC00CFA08FC4CEA070CC0F808C08C
:101CF0004768A7430C79C4F3001494403C43446004
:101D00000C79E443A4070AD0C4684FEA420C06FAEF
:101D10000CF7BC438F6807FA0CF72743C7600C79B0
:101D200004F00304022C12D1D40800EB840CDCF87C
:101D300020405707FF0E09FA07F824EA0804D1F8F3
:101D4000108008FA07F848EA0408CCF820800468F4
:101D50004FEA420C06FA0CF7BC430F7907F0030771
:101D600007FA0CF7274307604C6814F4403F70D023
:101D70003C4C276847F480472760246822F003071B
:101D800004F480440094384C07EB040CDCF8084859
:101D900097074FEA177809FA08F7BC43334FB84260
:101DA00002D1002724E054E0314FB84201D101278D
:101DB0001EE0304FB84201D1022719E02E4FB84241
:101DC00001D1032714E02D4FB84201D104270FE0C1
:101DD0002B4FB84201D105270AE02A4FB84201D162
:101DE000062705E0284FB84201D1072700E0082761
:101DF00007FA08F72743CCF80878DAF80040574686
:101E0000D1F804C09C435FEACC2C00D51C433C6055
:101E1000DBF800405F46D1F804C09C435FEA8C2C9D
:101E200000D51C433C60DEF800407746D1F804C082
:101E30009C435FEA8C3C00D51C433C60084F083F44
:101E40003C68D1F804C09C435FEACC3C00D51C43FD
:101E50003C60521C102AFFF42FAFBDE8F88F000041
:101E6000083C01404438024000300140000002407C
:101E70000004024000080240000C02400010024032
:101E80000014024000180240001C02400069084093
:101E900000D001207047426921EA02030A4043EA68
:101EA0000241816170470AB1816170470904FBE713
:101EB00001488068704700007C00002070B5040075
:101EC00025D094F83D00002520B984F83C502046E8
:101ED00000F0B8F8242084F83D002068016821F063
:101EE000010101602068016841F40041016020683F
:101EF000016821F40041016000F0C2FF4D4A6168B1
:101F0000914201D84C4900E04C49884201D201205D
:101F100070BD4B492368B0FBF1F15E6826F03F06C7
:101F20000E435E606368934206D94FF4967359433B
:101F30004FF47A73B1FBF3F12368491C1E6A26F053
:101F40003F06314319626168914210D84900401E32
:101F5000B0FBF1F2521CC2F30B02042A01D204209E
:101F600022E0B0FBF1F0401CC0F30B001CE0A268C3
:101F7000F2B301EBC10303EB0116431EB3FBF6F30F
:101F80005B1C43F480431B0549D092B301EBC102B3
:101F900002EB0111401EB0FBF1F0401CC0F30B003E
:101FA00040F4804040F400402168CA694CF6FF7359
:101FB0009A431043C861D4E90710014320680268BE
:101FC00022F0C00211430160D4E9030101432068FB
:101FD000826848F2FF339A4311438160D4E90501D6
:101FE00008432168CA6822F0FF021043C86001E07C
:101FF0000EE016E02068016841F0010101602564EF
:10200000202084F83D00256384F83E50002070BDF8
:1020100001EB4106431EB3FBF6F35B1CB3E7012063
:10202000C2E701EB4101401EB0FBF1F0401CC0F3E0
:102030000B00B7E7A086010080841E0000093D0068
:1020400040420F0010B586B0044614216846FEF7E2
:1020500023F913492068884220D1124800210268E0
:1020600042F002020260006800F002000590C02009
:1020700000901220CDE90101032003900420049078
:1020800069460948FFF70AFE06481030016841F426
:1020900000110160006800F40010059006B010BD4A
:1020A0000054004030380240000402400248816879
:1020B00002781144816070477C0000200B4810B505
:1020C000016841F400710160016841F480610160C0
:1020D000016841F480710160032000F06FF80F2067
:1020E00000F006F800F024F8002010BD003C02408B
:1020F00070B50D4D04464FF47A712878B1FBF0F0BD
:102100000A490968B1FBF0F001F0A2FD48B9102CB2
:1021100007D200222146501E00F030F800206C60EB
:1021200070BD012070BD00007C0000205001002027
:102130000A4808B5016841F480410160006800F474
:10214000804000900548001F016841F08051016007
:10215000006800F08050009008BD00004438024044
:10216000002809DB00F01F02012191404009800096
:1021700000F1E020C0F8001170470000F0B40E4BF1
:102180001B680C46C3F30223C3F10705042D00D9D5
:102190000425191D072901D2002300E0DB1E0126BA
:1021A00006FA05F1491E214099409E40761E1640D0
:1021B0003143F0BC05F024BA0CED00E0064900F014
:1021C000070208684FF6FF03184040EA0220034A5E
:1021D00010430860704700000CED00E00000FA05B5
:1021E00070470068416200207047F0B50368586A84
:1021F00039B19C6A4FF4827600EB144400204D1EE6
:102200000AE040EA024098620FE006EB8007DF59DF
:10221000401C04EB1744C0B2A842F6D344EA024083
:102220004FF4807202EB810158500020F0BDD0F8CD
:10223000E00404F00CB901EBC10200EB8202D0F81B
:10224000E004126A04F05DB801EBC10200EB820207
:10225000D0F8E004D2F8602204F0AFB8D0F8E0047F
:1022600004F0F7B80A0601F00F0101EBC10100EB21
:10227000810101D5143101E001F51571006804F008
:10228000D9BF70B504460B0601F00F0000EBC0018A
:1022900004EB81014FF001024FF0000502D54A75B1
:1022A000143103E081F8555201F51571087094F866
:1022B0009404012808D084F89424206804F0D4FC05
:1022C00084F89454002070BD022070BD70B504469F
:1022D00001F00F002279904201D9012070BD0B0658
:1022E00001F00F0101EBC10104EB81014FF001028C
:1022F0004FF0000502D54A75143103E081F85552BC
:1023000001F515718D70087094F89404012808D0B7
:1023100084F89424206804F019FE84F89454002072
:1023200070BD022070BD2DE9F04104460F0601F09A
:102330000F0000EBC00104EB81014FF001064FF0EC
:10234000000502D54E75143103E081F8555201F5B0
:102350001571C2F30A0208708A600B714A7802B1E3
:102360004883022B00D14D7194F89404012809D0C0
:1023700084F89464206804F0C5FB284684F89454DB
:10238000BDE8F0810220FBE710B501F00F0404EB7B
:10239000C40100EB8101C1E998230023C1F8683230
:1023A00081F8553281F85442837901F51571012B7A
:1023B00000D1CA618279006804F020FE002010BDBF
:1023C00070B504460D4601F00F002179884201D90D
:1023D000012070BD29064FF000064FF0010206D51E
:1023E00000EBC00104EB81014A75143107E005EBF5
:1023F000C50104EB810181F8556201F515718A7000
:10240000087094F89404012807D084F89424206874
:1024100004F0C8FD280702D007E0022070BDA179B2
:1024200004F29C42206804F065FD84F89464002066
:1024300070BD10B501F00F0404EBC40100EB810185
:10244000C1E9082300238B6201234B7501F8144F67
:102450008379012B00D1CA618279006804F0CEFD36
:10246000002010BD2DE9FC5F05680446284604F0F5
:102470007DFF00287DD1206804F0A4FF002878D0DB
:10248000D5F80808C0F30D20C4F8D404206804F07F
:1024900099FF800704D52068416901F0020141617C
:1024A000206804F08FFFC10604F29C40009034D5F0
:1024B0002068816921F0100181612F6A07F00F0007
:1024C00000EBC00004EB8006C7F3434006F5157629
:1024D000022802D0062811D01AE047F6F070074211
:1024E00016D0C7F30A1217462846F16804F06EFFAB
:1024F000F0683844F0607069384408E008222846E3
:10250000009904F063FF7069C7F30A110844706111
:102510002068816941F010018161206804F052FF58
:1025200000034FF0080B4FF0000A4FF001097CD573
:102530000026206804F025FF074674E0F80770D0F5
:10254000F1B2206804F036FF8046C00707D005EBE3
:102550004611C1F8089B3146204602F0E7FB5FEACE
:10256000087024D505EB4611C1F808BB2068016C42
:1025700000E023E200EB46100191D0F8082BFB4B62
:10258000994205D9110403D54FF40041C0F8081B46
:10259000204600F0F6FAF5490198884207D9A0795B
:1025A000012804D120680121009A04F0A3FC5FEA0D
:1025B000C86004D505EB46111020C1F8080B5FEA8E
:1025C00088701DD56869000605D5D5F8040840F463
:1025D0008061C5F8041806EBC60004EB800090F893
:1025E000571200F51570012905D180F803A0F1B24A
:1025F000204600F0E9F905EB46110220C1F8080B6E
:102600005FEA886004D505EB46102021C0F8081B5E
:102610005FEA884005D505EB46104FF40051C0F83D
:10262000081B7F08761C002F88D1206804F0CAFEA2
:1026300040036ED5206804F09DFE0746002666E044
:10264000F80762D0F1B2206804F0A2FE8046C0070D
:1026500023D006F00F01D5F8342809FA01F18A4396
:10266000C5F8342805EB4611C1F80899A07901286E
:102670000FD106EBC60004EB8000D0E9072111441E
:10268000016236B9606A20B920680121009A04F01D
:1026900031FCF1B22046FFF7CEFD5FEA087003D5AA
:1026A00005EB4611C1F808B95FEAC86004D505EB2F
:1026B00046111020C1F808095FEA486004D505EB0F
:1026C00046104021C0F808195FEA887016D53146D7
:1026D000284604F020FE06EBC60004EB8000C17D16
:1026E0001430012905D180F803A0F1B2204600F092
:1026F00067F905EB46110220C1F808095FEA086096
:1027000003D53146204602F077FB7F08761C002F68
:1027100096D1206804F056FE002811DAD5F8040896
:1027200020F00101C5F8041894F8CC0401282BD03E
:10273000204600F00BFA2068416901F00041416138
:10274000206804F03FFE00050BD5D5F80808C00747
:1027500002D0204600F03EFA2068416901F4006191
:102760004161206804F02EFEC00467D5D5F8040846
:1027700020F00100C5F804081021206804F0CBFD0A
:1027800000214FF67F3220E084F8CCA400212046BF
:10279000FFF726FDCFE700BF05EB4110C0F8082981
:1027A000D0F8003923F40013C0F80039C0F8082B22
:1027B000D0F8003B23F40013C0F8003BD0F8003BF6
:1027C00043F00063C0F8003B491C20798842E3D8FD
:1027D000D5F81C0840F00111C5F81C18E07B002852
:1027E00028460DD0D0F8840840F00B01C5F88418B5
:1027F000D5F8440840F00B012846C5F844180DE010
:10280000D0F8140842F22B010843C5F81408D5F893
:10281000100840F00B012846C5F81018D0F8000841
:1028200020F4FE61C5F80018A1792068009A04F030
:1028300061FB2068416901F480514161206804F026
:10284000C1FD800415D5206804F09CF9206804F0CF
:1028500080FDE07100F00EFB0146E279206804F093
:1028600013FE204600F05CF92068416901F4005134
:102870004161206804F0A6FD000707D5204600F05E
:1028800069F92068416901F008014161206804F09C
:1028900099FD000616D5A86920F08001A9610126DE
:1028A0000DE000BF06EBC60004EB800090F8570275
:1028B000012803D1F1B22046FFF7D4FC761C207921
:1028C000B042EFD8206804F07DFDC0021FD501267C
:1028D0004F4614E005EB4610D0F8000906EBC601A0
:1028E00004EB81010A7E012A08D1002806DACF759F
:1028F000F0B240F080012046FFF7B4FC761C20794E
:10290000B042E7D82068416901F480114161206834
:1029100004F058FD800234D501204A4629E000BF6A
:1029200005EB4011D1F8001B00EBC00304EB83035F
:1029300093F85862012E1BD1002919DA94F8D46457
:10294000C1F3004106F001068E4211D183F85722EF
:10295000A96941F08003AB616969090608D4D5F81B
:10296000040840F40070C5F8040805E00A30544F2C
:10297000401C21798142D3D82068416901F40011BB
:102980004161206804F01EFD400007D52046FFF796
:102990004EFC2068416901F080414161206804F0EB
:1029A00011FD40070AD520684568680702D5204612
:1029B000FFF754FC2068416829434160BDE8FC9F53
:1029C000D0F8E00403F093BDD0F8E00403F0A3BD19
:1029D000F8B5040005D094F895042668002510B1D8
:1029E00006E00120F8BD84F89454204600F056F823
:1029F000032084F89504B6F1A04F00D1A57120689A
:102A000004F072FA207C8DF8000094E80F0004F0C6
:102A1000C7F80226B8BB0021206804F0F6FC90BB82
:102A2000002001270DE000BF00EBC00104EB810195
:102A30004F750875C8850D76CD610D62401CC0B21A
:102A40004D6221798142EFD8002011E000EBC001F6
:102A500004EB810181F8555281F8540281F85852F3
:102A6000C1F85C52C1F86052401CC0B2C1F8645257
:102A700021798142EAD8207C8DF8000094E80F008B
:102A800004F074F910B184F89564AAE7657484F8C9
:102A90009574206804F05CF90020F8BD10B586B08C
:102AA000044614216846FDF7F7FB2068B0F1A04FFB
:102AB0002FD119480021026842F00102026000682B
:102AC00000F0010005904FF4C05000900220CDE9C5
:102AD0000101032003900A20049069460F48FFF784
:102AE000DDF80D48001D016841F0800101600A48D1
:102AF0001430016841F4804101600068002200F454
:102B00008040059011464320FFF738FB4320FFF734
:102B100027FB06B010BD0000303802400000024024
:102B200070B50446C079012570B1022801D0FDF7C7
:102B30004BFF2946D4F8E00403F05CFDD4F8E00430
:102B4000BDE8704003F010BD0025F2E7D0F8E004C6
:102B500003F039BDD0F8E00403F03FBD10B50446E2
:102B600090F8940401280AD0012084F89404617438
:102B7000206804F078FC002084F8940410BD022042
:102B800010BDD0F8E02400F29C41104603F03EBD99
:102B900010B50446006894F89414012909D0012165
:102BA00084F89414C168490609D5617B012902D0D3
:102BB00005E0022010BD816B41F480318163206803
:102BC00004F087FB206804F0B5F8002084F8940432
:102BD00010BD000010B50446D0F8E00403F058FD25
:102BE0002068D0F8001E41F00101C0F8001EE07A14
:102BF000002804D00248016841F00601016010BDC0
:102C000010ED00E02DE9F843054600684FF001099A
:102C1000C1074FF0000601D1400727D5DFF80C812E
:102C2000C8F86860FFF744F90746414C05E000BF6B
:102C3000FFF73EF9C01B022857D820680001F7D4DF
:102C400068688101287A41EA007039498431086056
:102C5000C8F86890FFF72CF9074604E0FFF728F959
:102C6000C01B022841D820680001F7D528788007CA
:102C700052D52F484030016841F080510160006812
:102C80002C4C00F080500090206840F48070206050
:102C9000FFF70EF9074604E0FFF70AF9C01B022808
:102CA00023D82068C005F7D5214C7034206810F473
:102CB000407020D0A98901F4407181421BD0206866
:102CC0001D4920F44070C1F800900E60206020681B
:102CD000C00710D0FFF7ECF8064641F2883707E04E
:102CE000FFF7E6F8801BB84202D90320BDE8F8835D
:102CF00020688007F4D5E9680D48C1F30122083047
:102D0000032A0BD0016821F4F81101602068A98919
:102D1000C1F30B01084320600020E7E70268074B7E
:102D200022F4F81219400A430260EFE7000047421C
:102D30000038024000700040400E4742FFFCFF0F89
:102D40002DE9F0470E46050065D0DFF81481D8F86C
:102D50000000F7B200F00700B04207D288F8007018
:102D6000D8F8000000F00700B04254D128683D4C6C
:102D7000810712D5400703D5206840F4E050206059
:102D80002878000703D5206840F460402060206860
:102D9000A96820F0F000084320602878C0072DD0F3
:102DA000304968680839012812D0022813D0032856
:102DB00011D00968890700292DDA216821F0030163
:102DC00001432160FFF774F8814641F2883A0EE032
:102DD00009688903EFE709688901ECE7FFF768F8FC
:102DE000A0EB0901514502D90320BDE8F087206816
:102DF000696800F00C00B0EB810FEFD1D8F800103B
:102E0000404601F00701B14207D90770006800F0A1
:102E10000700B04201D00120E7E72878400705D538
:102E20002068E96820F4E050084320602878000713
:102E300006D52068296920F4604040EAC10020607E
:102E400000F03EF82168084AC1F30311515CC84004
:102E50000649086006480068FFF74AF90020C4E701
:102E6000003C024008380240E82E010850010020D2
:102E700080000020014800687047000050010020D9
:102E80000448054900680968044AC1F38221515C7D
:102E9000C84070475001002008380240F82E010851
:102EA0000448054900680968044AC1F34231515C8D
:102EB000C84070475001002008380240F82E010831
:102EC000154810B5006810F00C02144813D04110DA
:102ED000042A0FD0082A0ED10F4C241F2268236821
:102EE00002F03F025B0207D52068C0F38810A0FB08
:102EF000010106E0084610BD2168C1F38811A1FB5D
:102F000000010023FDF75CF92168C1F30141491C70
:102F10004900B0FBF1F010BD083802400024F40075
:102F20002DE9F84F04006ED02078DFF84C93C007ED
:102F3000A9F104054AD009F104000168C1F3810137
:102F4000012908D00068C0F3810002280AD1D9F80D
:102F50000000400206D52868800337D56068002845
:102F6000E1D033E06068B0F5803F10D0B0F5A02F1D
:102F7000286810D020F480302860286820F4802051
:102F800028606068A8B1FEF793FF06460DE0286848
:102F900040F48030F4E740F480202860F7E700BF79
:102FA000FEF786FF801B642873D828688003F7D556
:102FB0000CE0FEF77DFF064605E000BFFEF778FF58
:102FC000801B6428F0D828688003F7D42078DFF8C5
:102FD000AC8280074FF0000A3ED5A748001D01686B
:102FE00011F00C0F08D00068C0F3810002280BD14B
:102FF000D9F80000400207D42868800716D5E06899
:10300000012800D112E033E1E068B8B10120C8F82E
:103010000000FEF74DFF064605E000BFFEF748FF43
:10302000801B0228C0D828688007F7D52868216946
:1030300020F0F80040EAC10028600DE0C8F800A0C8
:10304000FEF736FF064604E0FEF732FF801B02283B
:103050001FD828688007F7D42078000722D5864F2C
:1030600087486169703771B101210160FEF720FF67
:10307000064604E0FEF71CFF801B022809D83868CA
:103080008007F7D50EE0C0F800A0FEF711FF064656
:1030900005E082E0FEF70CFF801B02287DD838682F
:1030A0008007F7D42078400768D5DFF8CCB1002737
:1030B0000BF13C0BDBF80000C0000BD4DBF8001078
:1030C00041F08051CBF80010DBF80000012700F040
:1030D000805000906B4E3068C00510D4306840F4CA
:1030E00080703060FEF7E4FE009005E0FEF7E0FE41
:1030F0000099401A022850D83068C005F6D55E4EB7
:10310000A0686C3601280FD00528306810D020F058
:1031100001003060306820F004003060A068B8B171
:10312000FEF7C6FE00900FE0306840F00100F4E7C3
:1031300040F004003060F7E7FEF7BAFE0099411A4C
:1031400041F28830814266D830688007F4D50EE0BD
:10315000FEF7AEFE009007E0FEF7AAFE0099411AC6
:1031600041F28830814256D830688007F4D42FB1BC
:10317000DBF8001021F08051CBF80010A069C8B333
:103180003D49091D0968C1F3810102294AD002287D
:10319000504607D0C8F8600000E03CE0FEF788FE2B
:1031A00004463BE04746C8F86000FEF781FE06464D
:1031B00005E000BFFEF77CFE801B02282BD82868A4
:1031C0008001F7D4D4E907010843A16A2E4A4908CF
:1031D00002EB0141626A41EA8211084394F82C1023
:1031E00040EA0161C9F8001001203866FEF760FE70
:1031F000044606E03EE000BFFEF75AFE001B022830
:1032000009D828688001F7D534E000BFFEF750FEEA
:10321000001B022802D90320BDE8F88F286880012E
:10322000F4D427E00128F7D0D9F80000E26900F4CF
:10323000800191421CD1226A00F03F01914217D1D6
:1032400047F6C071626A0140B1EB821F10D1A26AD9
:103250004FF0FF3300F4403103EB5202B1EB024F69
:1032600006D194F82C1000F07060B0EB016F01D023
:103270000120D1E70020CFE7043802400000474298
:10328000800E4742007000400000FFFF0068503091
:1032900050F8210070470068503040F821207047F6
:1032A00010B5040002D0607F10B106E0012010BD0F
:1032B00000202077204600F041F802206077206847
:1032C000C168C943C90632D5CA2141622168532069
:1032D0004862204601F0EEFD20BB20688168164A56
:1032E000114081602168886862681043D4E9042332
:1032F0001A43104388602168E0680861206801690A
:10330000228941EA02410161204601F0F7FD48B9F6
:1033100021680A6C22F480220A6421680A6CA3697D
:103320001A430A642268FF21516208B110BD0020CF
:103330000121617710BD0000BFFF8FFF1FB5002185
:1033400000910191029103910068084988420CD1D3
:1033500002200090C00103906846FFF753FC08B1BB
:10336000FDF732FB0249012008601FBD0028004024
:103370003C0E474270B50446007F0B46012819D029
:103380000126267702206077B2B19878D97840EA92
:10339000014558781978000240EA41300543216818
:1033A000CA204862216853204862204601F082FD0D
:1033B000D0B122E0022070BD5878C10603D500F0DC
:1033C000EF000A305870D87801F068FD0204587890
:1033D00001F064FD42EA0022987801F05FFD0243AB
:1033E000187842EA4035DAE707480540206845602A
:1033F000204601F083FD00B966772268FF21516203
:103400000021217770BD00003FFFFF002DE9F04152
:103410000446007F0D46012823D04FF0010884F8B0
:103420001C80022060772068002780684FEA406097
:10343000D2B1002800DBEF70A878297840EA014675
:103440006878E978000240EA815006432168CA2082
:103450004862216853204862204601F02BFDB8B134
:103460002CE00220BDE8F081002800DBEF70287816
:1034700001F014FD0204687801F010FD42EA002218
:10348000A87801F00BFD0243E87842EA8056DDE7B8
:103490000D480640206806602068816821F480217C
:1034A0008160D5E90301084321688A681043886078
:1034B000204601F023FD08B984F81D802268FF2111
:1034C00051622777CEE700007F7F7F0070B504460A
:1034D0000B482168C860FEF7EBFC05464FF47A768E
:1034E00007E000BFFEF7E4FC401BB04201D9032017
:1034F00070BD2068C0688006F4D5002070BD000053
:103500005F7F010070477047F0B5426E920F0A70FE
:10351000426EC2F383624A70426EC2F301628A70E5
:10352000426E120CCA70B0F86420120A0A7190F848
:1035300064204A71826E120DCA80826EC2F3034209
:103540000A72B0F86820C2F3C0324A72B0F868203C
:10355000C2F380328A72B0F86820C2F34032CA7275
:10356000B0F86820C2F300320A7300264E73426C32
:103570004FF40075012462B1012A3AD0026847492C
:103580009163816B41F08051816380F83440012068
:10359000F0BDB0F86820C36E9205120D42EA937236
:1035A0000A61C26EC2F3C2620A75C26EC2F30262DF
:1035B0004A75C26EC2F342528A75C26EC2F382422B
:1035C000CA75C26EC2F3C2320A760A69521C4265DB
:1035D0000B7E03F007039B1C9A4042650B7A03F0B5
:1035E0000F0704FA07F383655B0A5A43C0E91725FE
:1035F0000EE090F86820C36E9206920A42EA1342E7
:103600000A610A69521C92024265C0E916520566B7
:1036100030F86C2FC2F3803201F8192F0288C2F300
:10362000C6124A70027802F07F028A704268D20F96
:10363000CA704268C2F341720A714268C2F3826280
:103640004A714268C2F383528A714268C2F340529F
:10365000CA710E724268C2F300424A728288C2F393
:10366000C0328A728288C2F38032CA728288C2F300
:1036700040320A738288C2F300324A738288C2F3EE
:1036800081228A738288C2F30122CA730079C0F34F
:10369000460008744C740020F0BD0000FF05400097
:1036A00070B50446B0F8500000250104206801F010
:1036B00048FD18B1A16B0143A16304E0002120681B
:1036C00001F035FC0546C5F3432070BDF8B5056B28
:1036D00004460068416B09041BD5290719D5D4E9B4
:1036E0000A56002E14D00027206801F03FFC05F890
:1036F000010B010A05F8011B010C05F8021B000E65
:10370000361F7F1C05F8010C082FEDD3C4E90A56BB
:10371000F8BD416B4FF00006C9054FF0010744D5D5
:10372000390281632068C16B4CF23A329143C16324
:103730002068C16A21F00101C16228071DD515F07A
:10374000220F09D0206801F02DFD28B1A16B0143A3
:10375000A1632046FFF7D7FE216840F23A50886304
:1037600084F834702663A80703D0204600F0ACF933
:10377000F8BD204600F0A9F9F8BD2806FCD5A8063A
:1037800009D5206801F00EFD28B1A16B0143A163AA
:103790002046FFF7B8FEA807EED12068C16A21F0E5
:1037A0000801C16284F83470E3E7416B490424D511
:1037B000290722D5D4E90856002EDDD05FF0000796
:1037C00015F8010B009015F8011B361F40EA012087
:1037D000009015F8021B40EA0140009015F8011C0A
:1037E00040EA016000906946206801F0D2FB7F1C2E
:1037F000082FE5D3C4E90856F8BD416B40F23A22E0
:103800001142F9D0416B890703D5A16B41F0020148
:10381000A163416B090703D5A16B41F00801A163C6
:10382000416B890603D5A16B41F02001A163416B77
:10383000C90603D5A16B41F01001A163416B890555
:1038400003D5A16B41F00801A16340F23A71816395
:103850002068C16B40F23A329143C163206801F0A5
:10386000A1FCA16B0843A063280706D584F8347037
:1038700026632046FFF747FEF8BD2806FCD515F065
:10388000300F0CD0E16B11480865E06BFDF77AFC56
:103890000028F1D0E06BBDE8F84001F009BEA807B0
:1038A0000CD0216C0A480865206CFDF76BFC0028E1
:1038B000E2D0206CBDE8F84001F0D8BDA66384F8E2
:1038C000347026632046FFF71DFEF8BDB154000892
:1038D0006D54000870B504000ED094F83400002533
:1038E00018B92577204600F04DF8032084F83400FD
:1038F000204600F00BF808B1012070BDA5632563D8
:10390000012084F83400002070BD0000FEB50025C1
:10391000044676200095CDE901502B462A462946DB
:10392000206801F00DFB154E46F8A05F206801F0FD
:1039300019FB012535600220FDF7A8FD204601F0A6
:1039400051FE28B184F83450A16B0143A16313E008
:10395000204601F0CFFD0028F4D14FF4007120681B
:1039600001F050FB002808D0226805499163A16B43
:103970000143A16384F834500120FEBD008025423C
:10398000FF0540002DE9F04F87B005461421684639
:10399000FCF782FC4649286888427DD1454800688A
:1039A000444940F400600860086800F40060059035
:1039B0004048143800683F4940F00400143908605A
:1039C000086800F004000590086840F008000860EE
:1039D0000868022400F0080005904FF48850CDE9F3
:1039E000000402AA002003264FF00C0882E84101DF
:1039F00069463148FEF752F902AA002082E84101E7
:103A00000427CDE9007469462C48FEF747F92D4C90
:103A10002B484FF00068C4E9000800204FF480698B
:103A2000A060C4E90309B8024FF4804BC4E9050B58
:103A3000C4E909764FF0200A0020C4E907A07E05FA
:103A4000B7102046C4E90B67FDF77EFC08B1FCF710
:103A5000BBFF2C64A5631B4C194860344830C4E993
:103A600000084020A0600020C4E90309C4E907A0C1
:103A70000420606204F12802032082E8C1004FF4B0
:103A80008051C4E9051B2046FDF75EFC08B1FCF738
:103A90009BFFEC63002200E007E011463120A563A4
:103AA000FEF76CFB3120FEF75BFB07B0BDE8F08F43
:103AB000002C01404438024000080240000C024043
:103AC000586402405C0400207047704770B50400E1
:103AD00009D0606A002540B125616561A56294F84E
:103AE000510040B10CE0012070BD6068B0F5827FEC
:103AF000F4D0E561F2E784F85050204600F044F835
:103B0000022084F851002068016821F04001016022
:103B1000A088218900F4827001F404410843A1893E
:103B200001F400610843217C01F002010843217D7A
:103B300001F001010843218B01F400710843217F4A
:103B400001F03801084394F8201001F08001084387
:103B5000218D01F40051084321680860A069042107
:103B600001EA104094F8241001F010010843216884
:103B700048602068C16921F40061C1616565012068
:103B800084F85100002070BD10B586B004461421A1
:103B90006846FCF781FB13492068884220D112480F
:103BA0000021026842F480520260006800F48050F4
:103BB00005900D481438026842F002020260006865
:103BC00000F002000590382000900220CDE90101AC
:103BD000032003900520049069460448FEF75EF830
:103BE00006B010BD003001404438024000040240DD
:103BF00070B515460E46040003D094F8490010B184
:103C000007E0012070BD002084F84800204600F045
:103C10001DF804F108012068FCF7F6FE3146A268A1
:103C20002068FCF725FFD4E901022946236BFCF745
:103C3000CDFE2168A06851F8202042F0010241F831
:103C40002020012084F84900002070BDFDF7D2BF7C
:103C500010B5401EB0F1807F01D3012010BD4FF0A0
:103C6000E02460610F21601703F0CAFC0020A0610E
:103C700007202061002010BD7047704770B590F894
:103C80003C20012A32D0012480F83C40022280F8F6
:103C90003D2003685A689D6822F070060A68324326
:103CA0005A60134B02689A4214D0B2F1804F11D07F
:103CB000104B9A420ED0104B9A420BD00F4B9A42A7
:103CC00008D00F4B9A4205D00E4B9A4202D00E4BB1
:103CD0009A4204D1496825F080031943916080F825
:103CE0003D40002180F83C10084670BD022070BDA8
:103CF000000001400004004000080040000C0040AB
:103D000000040140004001400018004010B50400CC
:103D100003D094F83D0010B107E0012010BD002051
:103D200084F83C00204600F01FF8022084F83D0093
:103D3000211D206801F02AFD012084F8460084F846
:103D40003E0084F83F0084F8400084F8410084F885
:103D5000420084F8430084F8440084F8450084F865
:103D60003D00002010BD000008B50068B0F1804F94
:103D700012D10A48016841F0010101600068002287
:103D800000F00100009011461C20FEF7F7F9BDE895
:103D900008401C20FEF7E4B908BD0000403802408E
:103DA00090F83D10012901D001207047022180F8D0
:103DB0003D100168CA6842F00102CA6000681149FA
:103DC000884214D0B0F1804F11D00F4988420ED0F4
:103DD0000E4988420BD00E49884208D00D498842CE
:103DE00005D00D49884202D00C49884204D181682F
:103DF00001F00701062903D0016841F001010160CB
:103E0000002070470000014000040040000800400E
:103E1000000C004000040140004001400018004038
:103E200070B5044690F83C000025012817D0012603
:103E300084F83C60022084F83D002068826822F00B
:103E4000770222F47F4282600868502838D00DDC67
:103E500020284FD005DC90B3102811D14AE0022071
:103E600070BD302846D040280AD13BE060282FD0D2
:103E700070280DD0B0F5805F03D0B0F5005F12D090
:103E8000012584F83D60002084F83C00284670BD80
:103E9000CB68D1E90121206801F0E0FC206881684D
:103EA00041F0770109E0CB68D1E90121206801F0F8
:103EB000D5FC2068816841F480418160E1E719E028
:103EC000CA684968206801F0DBFC5021206806E0E0
:103ED000CA684968206801F0E4FC6021206801F0AC
:103EE000C7FCCEE7CA684968206801F0C9FC4021D8
:103EF0002068F4E7226801461046F0E770472DE994
:103F0000F04104460068C66805694FF00007A9073C
:103F100013D5B10711D5F91E016101202077206862
:103F200080698007204602D0FFF7E8FF04E000F038
:103F30007EF8204600F07CF82777680716D57007D2
:103F400014D521686FF004000861022020772068F2
:103F5000806910F4407F204602D0FFF7CFFF04E0D5
:103F600000F065F8204600F063F82777280715D59C
:103F7000300713D521686FF008000861042020770E
:103F80002068C0698007204602D0FFF7B7FF04E031
:103F900000F04DF8204600F04BF82777E80616D5DC
:103FA000F00614D521686FF0100008610820207712
:103FB0002068C06910F4407F204602D0FFF79EFFC2
:103FC00004E000F034F8204600F032F82777E807E4
:103FD00008D0F00706D021686FF001000861204684
:103FE00000F028F8280608D5300606D521686FF0BD
:103FF000800008612046FFF73FFE680608D570067E
:1040000006D521686FF040000861204600F02EF8C8
:10401000A8060AD5B00608D521686FF0200008610F
:104020002046BDE8F041FFF728BEBDE8F0817047AB
:104030007047000070B50B4CA5680B4802F06EF895
:10404000691CA160A8420BD104F10C0000F08EFAAB
:10405000082204F10C01044802F0A0F80020A0603E
:1040600070BD0000180000206407002070477047F2
:1040700070470000F8B5016804460868CA684B69D3
:1040800010F00F0F4FF0000559D003F0010602F4B5
:104090009077374365D0C10705D0D10503D5616C52
:1040A00041F001016164410705D5D90703D0616C76
:1040B00041F002016164810705D5D90703D0616C25
:1040C00041F004016164010707D502F0200131438A
:1040D00003D0616C41F008016164616C00293AD041
:1040E000800604D5900602D5204601F09FFC20688A
:1040F0004069616CC0F38010090700D460B32046AA
:1041000001F05FFC20684069400621D5206814302A
:1041100050E8001F21F0400140E80012002AF5D1CC
:10412000E06BA8B172490165E06BFDF72BF8002840
:1041300011D0E06B016D01B0BDE8F0400847830687
:104140000FD593060DD52046BDE8F84001F06EBCB2
:104150002046FFF78DFFF8BD2046FFF789FF656415
:10416000F8BD266B2023012E7ED1C6067CD5D6064F
:104170007AD508684868009048694FF00206400602
:104180004DD5E26B106840684FF480770004000C56
:104190003AD0A18D814237D9E085D069B8422DD07F
:1041A00020680C3050E8001F21F4807140E80012B4
:1041B000002AF5D12068143050E8001F21F00101D9
:1041C00040E80012002AF5D12068143050E8001FA2
:1041D00021F0400140E80012002AF5D184F8423075
:1041E000256320680C3050E8001F21F0100140E8E2
:1041F0000012002AF5D1E06BFCF77BFF6663A08D0F
:10420000E18D401A81B206E0A18D8142A8D1D0692A
:10421000B842A5D166632046FFF729FFF8BDA08DFF
:10422000E18D401A81B2E08D0028F7D00029F5D049
:1042300020680C3050E8002F22F4907240E80027EC
:10424000002FF5D12068143050E8002F22F0010231
:1042500040E80027002FF5D184F84230256320681C
:104260000C3050E8002F00E006E022F0100240E899
:104270000023002BF3D1CDE705062BD5150629D554
:1042800094F841002128C9D1A068B0F5805F01D120
:104290002069B0B1206A411C216221680078486021
:1042A000E08C401E0004000CE084B7D12068C16897
:1042B00021F08001C1602068C16841F04001C16007
:1042C000F8BD206A0088C0F308004860206A801C9E
:1042D0002062E5E74006F3D55006F1D5CA682046CE
:1042E00022F04002CA6084F8413000F021F9F8BDA4
:1042F000C758000870B5040004D094F841000025A8
:1043000010B106E0012070BD84F84050204600F056
:1043100023F8242084F841002068C16821F400516A
:10432000C160204601F0E4FB2068016921F490415E
:1043300001612068416921F02A0141612068C1685A
:1043400041F40051C1606564202084F8410084F884
:1043500042006563002070BD70B586B0064614212A
:104360006846FBF799FF24493068884242D12348C8
:104370000025016841F010010160006800F01000A4
:1043800005901E481438016841F001010160006881
:10439000694600F0010005904FF4C06000900220D3
:1043A00001900120029003200390072004901448FC
:1043B000FDF774FC144C134820604FF00060C4E912
:1043C00001054014C4E9035080106561C4E906503A
:1043D000256220466562FCF7B7FF08B1FCF7F4FAE6
:1043E000F463002211462520A663FDF7C7FE2520B1
:1043F000FDF7B6FE06B070BD001001404438024023
:1044000000000240406402400407002090F842305F
:10441000202B01D00220704721B11AB10023036381
:1044200001F0ECBB0120704710B5084A01689142C9
:104430000BD1074C074B21784A421944D2B24FF0B6
:10444000FF3300F025F80020207010BD001001405F
:1044500014000020BC05002070B50A4A0168914292
:104460000ED1094C4FF0FF332178C1F18002D5B253
:10447000064A11442A4600F00BF8207828442070A0
:1044800070BD00000010014014000020BC05002099
:104490002DE9F843044690F84100984616460D462B
:1044A000202802D00220BDE8F88385B17EB100202B
:1044B0006064212084F84100FDF7FAFCA68481465F
:1044C000E684A0682027B0F5805F02D003E00120D9
:1044D000E9E7206910B12E4600250EE000260CE029
:1044E0008021204601F0DAFBA8B9C6B116F8010B0D
:1044F00021684860E08C401EE084E08C4B464FF021
:104500000002CDF800800028EAD14FF0400120469B
:1045100001F0C4FB40B184F841700320C3E735F8D3
:10452000020BC0F30800E3E784F841700020BAE70B
:104530007047FEE7F0B500230A24302537261F46D2
:1045400011E000BFB4EB107F02D905EB107C01E055
:1045500006EB107C01F813C001EB430C00015B1C5F
:104560008CF80170DBB29342ECD3F0BD2DE9F04141
:104570001A4F06464FF48074002521463846FDF751
:1045800085FC58B921463846FDF780FC30B91E2518
:1045900021463846FDF77AFC0028F9D0104F214615
:1045A0003846FDF773FC58B921463846FDF76EFCD6
:1045B00030B91F2521463846FDF768FC0028F9D0A0
:1045C0000020014601E0022806D03154401CC0B250
:1045D0000828F8D3BDE8F081B570F7E7001802406D
:1045E0000000024038B504460020009063696A4626
:1045F0000121206898476FF00405002825DB6369D6
:104600006A4601212068984700281EDB0098400771
:1046100001D4012038BD63696A46002120689847AB
:10462000002812DB0098C10408D44FF404518143E0
:104630001CD081041CD4C0051CD415E063696A46F3
:104640001F2120689847002801DA284638BD0098C5
:10465000C10401D4062038BDC0F38200062805D06D
:10466000022805D0052805D0052038BD022038BD18
:10467000032038BD042038BDF8B5054600200446A7
:1046800006460090686808BBA86800B180472020F3
:104690006FF0040728606B696A461221204698472C
:1046A000002801DA3E4609E0009800F01F00A04211
:1046B00004D100262C601F2C06D809E0641C1F2C96
:1046C000E9D92C681F2C02D96FF0020602E00EB95E
:1046D000012068603046F8BD88B1CA687AB18A683E
:1046E0006AB10A695AB10A6882604A68C260CA68D7
:1046F00042618A68026109698161002070474FF058
:10470000FF3070470E4810B50C490160152141601B
:1047100000214FF480328160C0E9031241610176CB
:1047200041768176C17601774177FCF738FB002826
:1047300003D0BDE81040FCF747B910BD006400404D
:10474000740200200E4810B50C490160152141602B
:1047500000214FF480328160C0E90312416101768B
:1047600041768176C17601774177FCF718FB002806
:1047700003D0BDE81040FCF727B910BD0068004029
:104780009C020020114808B5016841F480010160D5
:104790000068002200F48000009011463A20FDF7E6
:1047A000EDFC3A20FDF7DCFC002211463B20FDF732
:1047B000E5FC3B20FDF7D4FC002211464520FDF727
:1047C000DDFCBDE808404520FDF7CABC303802409A
:1047D0002DE9F04F8FB01C216846FBF75DFD1C21D1
:1047E00007A8FBF759FD2E484FF0040B0024C0E941
:1047F00002B41025C0E904458461C4614FF4805AB5
:104800000462C0E9094AC46204634463DFF8949017
:1048100084634FF020484464C0E900890F26CDE945
:10482000004602A90A20112781E8B100002269464A
:104830001B480694FFF7DCF908B1FCF7C5F81848E7
:104840000621503007AAC0E90214C0E9044584617A
:10485000C4610462C0E9094A4FF48041C0E90B41D8
:10486000446384634464C0E900898DE85008059777
:10487000CDE90365FF20CDE90646CDE9086008488B
:10488000CDE90C74CDE90A6569465030FFF7B0F9FF
:10489000002801D0FCF798F80FB0BDE8F08F0000B9
:1048A000C4020020040100A02DE9F04F87B01421BC
:1048B0006846FBF7F1FC5F480024016841F01001F5
:1048C0000160016801F010010591016841F00401E7
:1048D0000160016801F004010591016841F02001C7
:1048E0000160016801F020010591016841F080013B
:1048F0000160016801F080010591016841F001014A
:104900000160016801F001010591016841F00201B7
:104910000160016801F002010591016841F0400168
:104920000160016801F040010591016841F0080152
:1049300001600068DFF800A100F008000590012286
:1049400004215046FDF7AFFA4FF48068012241463A
:104950003A48FDF7A8FA002201213948FDF7A3FAE9
:10496000012278213648FDF79EFADFF8D8B00122FF
:1049700003215846FDF797FA4FF4004901224946B2
:104980003148FDF790FA0427032601250097039686
:10499000CDE9015469465046FDF780F9CDF8008015
:1049A0000396CDE9015469462448FDF777F959206B
:1049B0000090CDE90154694621480394FDF76EF952
:1049C0002020CDE90005CDE9024669461C48FDF7E7
:1049D00065F9CDE90065CDE9024669465846FDF71F
:1049E0005DF9009769465846CDE90145FDF756F94E
:1049F000E8028DE8310069461048FDF74FF92F02B3
:104A0000009769461048CDE90145FDF747F9009741
:104A100069460B48CDE90145FDF740F9CDF8009016
:104A20000396CDE9015469460748FDF737F907B009
:104A3000BDE8F08F30380240001002400014024000
:104A40000000024000040240001802400D4810B56A
:104A50000B4901600C49416000214FF480428160A4
:104A6000C0E9031241618161C1610162FDF726FA6B
:104A7000002803D0BDE81040FBF7A6BF10BD000022
:104A80000054004064030020A08601000EB506F02B
:104A90007BFE11490020124A0860091D0E4B086078
:104AA000091D08330860CDE900020C4902911A1F64
:104AB000111F0C4807F046FB0A4807F05FFD094844
:104AC00007F074FE0849074807F0B2FDBDE80E4044
:104AD000044804F03FBB000074010020D19F00088F
:104AE00005A20008045D002009A1000870B50B486C
:104AF00005F0D0FB08F012FE084DFDF7D9F9084C7F
:104B00002168401A642807D3FDF7D2F920602846AF
:104B1000BDE8704005F0AEBA70BD0000045D002035
:104B20007001002070B586B014216846FBF7B4FB15
:104B30002348002421490594C0E900147F218160A5
:104B4000FF21C0E9031444618461FEF7A9FB08B1A9
:104B5000FBF73AFF00211A48FEF798FB46F266661B
:104B6000B04228D009258DF8005035208DF801007D
:104B70008DF8024003940122694611480494FEF71F
:104B800045FC08B1FBF720FF06208DF814008DF8D6
:104B9000155026208DF816008DF81740012205A922
:104BA0000748FEF7E7FB08B1FBF70EFF324601218D
:104BB0000348FEF770FB06B070BD000000280040FF
:104BC000B80300200B4810B509490160002141607D
:104BD0008160C1600161416104218161FEF77AFE5B
:104BE000002803D0BDE81040FBF7EEBE10BD00006A
:104BF000002C0140D80300200F4810B50D4901607A
:104C00004FF48271416000218160C1604FF40072F5
:104C10000161C0E90512C1610162416281620A213C
:104C2000C162FEF753FF002803D0BDE81040FBF738
:104C3000CBBE10BD003001401C05002010B586B071
:104C400000241748009401940294039404944FF0B4
:104C50008041059401605321C0E901144FF47A7139
:104C6000C0E9031480218161FFF750F808B1FBF718
:104C7000ABFE4FF48050009069460948FFF7D0F82A
:104C800008B1FBF7A1FE049404A905480594FEF7BA
:104C9000F5FF002801D0FBF797FE06B010BD00001D
:104CA000740500200C4810B50A4901604FF4E13149
:104CB0004160002181600C22C160C0E90412816161
:104CC000C161FFF717FB002803D0BDE81040FBF7D8
:104CD0007BBE10BD00100140BC06002010B50022B4
:104CE0000B490C4801F0E8FA08B1FBF76DFE0A49E0
:104CF000084801F0F9FC08B1FBF766FE054801F031
:104D000077FD002803D0BDE81040FBF75DBE10BD65
:104D10002C000020640700208C000020FEE7FEE746
:104D20000148FDF79FBB0000540C00202DE9F04125
:104D300003680D4604461E6C03EB4511D1F8080BC1
:104D400094F806E04FF400474FF0200C04F29C4228
:104D5000BEF1010F09D0DFF898E0764539D10204A1
:104D600032D500BFC1F8087B3FE0224B5FEA007EEE
:104D700004D59E4239D90004F4D436E05FEA806E4F
:104D800002D5C1F808CB30E010F0280F2DD19E429B
:104D900001D90004E6D405EBC50004EB8000D1F88E
:104DA000101BD0F87432C1F31201591AC0F86812FE
:104DB00000F51570ADB903691BB1C2681144C1603B
:104DC0000FE0012120680AE080060AD5C1F808CB6F
:104DD00007E035B9D4F8640218B90021184602F08A
:104DE00089F8E9B22046FDF72FFA0020BDE8F081EE
:104DF0000A31544F0A30544F2DE9F84F0E4601EB5B
:104E0000C60100EB810481460568D4E90910143419
:104E1000884202D90120BDE8F88F081AA1688142B2
:104E200000D20846C01C870805EB46181BE000BFEF
:104E3000A0EB010AA068504500D282460AF10300A7
:104E4000870899F8060000901FFA8AF3F2B2284604
:104E5000E16802F08DFBE16801EB0A00E060616946
:104E600001EB0A006061D8F8180980B2B84205D396
:104E7000D4E90401814201D20028D9D1D4E9040146
:104E8000884208D806F00F0101208840D5F8341870
:104E90008143C5F834180020BDE77047002102E0C7
:104EA0000A38C0B2491C0A28FAD2090740EA116040
:104EB000704700002DE9F041044600680025C168F4
:104EC000490618D4C16841F08001C160FCF7F0FFC9
:104ED00006464FF47A78042707E000BFFCF7E8FFA6
:104EE000801B404501D9677701252068C0684006CE
:104EF00001D4002DF2D02846BDE8F08170B50446FB
:104F000000680025C16821F08001C16020688068C8
:104F1000800606D42046FEF7D9FA10B10420607747
:104F20000125284670BD006800F003007047084462
:104F3000406970470148FEF7C9BB0000D803002054
:104F400070B50DF1100C11439CE870002343194318
:104F500029434268314347F6FF639A430A4342605C
:104F6000002070BD0321016000207047D0F8800050
:104F700070470A688260D1E901231A43D1E90331FD
:104F80000B43C1681A436FF30B011143C16000204A
:104F900070470968C0F880100020704710B585B0D0
:104FA00004463720CDE900104020029000200390F5
:104FB0004FF48060049069462046FFF7DAFF41F223
:104FC00088323721204600F007F905B010BD0000F7
:104FD00010B504460A4885B001432920CDE90010E8
:104FE00040200290002003904FF4806004906946B6
:104FF0002046FFF7BEFF204600F0A6F905B010BD21
:105000000000108010B585B004461020CDE90010D6
:1050100040200290002003904FF480600490694685
:105020002046FFF7A6FF41F288321021204600F00B
:10503000D3F805B010BD000030B585B0002405469A
:10504000009401944FF480600294CDE903406946D6
:105050002846FFF78EFF0B484FF4FA510068B0FB6B
:10506000F1F041F288314843401E03D24FF0004036
:1050700005B030BD696B0906F6D5C520A86320468A
:10508000F6E700005001002010B585B004464FF44B
:10509000D5700090082001904020029000200390DD
:1050A0004FF48060049069462046FFF762FF204677
:1050B00000F0B0F905B010BD10B585B0044607206A
:1050C000CDE9002040200290002003904FF4806042
:1050D000049069462046FFF74CFF41F288320721D1
:1050E000204600F079F805B010BD10B585B0044633
:1050F00000210220CDE90010C020CDE902014FF4CB
:105100008060049069462046FFF733FF204600F098
:10511000F3F805B010BD10B585B004460920CDE9FF
:105120000010C0200290002003904FF48060049093
:1051300069462046FFF71DFF204600F0DDF805B068
:1051400010BD10B585B004460D20CDE900104020FB
:105150000290002003904FF480600490694620463E
:10516000FFF707FF41F288320D21204600F034F8A6
:1051700005B010BD30B585B00C46054600210320B2
:10518000CDE900104020CDE90201000104906946FC
:105190002846FFF7EEFE22460321284600F0F6F8E7
:1051A00005B030BD10B585B0044600210C20CDE916
:1051B00000104020CDE9020100010490694620461C
:1051C000FFF7D7FE034A0C21204600F005F805B092
:1051D00010BD000000E1F505454B10B51B684FF40C
:1051E000FA54B3FBF4F353435B1E02D24FF000407A
:1051F00010BD426B12F0450FF6D01205F4D4426B8D
:10520000520703D504218163084610BD426BD207C3
:1052100002D00121816305E0C52282630269D2B216
:105220008A4201D0012010BD0021FFF780FE3149E4
:10523000084201D1002010BD002802DA4FF00070B2
:1052400010BD410001D5402010BD810001D5802056
:1052500010BDC10002D54FF4807010BD010102D510
:105260004FF4007010BD410102D54FF4806010BDB5
:10527000C10102D54FF4006010BD010202D54FF408
:10528000805010BD410202D54FF4005010BD810284
:1052900002D54FF4804010BDC10202D54FF400404A
:1052A00010BD410302D54FF4003010BD810302D57B
:1052B0004FF4802010BDC10302D54FF4002010BD73
:1052C000010402D54FF4801010BD410402D54FF403
:1052D000001010BD810402D54FF4800010BD0007FE
:1052E00002D54FF4000010BD4FF4803010BD000017
:1052F0005001002008E0FFFD12494FF4FA520968FE
:10530000B1FBF2F141F288325143491E02D24FF013
:1053100000407047426B12F0450FF6D01205F4D4EE
:10532000416B490703D50421816308467047416BEF
:10533000C90703D00121816308467047C5218163F5
:1053400000207047500100200F494FF4FA520968BD
:10535000B1FBF2F141F288325143491E02D24FF0C3
:1053600000407047426B12F0450FF6D01205F4D49E
:10537000416B490703D50421816308467047C52165
:1053800081630020704700005001002030B5204BA1
:105390004FF4FA541B68B3FBF4F341F288346343CF
:1053A0005B1E02D24FF0004030BD446B14F0450F3D
:1053B000F6D02405F4D4436B5B0703D50421816345
:1053C000084630BD436BDB0702D00121816303E057
:1053D0000369DBB28B4201D0012030BDC52181635E
:1053E0000021FFF7A4FD10F4604F04D0410406D55E
:1053F0004FF4005030BD000C1080002030BD000480
:1054000002D54FF4805030BD4FF4803030BD0000E5
:105410005001002014494FF4FA520968B1FBF2F12F
:1054200041F288325143491E02D24FF0004070478A
:10543000426B12F0450FF6D01205F4D4416B4907C8
:1054400003D50421816308467047416BC90703D027
:105450000121816308467047416B490601D540210F
:1054600081630020704700005001002010B5846B5C
:1054700040F23A50216888632046FEF711F9012175
:1054800084F8341000212163062801D0052805D1B5
:105490002068FFF787FEA16B0843A063A06B00287C
:1054A000204602D0FEF72FF810BDFEF72BF810BDF6
:1054B00010B5846B40F23A50216888632046FEF7AD
:1054C000EFF8012184F8341000212163062801D06F
:1054D000052805D12068FFF765FEA16B0843A0638E
:1054E000A06B0028204602D0FEF70DF810BDFEF795
:1054F00009F810BD10B590B004460120ADF8380091
:105500002068FFF710FD002854D0606C032842D0BB
:105510002068FFF7EAFD00284AD100212068FFF744
:1055200006FD606704212068FFF701FDA0670821E0
:105530002068FFF7FCFCE0670C212068FFF7F7FC10
:10554000C4F88000606C032825D00EA92068FFF7FE
:1055500011FE00282CD1606C03281CD0BDF8380047
:10556000206501042068FFF7D6FD002820D1002126
:105570002068FFF7DCFC606604212068FFF7D7FC99
:10558000A06608212068FFF7D2FCE0660C212068A5
:10559000FFF7CDFC206704212068FFF7C8FC000D51
:1055A000E06403A92046FDF7AFFF30B14FF0805013
:1055B00010B010BD4FF08060FAE7B4F8500000233F
:1055C00002042068FFF778FD0028F1D104F11000F3
:1055D00007C88DE8070094E80F00FFF7B1FC002032
:1055E000E6E700002DE9F84F002604460096354610
:1055F000B0460068FFF720FD002827D12068FFF79C
:1056000043FD4FF0805B4FF001094FF6FF7748B143
:10561000A6642068FFF710FD002817D1A06C0128B0
:1056200002D020E0C4F8489000212068FFF7B6FCC3
:1056300058B918E000212068FFF7B0FC002805D118
:1056400051462068FFF7C4FC10B15846BDE8F88FFA
:1056500000212068FFF76BFC05464FEAD0780098E0
:10566000401C009002E0DFF82CA00098B84202D263
:10567000B8F1000FDED00098B84202D34FF080702E
:10568000E4E7680002D5C4F8449000E066640020B6
:10569000DCE70000000010C170470178407841EA63
:1056A0000020704710B5FCF701FD08490868401C50
:1056B0000860B0F57A7F07D300200860BDE810408D
:1056C00008210348FCF7E7BB10BD000018000020CC
:1056D0000000024030B593B030216846FAF7DCFD97
:1056E00014210CA8FAF7D8FD1F480025016841F0E5
:1056F00080510160006800F0805011901B480168E3
:1057000041F4804101600068022400F4804011905F
:10571000052000904FF48030019001200290800518
:10572000CDE9064004200890A820CDE9090407200F
:105730000B906846FDF7F4FB08B172B6FEE70CA9C2
:105740000F2081E831004FF4A0500F904FF48050AB
:10575000109005210CA8FDF7F3FA002801D072B6CD
:10576000FEE713B030BD000040380240007000403A
:105770000248016841F470010160704788ED00E063
:105780000148FEF7BCBB000074050020F0B50268BC
:10579000274B284D284E294F294C4FF0804C9842DA
:1057A00009D0604507D0A84205D0B04203D0B84226
:1057B00001D0A04204D122F0700E4A6842EA0E02E3
:1057C00098421BD0604519D0A84217D0B04215D0DE
:1057D000B84213D0A04211D01A4DA8420ED01A4D93
:1057E000A8420BD0194DA84208D0194DA84205D0A7
:1057F000184DA84202D0184DA84203D122F440759A
:10580000CA682A434D6922F080022A438D68C56226
:105810000D688562984201D0A04201D109690163F7
:10582000016841F004010160012141610260F0BDA5
:10583000000001400004004000080040000C00404F
:105840000004014000400140004401400048014084
:1058500000180040001C00400020004010B5846883
:1058600042EA032224F47F440A432243826010BDAB
:10587000826822F070020A4342F00701816070479B
:1058800010B5036A046A24F001040462846924F0F8
:10589000F00444EA021423F00A020A43846102621B
:1058A00010BD10B5036A046A24F010040462846910
:1058B00023F0A00324F4704444EA023243EA0111C5
:1058C0008261016210BD10B5806B0021C185FEF7B9
:1058D000CFFB10BD70B5846B2068406994F841100F
:1058E000C0F3C0100025212904D118B1E584204659
:1058F00000F08EF82068406994F84210C0F38010E0
:10590000222904D118B1E585204600F05AF8606CD0
:1059100040F0100060642046FEF7AAFB70BD10B591
:105920000146806B096809684FF00002C9052ED452
:10593000C28501680C3151E8003F23F4807341E8CF
:105940000034002CF5D10168143151E8003F23F0F8
:10595000010341E80034002CF5D10168143151E80D
:10596000003F23F0400341E80034002CF5D1202112
:1059700080F84210016B012909D101680C3151E80E
:10598000003F23F0100341E80034002CF5D14263BE
:10599000016B012902D0FEF747FD10BD818DFEF796
:1059A00066FB10BD10B5806B01214163016B0129BD
:1059B00002D0FEF751FD10BD818D4908FEF757FB5F
:1059C00010BD01680C3151E8002F22F4907241E8BB
:1059D0000023002BF5D10168143151E8002F22F08B
:1059E000010241E80023002BF5D1016B012909D107
:1059F00001680C3151E8002F22F0100241E8002329
:105A0000002BF5D1202180F842100021016370475E
:105A100001680C3151E8002F22F0C00241E8002358
:105A2000002BF5D1202180F84110704708B590F87F
:105A30004210222901D0022008BD82684FF4805311
:105A40009A4201D1016921B1816A9A421BD04AB1BF
:105A50000AE00268816A5268C2F308020A80816A19
:105A6000891C08E0026972B10268526802F07F0284
:105A70000A70816A491C8162C18D491E0904090CA2
:105A8000C18503D01BE002685268F1E70168CA686B
:105A900022F02002CA600168CA6822F48072CA60DB
:105AA00001684A6922F001024A61202180F842100F
:105AB00000214163026B012A03D0FEF7B5FC0020F0
:105AC00008BD016301680C3151E8002F22F010027B
:105AD00041E80023002BF5D101680A68D20602D5FF
:105AE0000A6849680091818DFEF7C1FAE7E7000076
:105AF00070B5044600680169E26821F44051114321
:105B000001612169A068E2690843616911430843A2
:105B10002168CA6849F20C639A430243CA6020684C
:105B20004169A26921F44071114341613149206802
:105B3000884202D03049884202D1FDF7B1F901E034
:105B4000FDF79EF9E2690023192164253226B2F59A
:105B5000004F626828D0A0FB0101930F9200FAF772
:105B60002FFB0146B0FBF5F06FF01802504301EB3C
:105B7000800006EB0010B0FBF5F000F0F002B1FB86
:105B8000F5F002EB0012B1FBF5F06FF0180358438B
:105B900001EB800006EB0010B0FBF5F000F00F0009
:105BA00021681044886070BDA0FB010192185B4120
:105BB000FAF706FB0146B0FBF5F00201B1FBF5F088
:105BC0006FF01803584301EB800006EBC000B0FBF8
:105BD000F5F000F0F80002EB4002B1FBF5F058439D
:105BE00001EB800006EBC000B0FBF5F000F0070011
:105BF000D6E70000001001400014014038B5816272
:105C000004468285002013466064222284F84220E4
:105C1000E56B1F4AEA63E56B1E4A2A64E56B1E4A80
:105C2000EA64E26B10650A462168E06B091DFBF728
:105C3000F5FB30B110206064202084F84200012080
:105C400038BD2068016840680090206948B120682C
:105C50000C3050E8001F41F4807140E80012002A27
:105C6000F5D12068143050E8001F41F0010140E8F0
:105C70000012002AF5D12068143050E8001F41F0CE
:105C8000400140E80012002AF5D1002038BD000094
:105C90001F590008A5590008D55800082DE9F843F8
:105CA000984617460D460446089E24E0701C22D0F4
:105CB000FCF7FEF8A0EB0800B0421AD8CEB120687D
:105CC000C168490717D5802D15D0402D13D0016824
:105CD000C94309070FD40168002540680090204699
:105CE000FFF76FFE0820606484F840500120BDE893
:105CF000F8830320FBE72068006835EA000004D041
:105D00000020B842D2D00020F1E70120F9E70000DE
:105D100010B50448FEF7AEF9BDE81040014801F0A7
:105D20003BBC0000BC06002010B5D0F8B82200240F
:105D30005268904700B10324204610BD00207047F0
:105D400000207047134610B50A46002100F003FCFE
:105D5000002010BD134610B50A46002100F0A5FC36
:105D6000002010BD10B50446802100F07FFC2046C5
:105D7000BDE81040002100F079BC10B50521C0F845
:105D8000941200231A46194600F0E5FB002010BDCE
:105D900010B50223C0F89432426182611346416219
:105DA0000A46002100F081FC002010BD10B504213E
:105DB000C0F8941200231A46194600F076FC002021
:105DC00010BD000010B50A46024903A000F00FF90B
:105DD000004810BD400A002048494420436F6E66C9
:105DE0006967000012200880004870474C000020BE
:105DF00010B50A46024903A000F0F9F8004810BDAA
:105E0000400A002048494420496E74657266616307
:105E1000650000000420088000487047480000200A
:105E200010B50A46024903A000F0E1F8004810BD91
:105E3000400A002053544D6963726F656C6563744A
:105E4000726F6E696373000010B50A46024903A0C1
:105E500000F0CDF8004810BD400A002053544D33E7
:105E6000322048756D616E20696E7465726661637B
:105E70006500000010B51A2008800A480168001D5E
:105E80000468001D0068081809D008220649FEF7BA
:105E900051FB0549042210312046FEF74BFB024816
:105EA000801E10BD107AFF1F62000020F8B5044666
:105EB0000020ADF8000048880D46010A08295FD28D
:105EC000DFE801F05E0409175E5E3C45D4F8B412C9
:105ED000207C0A6819E0207C02260028D4F8B80249
:105EE00005D0C16A684688470146467039E0816A34
:105EF000F8E7C0B2062843D2DFE800F0030A101426
:105F0000181CD4F8B402426805E0694690471CE0CA
:105F1000D4F8B402826892B3207CF6E7D4F8B402D5
:105F2000C268F8E7D4F8B4020269F4E7D4F8B4021E
:105F30004269F0E7D4F8B4028269ECE7207CF0B95A
:105F4000D4F8B802416B68468847014609E0207CD6
:105F5000A8B9D4F8B802016B684688470146072003
:105F60004870EA888AB1BDF8000040B1824200D989
:105F70000246ADF800202046FFF70AFFF8BDFFE714
:105F800029462046FFF7EEFEF8E72046FFF70EFF12
:105F9000F4E778B50E4642880178002504468A4227
:105FA00012D9ADF800100AE0694600F019F84178FE
:105FB000052904D181780546B14205D000256188C4
:105FC000BDF800209142EFD8284678BD0146002058
:105FD00002E0401CC0B2491C0A78002AF9D170477F
:105FE0000A8803781A440A8001780844704770B51B
:105FF00016460D46002820D00446FFF7E7FF022191
:1060000001EB40014FF40070814204D82046FFF7B5
:10601000DDFF4000801C30803078287003206870DD
:106020000220002206E02954401CC0B22A54401C21
:10603000C0B2641C21780029F5D170BD01004FF079
:10604000000004D0012901D0022901D003207047AB
:1060500001207047D0F8D422002100EB8200D0F854
:10606000C00201730846704770B5104E044631787F
:1060700000F03EF93078002500F00F0000EB8000C2
:1060800004EB800080F82350C561D4F8D40204EBFF
:106090008000D0F8C00238B100F02EFDD4F8D40250
:1060A00004EB8000C0F8C052002070BDC400002086
:1060B0000A21018000487047F800002010B504460E
:1060C00081210548FFF765FF08B10A21817122206F
:1060D0002080014810BD0000C800002010B5044613
:1060E00081210548FFF755FF08B107218171222062
:1060F0002080014810BD0000C800002010B50446F3
:1061000081210548FFF745FF08B10A21817122204E
:106110002080014810BD0000C8000020007C08B1AC
:106120000A207047082070472DE9F04104461020EE
:1061300000F0E4FC0500D4F8D4024FF0000704EBB3
:10614000800023D0C0F8C052C4F8BC52207C124E4C
:1061500000B30A203178042301F00F0101EB810123
:1061600004EB81010322C8613178204600F0E7F991
:106170003178012001F00F0101EB810104EB810175
:1061800081F823002F730020BDE8F081C0F8C072B1
:106190000220F9E70720DDE7C400002010B5134610
:1061A000D0F8D42200EB8202D2F8C02222B190F8BB
:1061B0009C42032C02D00AE0032010BD147B34B9AA
:1061C000012414730A460349097800F06EFA00208E
:1061D00010BD0000C400002038B50346D0F8D4023A
:1061E000002403EB8000D0F8C002ADF8004030B1CD
:1061F0000A7812F0600219D0202A51D101E0032060
:1062000038BD4A78022A0ED0032A06D00A2A06D0C0
:106210000B2A45D18978016046E001222FE04988A8
:10622000090A416040E00122011D29E04A78062A5E
:1062300010D003DC3AB1012A32D135E00A2A23D04A
:106240000B2A2DD128E093F89C02032828D10222A2
:10625000694615E048882222B2EB102F05D1CA8882
:106260004A2A00D94A22134809E02122B2EB102F12
:1062700016D11048CA881838092A00D909220146BF
:106280001846FFF785FD0FE093F89C22032A07D1FB
:10629000012200F10801F3E793F89C22032A05D0BC
:1062A0001846FFF75FFD0324204638BD89788160DA
:1062B000FAE700000401002078B10023C0F8B832EA
:1062C000C0F8C432C0F8D03209B1C0F8B41201210C
:1062D00080F89C12027000F0CBB80320704710B514
:1062E000D0F8C802FBF7F2FFBDE81040FFF7A6BEEA
:1062F00010B5D0F8C802FBF7C4FFBDE81040FFF7A7
:106300009DBE70B50446002521B194F89C02032877
:1063100046D050E0D4F8941204F11400022939D187
:10632000818942688A420AD9511A41608289016989
:106330001144016142682046FFF70CFD0FE09142D5
:1063400014D10068884211D3D4F8981288420DD233
:10635000002211462046FFF7FDFCC4F898520023A6
:106360001A461946204600F0F6F813E094F89C020D
:10637000032808D1D4F8B802C16821B1C4F8D452B6
:10638000C168204688478021204600F06FF92046EA
:10639000FFF7F3FC94F8A00268B184F8A0520AE079
:1063A000D4F8B802426932B1C4F8D45242692046E6
:1063B0009047002800D1002070BD10B5044600228F
:1063C00021B194F89C02032834D03EE0D4F8941212
:1063D00004F5AA70032938D1818943688B420ED90C
:1063E000591A4160828901691144016142688089BA
:1063F000824200D802462046FFF7A4FC25E094F82C
:10640000AA0210F01F0003D0012802D0022800D0F9
:10641000002294F89C02032808D1D4F8B80201693C
:1064200021B1C4F8D4220169204688472046FFF7ED
:10643000BDFC0AE0D4F8B802836933B1C4F8D422B1
:10644000826920469047002800D1002010BD00201E
:10645000704710B50024012180F89C12D0F8B822B2
:1064600022B152680179904700B10324204610BD43
:1064700010B5017839BB15490222C1F8E004C0F813
:10648000C8124FF0A040086004200871CA710020B3
:1064900088714A728872C87208738873C873084614
:1064A000FCF796FA08B1FAF78FFA80210748FBF754
:1064B00098FE402200210548FBF797FE802201212B
:1064C0000248FBF792FE002010BD0000540C002093
:1064D0000A0601F07F01D0F8C80201EBC10100EB10
:1064E000810001D5807D704790F85602704710B545
:1064F000D0F8D42200EB8202D2F8B82222B190F870
:106500009C32032B02D004E0032010BD126A02B1BA
:106510009047002010BD10B5D0F8D42200EB8202C5
:10652000D2F8B82222B190F89C32032B02D004E0BA
:10653000032010BD526A02B19047002010BD10B573
:106540001C461346D0F8C8022246FBF7ECFEBDE815
:106550001040FFF773BD10B5D0F8C802FBF714FF69
:10656000BDE81040FFF76ABD2DE9F0410026012586
:10657000044680F89C52C4F894626660C4F8A46231
:1065800080F8A062D0F8B80230B1426822B1002190
:106590002046904700B103260022402311462046A2
:1065A000FFF7CDFF402784F86351A4F860713B46A4
:1065B000002280212046FFF7C2FF84F82350278461
:1065C0003046BDE8F08190F89C12042903D190F880
:1065D0009D1280F89C120020704710B590F89C1214
:1065E000032905D1D0F8B81211B1C96901B18847A2
:1065F000002010BD01740020704710B5D0F8C8020B
:10660000FCF7ACFABDE81040FFF718BD70B50446C2
:1066100000F2AA20054600F051F80120C4F89402C7
:10662000B4F8B002C4F8980294F8AA0210F01F015E
:106630000AD001290ED0022912D000F08001204694
:10664000BDE8704000F012B829462046BDE8704011
:1066500000F0D0B829462046BDE8704000F013BADB
:1066600029462046BDE8704000F05AB910B5D0F870
:10667000C802FBF7A5FEBDE81040FFF7DFBC10B570
:10668000D0F8C802FCF784FABDE81040FFF7D6BC8A
:1066900090F89C12042903D090F89C1280F89D1267
:1066A000042180F89C120020704710B5D0F8C80271
:1066B000FBF7BFFEBDE81040FFF7C0BC70B5054654
:1066C00011F8010B2870087868704C1C2046FEF702
:1066D000E4FF6880A41C2046FEF7DFFFA880A01C12
:1066E000FEF7DBFFE88070BD38B504460020ADF84A
:1066F0000000A1B1C4F8B812D4F8D40204EB8000B1
:10670000D0F8B802C16A19B168468847C4F8D00207
:10671000D4F8D802401CC4F8D802002038BD0320A9
:1067200038BD02460020D2F8B832002B02D01B68D8
:1067300010461847704700002DE9F04188462B4E5F
:106740008978002504463170012906D94146204642
:10675000FFF708FB0320BDE8F08194F89C020227B4
:1067600002280CD003281DD041462046FFF7FAFA34
:1067700031782046FFF7D8FA03252846EBE789B39E
:1067800020466160FFF7CDFF050004D0414620465A
:10679000FFF7E8FA1DE02046FFF708FB032084F826
:1067A0009C02EAE7C1B1606888421BD0C1B22046B2
:1067B000FFF7BAFA317820466160FFF7B2FF0500B3
:1067C00010D041462046FFF7CDFA21792046FFF749
:1067D000ABFA84F89C72D0E784F89C722046616022
:1067E000FFF7A2FA2046FFF7E1FAC6E7880000208B
:1067F000FFF745BF2DE9F0410A78002512F060024D
:106800000CD0202A01D0402A7DD1D0F8D42200EB30
:106810008202D2F8B8229268904731E04B78002289
:1068200001260A2B6FD2DFE803F041666E586E082E
:10683000056E2D29FFF73AFB67E004468888D8B932
:10684000C888C8B94888802816D200F07F0794F815
:106850009C02032810D084F89E7239462046FFF728
:10686000CCFE2046FFF7A2FA1FB1022084F89C025A
:106870004BE084F89C6248E0204644E0FFF75CFF70
:10688000054642E0CB88012B3DD190F89C32012B8C
:1068900004D0022B02D0032B35D104E08260012208
:1068A00000F1080116E00122011D13E090F89C227E
:1068B000012A03D0022A01D0032A24D1CA88022A3D
:1068C00021D1C660D0F8A41209B10321C16002220F
:1068D00000F10C01FFF75CFA17E04A88012A02D0A8
:1068E000022A03D00FE0C0F8A46216E08988090AE2
:1068F00080F8A01211E090F89C32012B08D0022BF6
:1069000006D0032B04D0FFF72DFA2846BDE8F0810E
:1069100049880129F9D1C0F8A422FFF747FAF4E722
:106920002DE9F041054608780C790E464FF0000835
:1069300010F060000BD0202801D040286BD12146F8
:106940002846FFF7FBF9FF2800D0D8B398E070780D
:10695000C8B3012824D003285DD195F89C020228F1
:1069600002D0032857D10CE0002C54D0802C52D0F8
:1069700021462846FFF77AFE80212846FFF776FE5B
:106980007EE0708840B93CB1802C05D0C88818B929
:1069900021462846FFF76AFE2846FFF707FA6FE010
:1069A00095F89C020228DFD0032866D1708888BB46
:1069B000600603D021462846FFF791FC2846FFF7E2
:1069C000F5F9BCE700E00AE0C5F8D402D5F8B80252
:1069D0008268FAB1314628469047804650E095F8E3
:1069E0009C020027022802D0032846D114E00CB1F3
:1069F000802C42D1200604F07F0000EB800005EBE4
:106A0000800101D5143101E001F5AA71022201F8DB
:106A10000E7F2EE034E030E0200604F00F0000EBA3
:106A2000800005EB80000AD590F8230028B304F01D
:106A30007F0000EB800005EB800614360AE090F83A
:106A40006301D0B104F07F0000EB800005EB80060D
:106A500006F5AA764CB1802C07D021462846FFF7D0
:106A600037FD10B10120B07300E0B773022206F1C8
:106A70000E012846FFF78CF902E02846FFF772F96D
:106A80004046BDE8F08170B50546087800240E4602
:106A900010F0600003D0202801D0402827D195F8BD
:106AA0009C02012803D0022801D003281FD1B088FE
:106AB000C1B201291AD8C1B22846FFF741F9FF280F
:106AC0000CD058B9D5F8B8128A683AB1C5F8D402D2
:106AD0008A68314628469047044600E00324F0883F
:106AE000204307D12846FFF761F903E031462846E5
:106AF000FFF738F9204670BD704700000048704726
:106B0000400C002070B50A78012302F00F054E7882
:106B1000AB401B4CD0F81C58012E17D045EA03435C
:106B2000C0F81C3800EB4210D0F8002B12040BD434
:106B3000D0F8002B0B890979C3F30A031A4344EAFE
:106B400081410A43C0F8002B002070BD9BB21D4359
:106B5000C0F81C5800EB4210D0F800391B04F3D4E5
:106B6000D0F800390D890979C5F30A0589042B434A
:106B700041EA82510B432343C0F80039E4E70000A7
:106B800000800010D0F800196FF30A01C0F8001956
:106B9000D0F8041841F48071C0F804180020704740
:106BA00070B50D460446C2F3072104981E4601291C
:106BB0001BD0E06840F04000E060204600F032F872
:106BC000C6F307210029A16B26D021F48031A163EF
:106BD000C5F30741012907D1A16841F00601A16071
:106BE000A16841F02001A16070BDA16B21F480314A
:106BF000A163E1680A4A1140E160E16821F44011B3
:106C0000E160C0B2012803D1E06840F48010E06088
:106C1000204600F007F8DBE741F48031D7E70000B9
:106C2000BFFFBDFF08B5002100914FF07061009AD1
:106C3000521C00928A4210D80269002AF7DA0A220E
:106C40000092521E0092FCD1026942F001020261E0
:106C5000009A521C00928A4201D9032008BD0269A1
:106C6000D207F5D1002008BD30B54C780A78012351
:106C700000EB4212012C2CD0D2F8004B002C0BDA86
:106C8000D2F8004B44F00064C2F8004BD2F8004B3D
:106C900044F08044C2F8004BD0F83C580C7804F023
:106CA0000F0403FA04F425EA0444C0F83C48D0F881
:106CB0001C48097801F00F018B4024EA0341C0F819
:106CC0001C18D2F8000B19490840C2F8000B00202C
:106CD00030BDD2F80049002C0BDAD2F8004944F05C
:106CE0000064C2F80049D2F8004944F08044C2F878
:106CF0000049D0F83C480D7805F00F0503FA05F57A
:106D0000ADB2AC43C0F83C48D0F81C48097801F05B
:106D10000F018B4099B28C43C0F81C48D2F800098F
:106D200003490840C2F80009D1E700000078F3EFFA
:106D3000007833ECD0F8001E21F00301C0F8001EEB
:106D4000D0F8041821F00201C0F8041800207047A0
:106D5000D0F8001E21F00301C0F8001ED0F804187E
:106D600041F00201C0F80418002070472DE9F04FEF
:106D700000250E46044617462846294604EB8002A5
:106D8000C2F80411401C0F28F8D3C3F307405FEA90
:106D90000009204616D0806B20F40012A263A06B7D
:106DA00040F40022A263084688462146C4F8000E3B
:106DB000C7F30720012817D00846D1F8001841F082
:106DC000030118E0D0F8040840F00202C4F80428D7
:106DD000A06B40F40012A263A06B20F40022A26317
:106DE000A06B20F48022DDE7300E0846D1F80018B1
:106DF00001D041F00101C0F80018102100F08BFA19
:106E000000B10125204600F06AFA00B10125404694
:106E1000C4F81088C4F81488C4F81C8800214FF006
:106E2000006B4FF0904E4FF67F3AF2B215E000BF84
:106E300004EB4113D3F800C9BCF1000F06DA11B11D
:106E4000C3F800E904E0C4F800B901E0C3F80009A0
:106E5000C3F81009C3F808A9491C8A42E8D80021E0
:106E600015E000BF04EB4113D3F800CBBCF1000FD9
:106E700006DA11B1C3F800EB04E0C4F800BB01E08E
:106E8000C3F8000BC3F8100BC3F808AB491C8A42C7
:106E9000E8D8D4F8101821F48072C4F81028A06142
:106EA0006FF080406061C6F3074018B9A06940F0F8
:106EB0001000A061A0690A490843A061C7F3074018
:106EC00018B1A06940F00800A061B9F1010F03D129
:106ED000A06904490843A0612846BDE8F08F00007E
:106EE00000383C8004000040816821F0010181608D
:106EF0000020704710B5036C134CA34203D9D0F89F
:106F0000003B002B1EDB0023C0F8103BD0F8103BE9
:106F100043F40023C0F8103BD0F8103B43F01803B3
:106F2000C0F8103BD0F8103B43F0C043C0F8103B12
:106F3000012907D1C0F8142BD0F8001B41F08021A3
:106F4000C0F8001B002010BD0A30544F4A780B785F
:106F5000012A00EB43100BD0D0F8002B22F40012D2
:106F6000C0F8002B0979032914D0022912D017E0A8
:106F7000D0F8002922F40012C0F800290979032969
:106F800001D002290CD1D0F8001941F08051C0F88D
:106F9000001905E0D0F8001B41F08051C0F8001B3B
:106FA000002070470A784B78D1B200EB4110012BDA
:106FB00012D0D0F8001B002906DB2AB1D0F8001B44
:106FC00021F08041C0F8001BD0F8001B41F40011F3
:106FD000C0F8001B00207047D0F80019002906DB1C
:106FE0002AB1D0F8001921F08041C0F80019D0F87A
:106FF000001941F40011C0F80019EBE7F8B50C785E
:107000004F788B4DE3B26FF0604600EB4313012FD6
:1070100029D0D3F8107B6FF31207C3F8107BD3F895
:10702000107B2F40C3F8107B002C7DD00D69002D04
:107030007BD08C6825446D1EB5FBF4F5ADB26C4376
:107040000C62D3F8104B06EAC5452C43C3F8104B2D
:10705000D3F8104B0D6AC5F312052C43C3F8104B3F
:10706000012A70D0CBE00F69EFB1D3F810796FF33C
:107070001207C3F81079D3F810792F40C3F81079AC
:107080000CB30F698D682F447F1EB7FBF5F5D3F85D
:107090001079ADB206EAC5463743C3F810790E79C8
:1070A000012E1CD02AE0D3F810692E40C3F81069D5
:1070B000D3F8105945F40025C3F81059D3F81059E6
:1070C0006FF3120520E00E698D68AE4200D90D61A4
:1070D000D0F8105945F40026C0F810690EE0D3F836
:1070E000106926F0C046C3F81069D3F810694FF054
:1070F000C04707EA45752E43C3F81069D3F8105905
:107100000E69C6F312063543C3F81059012A1BD085
:1071100000EB4413D3F8004944F00444C3F8004999
:107120000C79012C31D001E044E057E00A695AB3F0
:10713000D0F83428097801F00F03012199400A435F
:10714000C0F8342871E056E0CA691AB100EB441364
:10715000C3F81429097901290ED1D0F80818C905F6
:1071600000EB4411D1F8002902D442F0005201E0B2
:1071700042F08052C1F8002900EB4410D0F8001909
:1071800041F00441C0F800194FE0D0F80848E40588
:10719000D3F8004902D444F0005401E044F0805494
:1071A000C3F8004900920A8A93B20A78C96800F0CD
:1071B000DFF93AE00C690CB18C680C618C680C62E8
:1071C000D0F8105BC4F312042543C0F8105BD0F86C
:1071D000104B44F40024C0F8104B41E7D3F8104B97
:1071E0008D68C5F312052C43C3F8104BD3F8104B30
:1071F00044F4002432E7CA680AB1C3F8142B0979B1
:1072000001290CD1D0F80808C005D3F8000B02D42E
:1072100040F0005001E040F08050C3F8000BD3F87C
:10722000000B40F00440C3F8000B0020F8BD000044
:10723000FFFF07E038B50022009213464D780A7828
:1072400042F2107400EB4212012D19D0D2F8005B0B
:10725000002D3CDAD2F8005B45F00065C2F8005B17
:107260000A7800EB4212D2F8005B45F08045C2F884
:10727000005B009A521C0092A24221D9012326E011
:10728000D2F80059002D22DAD2F8005945F00065F5
:10729000C2F800590A7800EB4212D2F8005945F0C2
:1072A0008045C2F80059009A521C0092A242E5D8CB
:1072B0000A7800EB4212D2F80029002AF3DB06E03C
:1072C0000A7800EB4212D2F8002B002AD1DB1846D4
:1072D00038BD816841F0010181600020704708B528
:1072E00000214FF070620091009B5B1C0093934261
:1072F0000AD80369002BF7DA009110210161009987
:10730000491C0091914201D9032008BD0169C906B9
:10731000F5D4002008BD18B500224FF0706300922C
:10732000009C641C00949C420CD80469002CF7DA81
:107330000092202242EA811101610099491C0091CA
:10734000994201D9032018BD01698906F5D40020AE
:1073500018BDD0F8080810F0060004D0022803D0A9
:10736000062801D00F20704702207047406900F0C6
:1073700001007047D0F81818D0F81C08084080B2F7
:107380007047D0F81818D0F81C080840000C704757
:1073900010B5D0F81038D0F8342801F00F0400EB05
:1073A0004110E24002F00102D0F8080943EAC2129B
:1073B000104010BD00EB4111D1F8081BD0F81408A3
:1073C00008407047416980690840704730B50346FE
:1073D0000846940802F00301002203F5805303E0FD
:1073E0001D6840F8045B521CA242F9D300290BD05F
:1073F0001C680022D50024FA05F3491E521C09041A
:1074000000F8013B090CF5D130BD70B50446C068E9
:10741000002520F0C040E060012901D079B120E0D2
:10742000E06840F00050E0600A20FAF72FF8606949
:107430000A3510F0010F10D1C82DF5D30DE0E0682A
:1074400040F08040E0600A20FAF720F860690A35D1
:1074500010F0010F01D0C82DF5D3C82D01D00020A8
:1074600070BD012070BDD0F8002822F4FE62C0F883
:107470000028D0F800284FF4FE6303EA01110A4304
:10748000C0F8002800207047022A3ED1264A274B28
:107490000A449A4201D20F2138E0254A254B0A447A
:1074A0009A4201D20E2131E0234A244B0A449A42E7
:1074B00001D20D212AE0224A224B0A449A4201D2EB
:1074C0000C2123E0204A214B0A449A4201D20B218D
:1074D0001CE01F4A1F4B0A449A4201D20A2115E0C0
:1074E0001D4A1E4B0A449A420FD31D4A1D4B0A44A3
:1074F0009A4201D2082109E01B4A11441B4A9142D9
:1075000001D2072102E0062100E00921C26822F42D
:107510007052C260C2684FF4705303EA81210A437B
:10752000C260002070470000405327FF00350C0068
:10753000401E1BFF40420F0000DC0BFF804F12007B
:10754000808CF9FE20D6130060B6E5FE60E31600DD
:1075500000D3CEFE40771B00C05BB3FEC09121007C
:1075600000CA91FE20753800E05459FEE09C4100AD
:1075700010B5029C74B9DB1C9C0800EB02300023A0
:1075800000F5805004E000BF51F8042B02605B1C42
:10759000A342F9D3002010BD0C4A0168914214D1D6
:1075A0000A68D243D20610D46FF010020A6008496C
:1075B00009684968084B4A4206490978521A194431
:1075C000D2B24FF0FF33FCF763BF704700100140A9
:1075D0000407002014000020BC050020FEE7000086
:1075E0000FB4054B10B503A9044A029800F028F81F
:1075F00010BC5DF814FB0000D1A200083C02002082
:107600000907090E002804DB00F1E02080F80014CF
:10761000704700F00F0000F1E02080F8141D704763
:1076200002E008C8121F08C1002AFAD1704770474B
:10763000002001E001C1121F002AFBD170470000A9
:107640002DE9FF4F8DB00F460546002606E02528A0
:107650000BD0DDE90F1290476D1C761C28780028AE
:10766000F5D111B03046BDE8F08F0024A246A14606
:107670000122EC4900E0044315F8013F203B02FAE7
:1076800003F00842F7D128782A2810D06FF02F0293
:107690002878A0F13001092914D80AEB8A0102EBFD
:1076A000410144F0020400EB010A6D1CF0E701CF38
:1076B0005FEA000A03D544F40054CAF1000A44F01A
:1076C00002046D1C28782E2817D115F8010F44F0FC
:1076D00004042A280ED06FF02F022878A0F1300180
:1076E00009290AD809EB890102EB410100EB0109E4
:1076F0006D1CF2E757F8049B6D1C28786C280FD09E
:1077000006DC4C2817D068280DD06A2814D104E074
:10771000742810D07A280FD10DE044F400140AE048
:1077200044F4801401E044F440146978814202D1A9
:1077300004F580146D1C6D1C2A786E2A1FD00CDC99
:10774000632A31D004DC002A8BD0582A11D1A3E05F
:10775000642A68D0692A0CD165E0732A2ED004DC33
:107760006F2A73D0702A04D19BE0752A6FD0782AD3
:107770006ED01046DDE90F129047761C50E1C4F33D
:107780000250022806D0032809D0042801CF09D0CE
:10779000066045E101CFF117C0E9006140E101CF8A
:1077A00006803DE106703BE117F8040B8DF8000000
:1077B00000208DF80100EB46012003E057F804BBE0
:1077C0004FF0FF3061074FF0000102D40DE008F1E7
:1077D0000101884649450FDA8045F8DB1BF808109F
:1077E0000029F4D108E008F1010188468142FADB62
:1077F0001BF808100029F6D1DDE90F23AAEB0800D9
:107800008146214600F036F9304400EB080604E0DA
:10781000DDE90F121BF8010B9047B8F10108F7D210
:1078200021464846F7E00A21C4F302534FF0000B0B
:107830000891022B04D001CFC117032B09D00AE015
:10784000FF1D27F00707F7E8020108E032E01FE01C
:1078500020E000B2C117042B01D140B2C117031EB2
:1078600071F1000307DA4FF0000CD0EB0C006CEB69
:1078700001012D2302E0230504D52B238DF82430AC
:10788000012303E0E30701D02023F7E7984658E0FF
:107890000A2110E010210EE010204FF0000B08909C
:1078A0000CE010214FF0000B44F004044FF00809E5
:1078B000089103E008214FF0000B0891C4F3025334
:1078C000022B04D001CF0021032B06D006E0FF1DC0
:1078D00027F00707F7E8020103E080B2042B00D18C
:1078E000C0B24FF0000823072BD5702A07D0DDF86F
:1078F00020C08CF0100C5CEA0B0C05D00EE040238D
:107900008DF82430012308E050EA010306D030232B
:107910008DF824308DF8252002239846DDF820C00C
:107920008CF0080C5CEA0B0C0BD150EA010301D17E
:10793000630706D530238DF824304FF00108A9F1F4
:107940000109582A04D038A20B9208AA0A920BE027
:107950003AA2F9E75B46089AF8F732FC0B9B9B5C6E
:107960000A9A521E0A92137050EA0102F2D10A9842
:10797000ADEB000000F1200B600702D524F4803449
:1079800001E04FF00109D94502DDA9EB0B0000E051
:10799000002000EB0B0141440890AAEB010AE00330
:1079A00006D4DDE90F232146504600F063F8064473
:1079B0004FF0000908E009A911F80900DDE90F12EC
:1079C000904709F10109761CC145F4DBE0030CD5B1
:1079D000DDE90F232146504600F04CF8064404E050
:1079E000DDE90F1230209047761C0899481E089058
:1079F0000029F5DC08E00A980A990078491C0A91E8
:107A0000DDE90F129047761CBBF10001ABF1010BD1
:107A1000F1DC21465046DDE90F2300F019F8064459
:107A20006D1C1BE6092801003031323334353637FE
:107A300038396162636465660000000030313233BA
:107A4000343536373839414243444546000000005A
:107A50002DE9F041044600251E461746880404D44B
:107A600005E039462020B0476D1C641EF9D5284634
:107A7000BDE8F0812DE9F041044600251E46904600
:107A8000C80301D5302700E02027880404D505E08D
:107A900041463846B0476D1C641EF9D52846BDE8FE
:107AA000F081000058B1426A002A0FD05379082BA8
:107AB0000CD10968D269914208D100F0C3BA04A37D
:107AC00040F28B3210A114A0FFF78ABD704700006E
:107AD0002E2E2F4D6964646C6577617265732F5427
:107AE000686972645F50617274792F4C7749502FC6
:107AF0007372632F636F72652F697076342F6468B9
:107B000063702E63000000006E6574696620213D7D
:107B1000204E554C4C000000417373657274696FC0
:107B20006E2022257322206661696C656420617471
:107B3000206C696E6520256420696E2025730A001B
:107B40002DE9FC4105001AD06C6AECB10023638278
:107B5000A16A4FF03C07B1F1FF3F4FF480364FF080
:107B600001024FF6FF7019D01E31B1FBF7F1B1429F
:107B700000D301460904090CA1820ED00EE02DA30A
:107B800040F2154239A103E02AA340F217423EA178
:107B900043A0FFF725FDBDE8FC81A282E16AB1F1B7
:107BA000FF3F0CD01E31B1FBF7F1B14200D30146CB
:107BB0000904090C618100D162816189E181216B35
:107BC000B1F1FF3F0CD01E31B1FBF7F1B14200D350
:107BD00001460904090CA18100D1A281A189218259
:107BE0006289A1898A4201D301B16381E17909B136
:107BF000206A08E0217F7F2901D8FF2003E0C02907
:107C000001D36FF07F400090606A019028B9E0696D
:107C10000099084040F0807001900A21204601F050
:107C200091FA01AB6A4604F11C01284604F076FC87
:107C3000B1E700002E2E2F4D6964646C6577617288
:107C400065732F54686972645F50617274792F4C48
:107C50007749502F7372632F636F72652F69707647
:107C6000342F646863702E630000000064686370E2
:107C70005F62696E643A206E6574696620213D20FA
:107C80004E554C4C00000000646863705F62696E82
:107C9000643A206468637020213D204E554C4C00AE
:107CA000417373657274696F6E202225732220669A
:107CB00061696C6564206174206C696E652025645F
:107CC00020696E2025730A0070B5446A05460821B4
:107CD000204601F037FA002204F11C01284601F089
:107CE000F5FEA079FF2801D2401CA0714FF4FA7173
:107CF00040F2E730B0FBF1F0208170BD70B529484B
:107D000004684CE0606AA0B3417991B3818A69B19B
:107D1000418A491C89B24182828A914206D1204619
:107D200001F046F8204601F015FA37E0018A19B152
:107D30004A1E0282012906D0C189D1B14A1EC281E0
:107D4000012917D02AE0656A20466979012905D002
:107D50000A2903D0052901D004291FD100F0ACFE67
:107D6000A88A698A401A022818DB00EBD070400804
:107D7000288213E0656A20466979012903D00A291F
:107D800001D005290AD101F071F8A889698A401A41
:107D9000022803DB00EBD0704008E8812468002C47
:107DA000B0D170BDB40100202DE9F04799461646C8
:107DB0000D4607001BD0002D1ED04FF49A744FF4CF
:107DC00020722146362004F0A5FDB0F100081BD03A
:107DD000B8F80A00A246504506D232A340F27172AA
:107DE0003EA14EA0FFF7FCFB032E12D10EE02DA307
:107DF00040F2697253A103E02AA340F26A7259A1CA
:107E000046A0FFF7EDFB0020BDE8F0876879032866
:107E100008D1A8795B4C08B1606802E0F8F702FA73
:107E200060602860D8F8044051462046F8F734FADC
:107E300001202070607097F83000A070286803F06F
:107E40009FFC6060082E0AD0042E08D0072E06D0B2
:107E5000032E06D16879052801D0042801D178685D
:107E6000E060002039182218401C91F82A1080B2D6
:107E700011770628F6D34448C4F8EC0004F1F00169
:107E8000012335220C46002000F0C4FA3246214678
:107E900000F00CFBB9F1000F01D0A9F8000040463A
:107EA000B2E700002E2E2F4D6964646C6577617215
:107EB00065732F54686972645F50617274792F4CD6
:107EC0007749502F7372632F636F72652F697076D5
:107ED000342F646863702E63000000006468637070
:107EE0005F6372656174655F6D73673A206368658F
:107EF000636B2074686174206669727374207062A9
:107F000075662063616E20686F6C6420737472758F
:107F1000637420646863705F6D7367004173736599
:107F20007274696F6E2022257322206661696C6508
:107F300064206174206C696E6520256420696E2060
:107F400025730A00646863705F6372656174655FBE
:107F50006D73673A206E6574696620213D204E5529
:107F60004C4C0000646863705F6372656174655FA8
:107F70006D73673A206468637020213D204E554C34
:107F80004C000000180200206382536310B50B4CB4
:107F90002078002805D10AA3FF2217A11FA0FFF710
:107FA0001FFB2078401E10F0FF00207004D1A06855
:107FB0000AF07AFD0020A06010BD00001802002029
:107FC0002E2E2F4D6964646C6577617265732F5432
:107FD000686972645F50617274792F4C7749502FD1
:107FE0007372632F636F72652F697076342F6468C4
:107FF00063702E6300000000646863705F706362EA
:108000005F726566636F756E7428293A20726566C3
:10801000636F756E74206572726F72004173736561
:108020007274696F6E2022257322206661696C6507
:1080300064206174206C696E6520256420696E205F
:1080400025730A00FEB5446A06460C21204601F05D
:1080500079F802AB042221463046FFF7A5FE050061
:1080600028D069680423F03132220F46BDF8080099
:1080700000F0D0F9ADF80800E06903F081FB02469A
:108080003946BDF8080000F06FFAADF808002A463E
:10809000394600F039FB0F484323CDE900600F4813
:1080A0000D4A294680680AF0F7FD0646284605F085
:1080B00033F801E04FF0FF36A079FF2801D2401CD1
:1080C000A07142F603104FF4FA71B0FBF1F0208179
:1080D0003046FEBD24300108283001081802002077
:1080E0002DE9FE4F446A07464FF00009062120465D
:1080F000C4F81C9001F026F802AB01222146384654
:10810000FFF752FE06003BD071680223F0318A4629
:1081100039225546BDF8080000F07CF9ADF808009A
:108120003A8D294600F08CFAADF808000323372277
:10813000294600F06FF9DFF88480ADF808000025CB
:10814000514618F80520BDF8080000F0AFF96D1C85
:10815000EDB2ADF80800032DF2D33246514680B29D
:1081600000F0D2FA16484323CDE900701348154AAF
:10817000401E314680680AF08FFD304604F0CCFF87
:10818000A079FF2801D2401CA071C1B2062902D2F9
:108190000120884000E03C2000EB4001C1EBC01012
:1081A0004FF6FF7101EAC0004FF4FA7100F2F310CC
:1081B000B0FBF1F020814846BDE8FE8F1902002097
:1081C000243001082830010870B50B4800250468E8
:1081D0000EE0606A58B10189012903D9A1F10101BA
:1081E000018104E003D10581204601F055F824689F
:1081F000002CEED170BD0000B401002070B5446ABF
:108200000020154D20626062EA78144E0AB1F268CF
:10821000A2622A790AB1326901E0A26A5208E262D6
:108220006A790AB1726903E0A26AC2EBC202D2089B
:1082300022630969E161A97921B1B06903F0A0FA6B
:1082400020620120E071E879002803D0F06903F092
:1082500097FA606270BD000024020020989200200E
:1082600010B5154C207800281ED1A068002805D034
:1082700012A3E5221FA129A0FFF7B2F90AF0C2FB61
:10828000A060B0B1417A442241F0200141722D49F1
:108290000AF0FEF843222B49A0680AF093F9002265
:1082A0002949A0680AF0BCFB2078401C20700020FF
:1082B00010BD4FF0FF3010BD180200202E2E2F4DA4
:1082C0006964646C6577617265732F546869726460
:1082D0005F50617274792F4C7749502F7372632FFE
:1082E000636F72652F697076342F646863702E63D4
:1082F00000000000646863705F696E635F706362B2
:108300005F726566636F756E7428293A206D656DBE
:108310006F7279206C65616B0000000041737365BA
:108320007274696F6E2022257322206661696C6504
:1083300064206174206C696E6520256420696E205C
:1083400025730A0024300108918C000870B5446A36
:108350000546002C22D060790026042818D004DCC1
:1083600000281BD0032804D112E0052810D00A28C9
:108370000ED00C2806D90AA340F26D3216A11BA01C
:10838000FFF72EF9A6712846BDE87040FFF7A8BE9A
:10839000A6712846BDE8704000F0FABB70BD000031
:1083A0002E2E2F4D6964646C6577617265732F544E
:1083B000686972645F50617274792F4C7749502FED
:1083C0007372632F636F72652F697076342F6468E0
:1083D00063702E6300000000696E76616C69642032
:1083E000646863702D3E73746174650041737365D6
:1083F0007274696F6E2022257322206661696C6534
:1084000064206174206C696E6520256420696E208B
:1084100025730A002DE9F0411D4604462844801CBE
:1084200017460E46442806D907A340F29A5214492B
:1084300014A0FFF7D5F83755641CA0B23554401C82
:1084400080B2BDE8F08100002E2E2F4D6964646C6F
:108450006577617265732F54686972645F506172E9
:1084600074792F4C7749502F7372632F636F726545
:108470002F697076342F646863702E6300000000EB
:10848000FC300108417373657274696F6E20222598
:108490007322206661696C6564206174206C696E6A
:1084A0006520256420696E2025730A0070B5154685
:1084B0000E460446442806D305A340F2A65212A154
:1084C0001FA0FFF78DF83555641CA0B270BD0000E9
:1084D0002E2E2F4D6964646C6577617265732F541D
:1084E000686972645F50617274792F4C7749502FBC
:1084F0007372632F636F72652F697076342F6468AF
:1085000063702E6300000000646863705F6F7074B6
:10851000696F6E5F627974653A206F7074696F6E0F
:10852000735F6F75745F6C656E203C2044484350E8
:108530005F4F5054494F4E535F4C454E0000000072
:10854000417373657274696F6E20222573222066F1
:1085500061696C6564206174206C696E65202564B6
:1085600020696E2025730A0070B50546001D14466B
:108570000E46442806D90BA340F2B75217A126A0F5
:10858000FFF72EF8200E70556D1CA8B2210C315447
:10859000401C80B2210A3154401C80B23454401C2B
:1085A00080B270BD2E2E2F4D6964646C6577617248
:1085B00065732F54686972645F50617274792F4CCF
:1085C0007749502F7372632F636F72652F697076CE
:1085D000342F646863702E63000000006468637069
:1085E0005F6F7074696F6E5F6C6F6E673A206F704B
:1085F00074696F6E735F6F75745F6C656E202B208E
:1086000034203C3D20444843505F4F5054494F4E26
:10861000535F4C454E000000417373657274696F7F
:108620006E2022257322206661696C656420617466
:10863000206C696E6520256420696E2025730A0010
:1086400070B50446801C15460E46442806D907A37B
:1086500040F2AE5213A122A0FEF7C2FF280A305505
:10866000641CA0B23554401C80B270BD2E2E2F4D1C
:108670006964646C6577617265732F5468697264AC
:108680005F50617274792F4C7749502F7372632F4A
:10869000636F72652F697076342F646863702E6320
:1086A00000000000646863705F6F7074696F6E5FD4
:1086B00073686F72743A206F7074696F6E735F6F56
:1086C00075745F6C656E202B2032203C3D20444841
:1086D00043505F4F5054494F4E535F4C454E00003E
:1086E000417373657274696F6E2022257322206650
:1086F00061696C6564206174206C696E6520256415
:1087000020696E2025730A00FF230B54401C80B2A1
:10871000002302E00B54401C80B24428FAD3F0300E
:1087200081B2104604F0DCBD2DE9F04F85B08246E1
:10873000A14900200490C8600861BAF80A002C28FA
:1087400017D3BAF808004FF0F00901F10C075646AC
:1087500007E000BFA9EB0201801A36681FFA81F911
:1087600080B236B1728949464A45F3D90C46029027
:10877000F0E06FF0010005B0BDE8F08FA11C89B2F8
:108780004FF0FF350191A142F3D37189621C9142F0
:1087900003D903992144497803E0316809B1496854
:1087A00009783428884634D007DC98B1012814D0E1
:1087B00003281AD0332808D122E0352850D0362893
:1087C00057D03A285DD03B2863D04FF000080028EE
:1087D00067D02DE000218846F9E7042903D077A36C
:1087E00040F22E6211E00625F1E74FF0040804295B
:1087F00004D272A340F233627EA1B2E00725E6E71D
:10880000042904D06DA340F241627FA1A9E00325B1
:10881000DDE7012903D069A340F24F6225E0B9F1F9
:10882000F00F04D065A340F251627AA199E00025CF
:108830006018801CB0F5803F9BD284B2B8F1000F65
:108840007AD000200090082D06D35CA34FF4CF62AD
:1088500076A17BA0FEF7C4FE785D002823D06BE0F4
:10886000012904D055A340F255627FA179E001258A
:10887000ADE7042903D051A340F25962C5E70225B0
:10888000A5E7042903D04DA340F25D62BDE70425AE
:108890009DE7042903D049A340F26162B5E70525AD
:1088A00095E794B248E04046B8F1040F00D30420A5
:1088B0008346024669463046019B04F0A1FB5845B9
:1088C0007FF457AFB8F1040F1ED95FEA887004D067
:1088D0003AA340F2816267A143E0012078550098F5
:1088E00002F04EFF0146694840F82510A8F1040047
:1088F00000F0FF0801980199001D80B28842FFF442
:1089000038AF6D1C01909EE7B8F1040F07D0B8F1A5
:10891000010F08D029A34FF4D2625DA121E0009895
:1089200002F02EFF01E09DF8000000900120785534
:108930005648009940F825107089A04217D8211A8E
:108940008CB20299081A80B202908442BFF411AF2F
:10895000366816B1706803900AE018A340F29D6271
:1089600050A137A0FEF73CFE6FF0050003E73EB1D3
:108970000298844204D20398005DFF287FF4FEAE83
:10898000387848B1414800210068397001280ED07C
:10899000022804D0032808D004980028E6D000203C
:1089A00004904FF02C096C20D1E6012004904FF088
:1089B0006C09EC20CBE60000180200202E2E2F4D73
:1089C0006964646C6577617265732F546869726459
:1089D0005F50617274792F4C7749502F7372632FF7
:1089E000636F72652F697076342F646863702E63CD
:1089F000000000006C656E203E3D206465636F647E
:108A0000655F6C656E0000006C656E203D3D203436
:108A1000000000006F7665726C6F616420696E20E3
:108A200066696C652F736E616D65000063686563D0
:108A30006B206465636F64655F69647800000000A3
:108A4000417373657274696F6E20222573222066EC
:108A500061696C6564206174206C696E65202564B1
:108A600020696E2025730A006C656E203D3D203123
:108A7000000000006465636F64655F6C656E2025AF
:108A8000252034203D3D2030000000009892002039
:108A9000696E76616C6964206465636F64655F6CA0
:108AA000656E00006E65787420706275662077616F
:108AB00073206E756C6C00002DE9FC47446A074614
:108AC0000421204600F03EFB01AB0322214638463C
:108AD000FFF76AF906003BD071680223F03189463E
:108AE00039224D46BDF80400FFF794FCADF80400B0
:108AF0003A8D2946FFF7A4FDADF804000323372281
:108B00002946FFF787FCDFF88080ADF804000025D8
:108B1000494618F80520BDF80400FFF7C7FC6D1C96
:108B2000EDB2ADF80400032DF2D33246494680B2CF
:108B3000FFF7EAFD14480097401E4323134A3146CD
:108B400080680AF009F80546304604F0E5FA01E0CD
:108B50004FF0FF35A079FF2801D2401CA071C0B2B0
:108B60000A2804D24FF47A7110FB01F001E042F2BE
:108B7000107080B24FF4FA7100F2F310B0FBF1F014
:108B800020812846BDE8FC87190200202830010812
:108B90002DE9FC47446A07460321204600F0D2FA3B
:108BA00001AB032221463846FFF7FEF806004FD0FE
:108BB00071680223F031894639224D46BDF8040020
:108BC000FFF728FCADF804004FF410722946FFF7B8
:108BD00037FDADF80400042332222946FFF71AFCC2
:108BE000ADF80400E06902F0CBFD02462946BDF86D
:108BF0000400FFF7B9FCADF804000323372229462F
:108C0000FFF708FCDFF88080ADF80400002500BF06
:108C100018F805204946BDF80400FFF747FC6D1C15
:108C2000EDB2ADF80400032DF2D33246494680B2CE
:108C3000FFF76AFD14480097401E4323134A31464C
:108C4000806809F089FF0546304604F065FA01E0C6
:108C50004FF0FF35A079FF2801D2401CA071C0B2AF
:108C60000A2804D24FF47A7110FB01F001E042F2BD
:108C7000107080B24FF4FA7100F2F310B0FBF1F013
:108C800020812846BDE8FC87190200202830010811
:108C90002DE9F0414248516816464468656A002D46
:108CA00079D02879002876D070892C2873D3087859
:108CB000022870D1002094F8302008E023180F1803
:108CC00093F82A303F7FBB4265D1401CC0B282423C
:108CD00001D90628F2D3486802F052FD296888427B
:108CE00059D129463046FFF71FFD08BB2D4948786A
:108CF000F0B12D4A77681079052804D0062821D0D4
:108D0000022836D047E06879012806D0032814D01D
:108D1000042812D0052810D03DE039462046FFF740
:108D20006DFA94F83100000703D52046FEF7CCFF1A
:108D300031E02046FEF704FF2DE039462046FFF7DC
:108D40005DFAF6E76879032805D0012803D00428E6
:108D500001D005281FD10C21606A00F0F3F9134BF4
:108D600020461A46114603F0D9FB2046FFF7B8F912
:108D700011E0687906280ED12546646A887850B1DA
:108D800000202081906802F0FBFCA0613869E0615E
:108D9000284600F0D7F83046BDE8F04104F0BCB9F1
:108DA0003C5D00202402002098920020243001081D
:108DB0002DE9FE43446A0746002C51D06079002813
:108DC0004ED0A06902900025A561E561256265622B
:108DD0002563E562A562A58265822582E581384624
:108DE00000F04CFA60B301AB072221463846FEF78B
:108DF000DBFF060024D071680423F0313622884658
:108E0000BDF80400FFF706FBADF80400029802F07D
:108E1000B7FC02464146BDF80400FFF7A5FBADF8DC
:108E2000040032464146FFF76FFC0E48009743238B
:108E300002AA3146806809F08FFE304604F06CF9D2
:108E4000094B38461A46114603F068FB00212046BC
:108E500000F078F92079002802D0FFF797F8257103
:108E6000BDE8FE8318020020243001082DE9FC47EC
:108E7000446A07460521204600F064F901AB03224D
:108E800021463846FEF790FF06003CD07168022369
:108E9000F031894639224D46BDF80400FFF7BAFA91
:108EA000ADF804003A8D2946FFF7CAFBADF804007F
:108EB000032337222946FFF7ADFADFF88480ADF8A7
:108EC00004000025494618F80520BDF80400FFF706
:108ED000EDFA6D1CEDB2ADF80400032DF2D332466D
:108EE000494680B2FFF710FC15480097401E432307
:108EF00004F118023146806809F02EFE054630461E
:108F000004F00AF901E04FF0FF35A079FF2801D203
:108F1000401CA071C0B20A2804D24FF4FA6110FBC1
:108F200001F001E044F6206080B24FF4FA7100F2E3
:108F3000F310B0FBF1F020812846BDE8FC8700006B
:108F4000190200202DE9FE43070073D07C6A002C33
:108F50007CD00121204600F0F5F802AB0322214627
:108F60003846FEF721FF06007AD071680223F031FF
:108F7000894639224D46BDF80800FFF74BFAADF897
:108F800008003A8D2946FFF75BFBADF80800042383
:108F900032222946FFF73EFAADF80800E06902F0F8
:108FA000EFFB02462946BDF80800FFF7DDFAADF8F1
:108FB0000800042336222946FFF72CFAADF80800F2
:108FC000A06902F0DDFB02462946BDF80800FFF764
:108FD000CBFAADF80800032337222946FFF71AFA27
:108FE000DFF8BC80ADF80800002500BF18F80520A8
:108FF0004946BDF80800FFF759FA6D1CEDB2ADF80F
:109000000800032DF2D33246494680B2FFF77CFBBD
:1090100024484323CDE900702148234A401E3146AD
:10902000806809F039FE0546304604F075F819E00D
:1090300000E00BE01DA340F277122AA130A0FEF75A
:10904000CFFA6FF00F00BDE8FE8309E017A340F2EE
:10905000791235A12AA0FEF7C3FA6FF00500F2E7F6
:109060004FF0FF35A079FF2801D2401CA071C0B29B
:10907000062802D20121814000E03C2101EB4100A1
:10908000C0EBC1104FF6FF7101EAC0004FF4FA7156
:1090900000F2F310B0FBF1F020812846D3E7000086
:1090A0001902002024300108283001082E2E2F4DEF
:1090B0006964646C6577617265732F546869726462
:1090C0005F50617274792F4C7749502F7372632F00
:1090D000636F72652F697076342F646863702E63D6
:1090E00000000000646863705F73656C6563743AC8
:1090F000206E6574696620213D204E554C4C000061
:10910000417373657274696F6E2022257322206625
:1091100061696C6564206174206C696E65202564EA
:1091200020696E2025730A00646863705F73656C44
:109130006563743A206468637020213D204E554C6D
:109140004C00000042798A4203D0417100218171B4
:109150000181704770B505006FF00F041AD095F8C3
:109160003100C0071BD0288D6C6A4FF0FF36B0F578
:10917000107F0DD3002C1BD0207908B1FEF706FF1D
:1091800034212046F7F788F8FFF76AF8002816D050
:10919000304670BD14A340F2E72221A103E012A3E0
:1091A0004FF43A7222A12BA0FEF71AFA204670BDA6
:1091B000342002F06FFC0400EAD06C62E0E701208A
:1091C000207195F83100400705D402212046FFF7B1
:1091D000B9FF002070BD2846FEF782FF0028F9D0B5
:1091E0002846FFF7E5FDD3E72E2E2F4D6964646C0A
:1091F0006577617265732F54686972645F5061723C
:1092000074792F4C7749502F7372632F636F726597
:109210002F697076342F646863702E63000000003D
:109220006E6574696620213D204E554C4C0000004F
:109230006E65746966206973206E6F742075702C7A
:10924000206F6C64207374796C6520706F72743F4A
:1092500000000000417373657274696F6E202225EF
:109260007322206661696C6564206174206C696E8C
:109270006520256420696E2025730A0040B1406A8C
:1092800030B140790A2805D0052803D0042801D040
:10929000002070470120704710B5426A044651799A
:1092A0000C290BD0062909D001290BD0082918D088
:1092B000032926D19079022820461ED3BDE810400C
:1092C000FEF70EBF90790528204603D8BDE8104070
:1092D000FFF738BEFFF76CFD2046BDE81040FFF7F2
:1092E00039BF90790128204603D8BDE81040FEF729
:1092F000EBBCBDE81040FEF723BCBDE81040FFF713
:1093000047BC10BD70B505460C46880706D006A3BD
:109310004FF4B67210A118A0FEF762F9A8680068B1
:109320002060A868046070BD2E2E2F4D6964646CA7
:109330006577617265732F54686972645F506172FA
:1093400074792F4C7749502F7372632F636F726556
:109350002F6D656D702E63006D656D705F66726553
:10936000653A206D656D2070726F7065726C792042
:10937000616C69676E656400417373657274696FCF
:109380006E2022257322206661696C6564206174F9
:10939000206C696E6520256420696E2025730A00A3
:1093A00010B580680468002C0CD021680160A0070B
:1093B00006D005A34FF48C720FA118A0FEF710F988
:1093C000204610BD002010BD2E2E2F4D6964646C08
:1093D0006577617265732F54686972645F5061725A
:1093E00074792F4C7749502F7372632F636F7265B6
:1093F0002F6D656D702E63006D656D705F6D616CB6
:109400006C6F633A206D656D702070726F7065725D
:109410006C7920616C69676E6564000041737365E7
:109420007274696F6E2022257322206661696C65F3
:1094300064206174206C696E6520256420696E204B
:1094400025730A0070B5094D0646002404EB44005C
:1094500005EBC000017D29B18068B04202D12046F1
:1094600000F036F9641C0A2CF0DB70BDB8920020C5
:109470002DE9F74F84B04FF00A0B00240646DA4678
:109480005F46D94602940194CDF80040514904EB5F
:10949000440001EBC008039098F814500A2F1DD027
:1094A000002D2AD0012D08D0022D06D24AA340F269
:1094B000231257A166A0FEF793F89EB13168D8F841
:1094C000040081420ED1069820B1D8F80810069801
:1094D000814207D1204607B0BDE8F08F002DE1D1D1
:1094E00027460AE0012D16D0022D06D3B8F8120047
:1094F0000099884201D3A2460090641C24B20A2C31
:10950000C4DB059881074FF0FF30E4D40A2F16D052
:1095100018DA3C463EE02F49039851F83000002805
:10952000B8F8120005D002998842E6D3A14602900D
:10953000E3E701998842E0D3A3460190DDE705996E
:10954000C907C8D05146BAF10A0F0EDA0C462148B5
:1095500001EB440150F8310080B11FA340F26D12BD
:1095600045A13BA0FEF73CF808E05946BBF10A0FC5
:1095700003DB4946B9F10A0FADDA0C460A2C06DBCB
:1095800015A340F27F1242A131A0FEF729F8204630
:1095900000F09EF80A2C06DB0FA340F283123CA1D8
:1095A0002BA0FEF71DF80B4804EB440100EBC105AE
:1095B000287D30B108A34FF4C2723AA124A0FEF76F
:1095C0000FF80EB130686860002068820698A860C5
:1095D00080E70000B89200202E2E2F4D6964646C45
:1095E0006577617265732F54686972645F50617248
:1095F00074792F4C7749502F7372632F636F7265A4
:109600002F697076342F6574686172702E63000064
:109610007374617465203D3D204554484152505F4C
:1096200053544154455F50454E44494E47207C7C3D
:10963000207374617465203E3D204554484152506A
:109640005F53544154455F535441424C4500000020
:10965000417373657274696F6E20222573222066D0
:1096600061696C6564206174206C696E6520256495
:1096700020696E2025730A006172705F7461626CEC
:10968000655B695D2E71203D3D204E554C4C0000C0
:1096900069203C204152505F5441424C455F534940
:1096A0005A4500006172705F7461626C655B695D50
:1096B0002E7374617465203D3D20455448415250DD
:1096C0005F53544154455F454D50545900000000CC
:1096D00070B5074C00EB4005002654F8350018B172
:1096E00003F01AFD44F8356004EBC500067570BD43
:1096F000B89200202DE9F04385B00D00074609D04F
:109700007C684FF480782088404542D12079062833
:109710003FD109E021A340F28A222EA131A0FDF71A
:109720005FFF05B0BDE8F0836079042831D160881F
:1097300008282ED1D4F80E000490A169686820B1E1
:10974000814202D10126334601E00026022304F1C2
:109750000802914604A9284600F0ACFBE088404589
:1097600003D0B0F5007F14D10FE096B1022204AB14
:10977000CDE90232291DCDE9001905F12A03194668
:109780004A46284600F096FA03E004A92846FEF768
:1097900089F9384603F0C0FCC3E700002E2E2F4D98
:1097A0006964646C6577617265732F54686972646B
:1097B0005F50617274792F4C7749502F7372632F09
:1097C000636F72652F697076342F6574686172708B
:1097D0002E6300006E6574696620213D204E554C55
:1097E0004C000000417373657274696F6E2022250E
:1097F0007322206661696C6564206174206C696EF7
:109800006520256420696E2025730A00FEB5154683
:109810000E46040006D143A340F21E324FA153A0CE
:10982000FDF7DEFE36B93FA340F21F3259A14FA02B
:10983000FDF7D6FE35B93BA34FF4487258A14BA0B3
:10984000FDF7CEFE2146286800F0D2FE08B1584B45
:109850003FE02868C0F303110E2925D0A168636892
:1098600000EA01020B409A4208D080B2A0F57E4186
:10987000A93903D0E068B0B304F10C054D4B4E4854
:109880001A7802EB420100EBC1010F7D022F2ED3AB
:109890008F68A7422BD12F6849688F4227D1314664
:1098A000204600F08BF8FEBD01208DF8040000205A
:1098B0008DF805005E208DF80600687801AB00F099
:1098C0007F008DF80700A8788DF80800E8788DF8FB
:1098D00009004FF40060009004F12A02314620464E
:1098E00000F014FCFEBDFFE76FF00300FAE7002272
:1098F00002EB420100EBC1010F7D022F08D38F68FC
:10990000A74205D12F6849688F4201D11A70C6E776
:10991000521CD2B20A2AEBD332462946204600F026
:10992000D5F8DFE72E2E2F4D6964646C6577617280
:1099300065732F54686972645F50617274792F4C3B
:109940007749502F7372632F636F72652F6970763A
:10995000342F6574686172702E6300006E657469DF
:109960006620213D204E554C4C000000417373652C
:109970007274696F6E2022257322206661696C659E
:1099800064206174206C696E6520256420696E20F6
:1099900025730A007120213D204E554C4C000000DB
:1099A00069706164647220213D204E554C4C00006A
:1099B0000C2F01082C020020B89200202DE9F8435A
:1099C0000646154688461C4802EB450100EBC104DB
:1099D000207D022806D219A340F2EE2225A131A053
:1099E000FDF7FEFD144A05EB4501207D02EBC105A4
:1099F0000C35022813D1608A0327B0F58E7F04D975
:109A0000211D304600F010FA07E0B0F5877F06D33D
:109A10002A46211D304600F00DFA00B927754FF493
:109A2000006000902B4606F12A024146304600F0C5
:109A30006DFBBDE8F8830000B89200202E2E2F4D5C
:109A40006964646C6577617265732F5468697264C8
:109A50005F50617274792F4C7749502F7372632F66
:109A6000636F72652F697076342F657468617270E8
:109A70002E6300006172705F7461626C655B61727D
:109A8000705F6964785D2E7374617465203E3D205B
:109A90004554484152505F53544154455F535441DB
:109AA000424C4500417373657274696F6E202225C4
:109AB0007322206661696C6564206174206C696E34
:109AC0006520256420696E2025730A002DE9FC5F5E
:109AD00082462A3001900E46086814464FF0FF3740
:109AE0004FF0000B514600F083FD80B93068C0F3A1
:109AF00003110E290BD056B148B152460121304610
:109B0000FFF7B6FC050005D540B2BDE8FC9F6FF03D
:109B10000F00FAE77F2D06D337A340F2C13244A1EC
:109B200047A0FDF75DFD05F0FF094F4909EB490826
:109B300001EBC805287D00280ED0012808D0022896
:109B400006D22DA340F2CD3248A13DA0FDF748FD3D
:109B5000BBF1000F06D104E001202875C5F808A06C
:109B600000E034B93146504600F05EF90746002C5B
:109B7000CBD0287D3C4E02280ED346494FF40060DE
:109B800005F10C0381F80090009021465046019A9F
:109B900000F0BCFA07462DE001282BD1254640F203
:109BA000F13768892989884207D1286828B112A32A
:109BB0003A4639A122A0FDF713FD287B400607D5C0
:109BC00022464FF420710E2003F0DCF8044605E035
:109BD0002D68002DE5D1204603F01CFC44B156F859
:109BE000380008B103F098FA46F83840002701E041
:109BF0004FF0FF37384688E72E2E2F4D6964646C8E
:109C00006577617265732F54686972645F50617221
:109C100074792F4C7749502F7372632F636F72657D
:109C20002F697076342F6574686172702E6300003E
:109C300074797065206F766572666C6F77000000CE
:109C4000417373657274696F6E20222573222066DA
:109C500061696C6564206174206C696E652025649F
:109C600020696E2025730A00B89200206172705F2F
:109C70007461626C655B695D2E7374617465203D0F
:109C80003D2050454E44494E47206F722053544169
:109C9000424C45002C0200206E6F207061636B65A2
:109CA000742071756575657320616C6C6F77656480
:109CB000210000002DE9FF4F81B09846DDE90FA992
:109CC000DDF838B006004FF0000706D12CA340F2B3
:109CD000574239A13CA0FDF783FC4FF420721C21B0
:109CE0000E2002F017FE050046D068891C2806D217
:109CF00023A340F262423EA133A0FDF771FC6C68E1
:109D0000119801F03FFDE08096F83000062806D05B
:109D10001BA340F2694243492BA0FDF761FCD8F830
:109D20000010A160B8F80400A081DAF80010C4F8AF
:109D30001210BAF80400E082DBF80000C4F80E004C
:109D4000D9F80000A0614FF4807020800820608066
:109D5000062020710420607140F60600DDE9022330
:109D600000902946304600F0D1F9284603F0D4F996
:109D7000384605B0BDE8F08F4FF0FF30F9E700003E
:109D80002E2E2F4D6964646C6577617265732F5454
:109D9000686972645F50617274792F4C7749502FF3
:109DA0007372632F636F72652F697076342F6574D9
:109DB000686172702E6300006E6574696620213DD3
:109DC000204E554C4C000000417373657274696FEE
:109DD0006E2022257322206661696C65642061749F
:109DE000206C696E6520256420696E2025730A0049
:109DF000636865636B20746861742066697273744C
:109E000020706275662063616E20686F6C642073D9
:109E10007472756374206574686172705F686472CF
:109E20000000000040310108014A00F003B80000C2
:109E30000C2F01087FB5064D031D0124CDE9003527
:109E4000CDE9021426331946FFF734FF04B070BD84
:109E5000122F010870B5164D002400BF04EB44001A
:109E600005EBC002117DF1B1508A401C80B25082D6
:109E7000B0F5967F0AD2012906D003290AD0042919
:109E80000AD001290BD00EE0052808D32046FFF7A1
:109E90001FFC08E0042000E00220107503E0111D03
:109EA0009068FFF7C1FF641C0A2CD7DB70BD00006F
:109EB000B8920020F8B5044690F830001F461646C8
:109EC0000D46062806D020A340F2A9122CA135A0E9
:109ED000FDF786FB9DB1286888B1214600F088FB1C
:109EE00068B92878C0F303100E2808D022463946F6
:109EF0002846FFF7BDFA002804DA40B2F8BD6FF03B
:109F00000F00F8BD00EB40013048022300EBC10216
:109F1000137594603368D360B3881382002353822F
:109F200050F8315075B140F831304FF40060009076
:109F3000334604F12A022946204600F0E7F8284675
:109F400003F0EAF80020F8BD2E2E2F4D6964646CF2
:109F50006577617265732F54686972645F506172CE
:109F600074792F4C7749502F7372632F636F72652A
:109F70002F697076342F6574686172702E630000EB
:109F80006E657469662D3E6877616464725F6C65A6
:109F90006E203D3D204554485F4857414444525F40
:109FA0004C454E00417373657274696F6E202225B3
:109FB0007322206661696C6564206174206C696E2F
:109FC0006520256420696E2025730A00B892002060
:109FD0002DE9F041044640890E270D460E283CD954
:109FE000E07B18B995F83400401CE0736068017894
:109FF0008689CA0714D0012905D006221C49F6F724
:10A0000056F948B10CE0417851B980785E2807D103
:10A01000607B40F0100002E0607B40F0080060735D
:10A02000082E03D0B6F5C16F17D10DE095F83100B9
:10A03000000712D53946204603F032FA68B929469E
:10A04000204600F01DFC10E095F83100000704D513
:10A050003946204603F024FA18B1204603F05CF894
:10A0600003E029462046FFF745FB0020BDE8F081CC
:10A070000C2F010870B59AB0064664216846F6F7C1
:10A080000BF900252C461F48FAF7ACFA96F8311068
:10A0900049070DD5012809DC1A48E838F7F7EAFC2A
:10A0A000304602F071FA304602F0C6FA1AB070BDBE
:10A0B0000128FBDD4FF40061CA00022806D0032806
:10A0C00005D0042805D00528F0D103E00C4615463C
:10A0D00000E00C460B486946E838F7F7E9F909480B
:10A0E000CDE905546946E838F7F74FFC0548E838EC
:10A0F000F7F782FC304602F059FB304602F0F2FAE4
:10A10000D4E70000E45C0020704700002DE9F04136
:10A1100004461F4690460E46069801F033FB05465E
:10A120000E21304602F092FB18B16FF00100BDE83D
:10A13000F0817068858139680160B9888180D8F8BC
:10A140000020C0F80620B8F80410418194F83000CF
:10A15000062806D006A34FF4997213A11FA0FDF79D
:10A160003FFA31462046A269BDE8F04110470000A1
:10A170002E2E2F4D6964646C6577617265732F5460
:10A18000686972645F50617274792F4C7749502FFF
:10A190007372632F6E657469662F65746865726E7D
:10A1A00065742E63000000006E657469662D3E685C
:10A1B00077616464725F6C656E206D757374206284
:10A1C00065203620666F722065746865726E6574EE
:10A1D0005F6F7574707574210000000041737365C2
:10A1E0007274696F6E2022257322206661696C6526
:10A1F00064206174206C696E6520256420696E207E
:10A2000025730A0010B5040006D10BA340F27312A7
:10A2100010A114A0FDF7E4F9732084F83200742033
:10A2200084F83300194860611948A061204601F0A4
:10A23000C1F9002010BD00002E2E2F4C5749502F81
:10A240005461726765742F65746865726E657469B0
:10A25000662E63006E6574696620213D204E554C64
:10A260004C000000417373657274696F6E20222583
:10A270007322206661696C6564206174206C696E6C
:10A280006520256420696E2025730A000D9800085A
:10A29000D5B60008F8B50C4F05460026009638786C
:10A2A00018B969460948F7F793FA009C002C09D0C1
:10A2B0002A692946204690470028EFD0204602F020
:10A2C0002BFFEBE7F8BD000054010020FC5B0020F1
:10A2D00013B54FF0FF33012269460248FAF7D8F868
:10A2E00000981CBDBC0600200A46032100F0F4B80B
:10A2F0002DE9FE4F8A4644490446D1F8088098F873
:10A3000000000007850E142D79D36089042876D3C8
:10A3100060680078002872D0082870D1486901F17F
:10A320001407C0F303120E2A69D08946096800F0A9
:10A330005FF9002863D12089082860D305F10E0158
:10A340000E46204602F082FA002830D020894119BA
:10A3500089B2884253D84FF420720E2002F0DAFA04
:10A3600006004CD0718905F10800814216D32A46B7
:10A3700041467068F5F768FF2946304603F090F8CB
:10A38000002806D021A3B6222EA13CA0FDF728F973
:10A3900004E02146304602F043FD18B1304602F099
:10A3A000BBFE2CE0204602F0B7FE34460CE03146FE
:10A3B000204603F075F8002806D014A3C72239A15F
:10A3C0002EA0FDF70DF91AE029462046666802F036
:10A3D0003DFAA0B960683968FF22C160D9F8101051
:10A3E00001610021317071800272418101228DE88A
:10A3F00006040A46FF233946204600F021FB20468A
:10A40000BDE8FE4F02F088BE3C5D00202E2E2F4D91
:10A410006964646C6577617265732F5468697264EE
:10A420005F50617274792F4C7749502F7372632F8C
:10A43000636F72652F697076342F69636D702E6358
:10A440000000000069636D705F696E7075743A207A
:10A450006D6F76696E6720722D3E7061796C6F61E9
:10A460006420746F2069636D702068656164657233
:10A47000206661696C65640A0000000041737365C1
:10A480007274696F6E2022257322206661696C6583
:10A4900064206174206C696E6520256420696E20DB
:10A4A00025730A0069636D705F696E7075743A2078
:10A4B000726573746F72696E67206F726967696E17
:10A4C000616C20702D3E7061796C6F6164206661F3
:10A4D000696C65640A0000002DE9FF4791468846D3
:10A4E00006464FF420722421222002F013FA0500C0
:10A4F00031D06889242806D218A34FF4B47225A15C
:10A500002FA0FDF76DF86C6877681C2284F8008036
:10A5100084F801904FF00008A4F80480A4F80680A5
:10A52000686871680830F5F78FFEF868039003A833
:10A5300000F096FC60B1A4F802800122CDF8008002
:10A54000CDE90120FF2303AA0021284600F078FA74
:10A55000284602F0E1FDBDE8FF8700002E2E2F4DBA
:10A560006964646C6577617265732F54686972649D
:10A570005F50617274792F4C7749502F7372632F3B
:10A58000636F72652F697076342F69636D702E6307
:10A5900000000000636865636B2074686174206666
:10A5A0006972737420706275662063616E20686FD3
:10A5B0006C642069636D70206D65737361676500FD
:10A5C000417373657274696F6E2022257322206651
:10A5D00061696C6564206174206C696E6520256416
:10A5E00020696E2025730A000A460B21FFF774BF0D
:10A5F000421C12D088B191F8312092070BD54B68DC
:10A60000834208D0896800EA01020B409A4202D1D5
:10A610000143491C01D00020704701207047000011
:10A620002DE9F74F88B00446099800251426008DBF
:10A63000AF1F1438C11700EB5170C0F3CF00039067
:10A6400060680690017801F00F01052903D03846B3
:10A650000BB0BDE8F08F6189142907D25BA34FF4DA
:10A660003F7269A16FA0FCF7BBFFF0E7C08801F063
:10A6700089F8C0F30C0100F4005002910790208982
:10A6800014381FFA80F88EE003984FF6FF7101EA44
:10A69000C0004146404500D9084604904FF420725E
:10A6A00014210E2002F036F95FEA000A7ED0BAF8D3
:10A6B0000A00142806D245A34FF4497263A159A099
:10A6C000FCF78EFF1422DAF804000699F5F7BCFDBA
:10A6D000DAF804000590049F35E06089811B8DB293
:10A6E000B04206D239A340F22D3260A14DA0FCF752
:10A6F00077FFAF4200D23D461DB3052001F08AFC32
:10A700005FEA000957D060684B463044CDE9000548
:10A7100041222946002002F06FFA5FEA000B50D078
:10A72000204602F077FE5549C9E9041459465046BF
:10A7300002F07EFA781B07043F0C06D0002624683E
:10A74000CBE724680026002FC7D1701986B209987C
:10A75000008D143840450298C0F30C0001DB0799C6
:10A7600009B140F4005001F00DF80599C880049833
:10A77000143080B201F006F8059948800598002150
:10A780004181099851460A9A43699847504602F018
:10A79000C3FC0499A8EB01001FFA80F8DDE902016F
:10A7A000084480B20290B8F1000F00E006E07FF4A8
:10A7B0006BAF00204CE7504602F0AEFC4FF0FF308C
:10A7C00046E7484600F0BEFBF5E700002E2E2F4D71
:10A7D0006964646C6577617265732F54686972642B
:10A7E0005F50617274792F4C7749502F7372632FC9
:10A7F000636F72652F697076342F6970345F66728B
:10A8000061672E63000000006970345F66726167E3
:10A8100028293A207062756620746F6F2073686F04
:10A8200072740000417373657274696F6E20222523
:10A830007322206661696C6564206174206C696EA6
:10A840006520256420696E2025730A007468697389
:10A85000206E656564732061207062756620696E84
:10A86000206F6E652070696563652100702D3E6CF8
:10A87000656E203E3D20706F666600001DB50008C5
:10A880002DE9F047456807460E4628780421B1EBCC
:10A89000101F03D0384602F03FFC86E000074FEA65
:10A8A0009068688800F06EFF04463889A04203D99A
:10A8B0002146384602F014FD79894145EAD33889AA
:10A8C000A042E7D3B8F1140FE4D32969DFF83C9133
:10A8D000C1F303100E28C9F81410EA68C9F8102053
:10A8E00005D0304600F096F850B1344616E096F8A0
:10A8F0003100C00702D070680028F6D1002412E0B1
:10A9000099F8140000247F280DD04148046808E01D
:10A91000B44205D0204600F07DF808B11CB10BE030
:10A920002468002CF4D1687A112805D105EB0800C1
:10A930004088B0F5884F36D0D9F810205AB131464A
:10A940001046FFF755FE0028A4D199F81000C0F377
:10A9500003100E289ED0002C9CD0E88830F0C00058
:10A9600005D0384600F038F907001ED07D68C9F8D8
:10A970000850C9E90046297838460907890EA9F820
:10A980000C10414602F08CFD687A01281AD0062886
:10A9900013D011280CD04D462146D9F81400FFF7EA
:10A9A00027FEA0B120E03446D5E70020BDE8F087BF
:10A9B0003146384607F092FE19E03146384603F03A
:10A9C00053FE14E031463846FFF792FC0FE0287D35
:10A9D000C0F303100E2807D04146384602F068FC49
:10A9E00002213846FFF780FC384602F095FB002133
:10A9F000C9F80010C9F80410C9F80810A9F80C101B
:10AA0000C9F81010C9F81410CFE700003C5D002011
:10AA1000B401002010B590F83110C9070CD041687E
:10AA200051B1064A52698A4204D001461046FFF7E6
:10AA3000DFFD08B1012010BD002010BD3C5D0020ED
:10AA4000FEB5DDE90954089E1AB109B10F6807B9CE
:10AA5000211D0096CDE9015400F002F8FEBD000072
:10AA60002DE9F84F0546DDE90BA8807BDDF828B01D
:10AA70001F4616468946012806D02FA34FF455726B
:10AA80003AA13DA0FCF7ACFD6FF00104002E35D0DB
:10AA90001421284601F0DAFE002832D168896C685A
:10AAA000142806D224A34FF462723DA132A0FCF711
:10AAB00097FD277284F809A0306820614520207036
:10AAC00084F801B0288900F05DFE414F60804FF0AE
:10AAD000000AA4F806A0388800F054FEA080388848
:10AAE000401C3880B9F1000F05D0D9F80000E060B3
:10AAF000A4F80AA00CE037480068F8E76889142831
:10AB000002D22046BDE8F88F68686E460069009062
:10AB1000B8F8280040B12989814205D9324641461A
:10AB20002846FFF77DFDEDE7D8F814304046324661
:10AB300029469847E6E700002E2E2F4D6964646C85
:10AB40006577617265732F54686972645F506172D2
:10AB500074792F4C7749502F7372632F636F72652E
:10AB60002F697076342F6970342E6300702D3E7219
:10AB70006566203D3D203100417373657274696FD5
:10AB80006E2022257322206661696C6564206174E1
:10AB9000206C696E6520256420696E2025730A008B
:10ABA000636865636B20746861742066697273748E
:10ABB00020706275662063616E20686F6C6420731C
:10ABC00074727563742069705F68647200000000BD
:10ABD0002E020020243001082DE9F05F45688346ED
:10ABE000287800F00F0005287DD1E88800F0CAFD24
:10ABF000C004070C688800F0C5FD29780907890E94
:10AC0000814270D8401A1FFA80F8584602F0B1F815
:10AC10006A4C0646208830440A2809D9314628461D
:10AC200000F026FC00285ED0208830440A28E8D8AE
:10AC3000A14664684FF0000A0CE06069E968884248
:10AC400007D1A0692969884203D1A089A9888842CF
:10AC500003D02468002CF0D106E02CB1E88800F085
:10AC600091FDC0041BD025E0042001F0D3F90400BD
:10AC70000AD13146284600F0FBFBB04233DB04200A
:10AC800001F0C8F90400CED02021F5F705FB0F2014
:10AC9000E077D9F804102160C9F8044004E0E089A5
:10ACA00000F070FDC00405D01422294604F108000C
:10ACB000F5F7CAFAA87940F340156D1C08D007EBE8
:10ACC000080080B2B84263D34FF6EB7188425FD878
:10ACD0002A465946204600F07DF9411C58D0B9F863
:10ACE0000020324400E064E0A9F8002035B107EB11
:10ACF0000801A183A17F41F00101A177012845D17D
:10AD0000A08B1422143087B2606804F108014568F2
:10AD100028462E68F5F798FA384600F033FD68802B
:10AD2000A5F806A0A5F80AA0656809E01421304638
:10AD3000776802F0B5FB3146284601F079FF3E689E
:10AD4000002EF3D1D9F804104E468C4205D10021D3
:10AD500005E00868A04202D001460029F9D120464A
:10AD600000F05CFA284602F004F804463088A0425D
:10AD700006D213A340F29B2220A127A0FCF730FCAF
:10AD80003088001B30802846BDE8F09F0020FBE79C
:10AD9000606870B9D9F80400844206D008A340F274
:10ADA000AB2227A11CA0FCF71BFC0021204600F0D1
:10ADB00035FA584602F0B0F9E8E70000300200200A
:10ADC0002E2E2F4D6964646C6577617265732F5404
:10ADD000686972645F50617274792F4C7749502FA3
:10ADE0007372632F636F72652F697076342F697089
:10ADF000345F667261672E630000000069705F72E5
:10AE0000656173735F70627566636F756E74203E03
:10AE10003D20636C656E0000417373657274696FE9
:10AE20006E2022257322206661696C65642061743E
:10AE3000206C696E6520256420696E2025730A00E8
:10AE40006E6F74206669727374616C74686F756775
:10AE500068206A75737420656E7175657565640028
:10AE600070B50146144813E090F83120D3070FD095
:10AE700053070DD543685BB184680D68234005EA2C
:10AE800004069E4216D0920702D4C268954211D0A1
:10AE900000680028E8D10948006850B190F83120D6
:10AEA000D30706D0520704D5426812B109787F292A
:10AEB00000D1002070BD0000B4010020B8010020C6
:10AEC0001022014900F002B8A89300202DE9FC43AC
:10AED0000023006889466C461E464FF00A0C01ADFF
:10AEE0000090002094F80080B8FBFCF70CFB17875B
:10AEF000B8FBFCF884F8008030372F54401CC0B2F7
:10AF0000B8F1000FEED106E01F465B1C974209DA4C
:10AF10002F5C01F8017B401EC0B2F5D218465B1CC5
:10AF2000904202DB0020BDE8FC832E20761CF6B2A6
:10AF3000641C01F8010B042ED3D3002001F8010C8E
:10AF40004846F0E710B5040006D106A34FF431726D
:10AF500013A116A0FCF744FB2146BDE810400520D4
:10AF600000F0A0BF2E2E2F4D6964646C657761726E
:10AF700065732F54686972645F50617274792F4CE5
:10AF80007749502F7372632F636F72652F697076E4
:10AF9000342F6970345F667261672E6300000000B1
:10AFA0007020213D204E554C4C00000041737365CC
:10AFB0007274696F6E2022257322206661696C6548
:10AFC00064206174206C696E6520256420696E20A0
:10AFD00025730A002DE9F05F4C68064693460F463C
:10AFE00000254FF00108608800F0CCFB21784FF07D
:10AFF000FF3A0907890E814231D8A0EB0109E088A8
:10B0000000F0C0FBC0047C68010C0020206001EB54
:10B01000090083B2A180E3808B4220D3726829E0CB
:10B020005068B0F804C0614515D222606DB1B5F822
:10B0300006C0614513D38088834210D82F60A08852
:10B04000844506D04FF0000803E08088834206D88C
:10B0500077608AB12EE002D0C288914202D2504677
:10B06000BDE8F09F25B1EA88624501D04FF00008A5
:10B0700002680546002AD3D195B1E888A1888842A4
:10B0800006D92AA34FF4DB7237A13FA0FCF7A8FA38
:10B090002F60E888A18888420CD04FF0000809E0B2
:10B0A000706830B121A34FF4DF7241A136A0FCF7E4
:10B0B00097FA7760BBF1000F02D1B07FC007CFD005
:10B0C000B8F1000F30D07268002A2DD05068808807
:10B0D000002829D12168204629B14C68C088A18860
:10B0E0008842F7D020E0B8F1000F1DD032B90FA38D
:10B0F00040F2DF123CA124A0FCF772FA70684068AD
:10B10000A04206D109A34FF4F07237A11EA0FCF7AC
:10B1100067FA206830B105A34FF4F17236A11AA086
:10B12000FCF75EFA01209BE7002099E72E2E2F4DB9
:10B130006964646C6577617265732F5468697264C1
:10B140005F50617274792F4C7749502F7372632F5F
:10B15000636F72652F697076342F6970345F667221
:10B1600061672E6300000000636865636B20667290
:10B1700061676D656E747320646F6E2774206F76DF
:10B1800065726C6170000000417373657274696F61
:10B190006E2022257322206661696C6564206174CB
:10B1A000206C696E6520256420696E2025730A0075
:10B1B0006E6F2070726576696F7573206672616755
:10B1C0006D656E742C2074686973206D75737420BE
:10B1D00062652074686520666972737420667261A6
:10B1E000676D656E7421000073616E697479206308
:10B1F0006865636B0000000076616C69646174656A
:10B200005F646174616772616D3A6E6578745F70D6
:10B21000627566213D4E554C4C00000070B50446E9
:10B220000C480D464168A14202D1216841600AE004
:10B23000002D06D108A340F2451216A11CA0FCF770
:10B24000CFF9206828602146BDE87040042000F056
:10B2500029BE0000300200202E2E2F4D6964646C40
:10B260006577617265732F54686972645F506172AB
:10B2700074792F4C7749502F7372632F636F726507
:10B280002F697076342F6970345F667261672E6340
:10B290000000000073616E69747920636865636BF8
:10B2A000206C696E6B6564206C697374000000002B
:10B2B000417373657274696F6E2022257322206654
:10B2C00061696C6564206174206C696E6520256419
:10B2D00020696E2025730A002DE9F04705460024F9
:10B2E0000F46A94205D12FA3AB223DA13FA0FCF7F9
:10B2F00077F9002F08D03868A84205D029A3AD22DD
:10B3000044A13AA0FCF76CF96E684FF4803870687D
:10B31000818800291AD100686860142205F10801AB
:10B320007068F4F791FF01213046FFF75DF9304670
:10B3300001F01FFD0446404505D31AA3BC223AA1E3
:10B340002AA0FCF74DF9304601F0E6FE6E6812E0E7
:10B350007068B1460668484601F00BFD0444444558
:10B3600005D310A3CC2230A120A0FCF739F9A4B258
:10B37000484601F0D1FE002EEAD139462846FFF7B3
:10B380004DFF314D2888A04205D206A3D2222FA11D
:10B3900016A0FCF725F92888001B28802046BDE868
:10B3A000F08700002E2E2F4D6964646C6577617202
:10B3B00065732F54686972645F50617274792F4CA1
:10B3C0007749502F7372632F636F72652F697076A0
:10B3D000342F6970345F667261672E63000000006D
:10B3E0007072657620213D2069707200417373652B
:10B3F0007274696F6E2022257322206661696C6504
:10B4000064206174206C696E6520256420696E205B
:10B4100025730A00707265762D3E6E657874203D46
:10B420003D2069707200000070627566735F66721D
:10B43000656564202B20636C656E203C3D20307870
:10B4400066666666000000003002002069705F7268
:10B45000656173735F70627566636F756E74203EAD
:10B460003D2070627566735F6672656564000000FA
:10B470002DE9F0471D4F8946064600240022134659
:10B4800011461546786822E0D0F814C0D6F80C8032
:10B49000C4450BD1D0F818C0D6F81080C44505D1EA
:10B4A000B0F80CC0B6F80480C44509D06D1C2AB1B0
:10B4B00090F81FC092F81F80C44501D80246194673
:10B4C000D0F800C0BCF1000F00D003466046002851
:10B4D000DAD11AB11046FFF7FFFE04444C4501DAF9
:10B4E000012DCBDC2046BDE8F087000030020020B3
:10B4F00070B50948002544680BE0E07F20B1401E8C
:10B50000E0772546246804E0204624682946FFF7B2
:10B51000E3FE002CF1D170BD3002002010B5040014
:10B5200006D108A340F2CE2215A118A0FCF758F8C6
:10B53000606908B101F0F0FD2046BDE81040FFF75A
:10B5400001BD00002E2E2F4D6964646C6577617219
:10B5500065732F54686972645F50617274792F4CFF
:10B560007749502F7372632F636F72652F697076FE
:10B57000342F6970345F667261672E6300000000CB
:10B5800070637220213D204E554C4C004173736511
:10B590007274696F6E2022257322206661696C6562
:10B5A00064206174206C696E6520256420696E20BA
:10B5B00025730A002DE9FC41424C054640482060B5
:10B5C00000268DF8006080208DF80100E1208DF8C4
:10B5D00002008DF804608DF803608DF80560C4F8F2
:10B5E00004D04FF40000A060A4F1A000E060A038F7
:10B5F00020614FF4C060344F60610022042138465E
:10B60000F6F751FC3720F5F741FF012204213846B7
:10B61000F6F749FC3720F5F739FF2046F5F7BEFF6E
:10B620000746382104F1B000F4F736FE04F1B0000B
:10B63000212101604FF44001C0E90461234800F07A
:10B64000D3FC062085F8300060682149007885F831
:10B650002A006068407885F82B006068807885F85B
:10B660002C006068C07885F82D006068007985F846
:10B670002E006068407985F82F0040F2DC50288564
:10B6800095F8310040F00A0085F8310004F1E80037
:10B69000F9F722F804F1E800F8F7EEFF38B1284690
:10B6A00000F0CAFF284600F06FFFBDE8FC8117B12B
:10B6B000F5F78AF9F9E72846FEF7DCFCF5E7000024
:10B6C00000800240FC5B002000100240002F0108B7
:10B6D00058010020F0B58DB00E4600252F463021D0
:10B6E0006846F4F7D9FD30216846F4F7D5FD3446B5
:10B6F0006846002216E0042D03D36FF00B000DB056
:10B70000F0BD05EB4501636840F8213000EB810195
:10B7100063894B600DB141F8041C236803B98A604A
:10B7200024686D1C002CE6D1054932894E63C1E9BD
:10B7300001201422A1F1B000F6F7D5F93846DEE772
:10B74000AC5C002010B504464068804702F010F859
:10B75000094A216852688B181A1AB2F1004F03D3B4
:10B7600008442246054902E0044922461846BDE83D
:10B77000104002F061B800000402002045B7000844
:10B7800000BA704740BA704710B500F067F900F092
:10B790001BFC00F05DFE06F095FF02F059FFBDE8CE
:10B7A000104002F0C5B80000F6F788FCF9F792FFE8
:10B7B000F9F77AF8F8F7E6FFF9F774FAF9F7B2F95A
:10B7C000F9F744F9F9F718FAF8F79CFFF8F7BAFF18
:10B7D000F8F7FEFFF9F7F6F9F9F780FAF9F72EFA1C
:10B7E000F9F754F91AA0FBF7FBFE1C480068C16882
:10B7F00041F01001C1604FF4807219491748F8F701
:10B8000005FE1848F8F7CCFA174D184C4FF47A7625
:10B81000F9F76CF9686A20601C30FFF751FB0146AC
:10B8200013A0FBF7DDFE20682030FFF749FB01463F
:10B8300015A0FBF7D5FE20682430FFF741FB014639
:10B8400017A0FBF7CDFE3046F5F720FEE0E700003D
:10B85000756172743120696E69740000BC06002045
:10B86000BC05002074050020045D002000000020BD
:10B870004448435020495020616464726573733AB0
:10B880002025730A0000000044484350205375628D
:10B890006E6574206D61736B3A2025730A00000099
:10B8A000444843502044656661756C742067617438
:10B8B000657761793A2025730A0000002DE9F0418F
:10B8C00000284DD0810704D026A340F2732231A175
:10B8D00032E0394DA0F1080429688C4203D36A682C
:10B8E0000C30904204D91FA340F27F2233A123E001
:10B8F0002079002825D0601A86B2208801F008FF40
:10B900000746608801F004FF21884FF4C8630022D5
:10B9100099420DD8618899420AD8B14202D0008874
:10B92000B04205D16868874210D07888B0420DD007
:10B930000CA340F2952228A1BDE8F04133A0FBF70B
:10B940004FBE08A34FF423723AA1F5E72271A8680D
:10B95000844200D2AC602046BDE8F04101F008BE50
:10B96000BDE8F0812E2E2F4D6964646C657761729D
:10B9700065732F54686972645F50617274792F4CDB
:10B980007749502F7372632F636F72652F6D656DEA
:10B990002E6300006D656D5F667265653A207361A8
:10B9A0006E69747920636865636B20616C69676E8A
:10B9B0006D656E7400000000800100206D656D5F94
:10B9C000667265653A20696C6C6567616C206D65AF
:10B9D0006D6F7279000000006D656D5F6672656560
:10B9E0003A20696C6C6567616C206D656D6F72796A
:10B9F0003A206E6F6E2D6C696E6B65643A20646FD1
:10BA000075626C6520667265650000004173736540
:10BA10007274696F6E2022257322206661696C65DD
:10BA200064206174206C696E6520256420696E2035
:10BA300025730A006D656D5F667265653A20696CF5
:10BA40006C6567616C206D656D6F72793A20646F0B
:10BA500075626C65206672656500000070B50B4804
:10BA60000B4C20F003014FF4C86521600D800020CD
:10BA700048800871284601F04BFE01216060017189
:10BA8000058045802068A06070BD0000575D0020E3
:10BA9000800100202DE9F04700286FD0C41C4FF62C
:10BAA000FC710C404FF4C8690C2C01D20C2401E04D
:10BAB0004C457CD884427AD34148C4F5C867824655
:10BAC00001890288891A8EB276E0304601F020FEA4
:10BAD0000546007900286CD12888801B0838A042D0
:10BAE00067D3288804F11401801B08384FF001083F
:10BAF00088421DD33019083087B24F4506D131A393
:10BB000040F287323BA140A0FBF76AFD384601F0C6
:10BB1000FFFD002101712988018046802F8085F872
:10BB200004800088484505D001F0F2FD478001E01F
:10BB300085F80480DAF808005646854203D014E000
:10BB4000008801F0E5FD017911B171688842F7D1F3
:10BB5000B0607168884208D0007930B119A340F212
:10BB6000B53233A128A0FBF73BFD281971680830D6
:10BB7000884208D913A340F2B93200E015E033A19E
:10BB800021A0FBF72DFDA8070DD00EA340F2BB327C
:10BB90003AA11DA0FBF724FD0AA340F2BD3243A148
:10BBA00019A0FBF71DFD05F10800BDE8F08705E0D1
:10BBB000FFE7DAF80000865BB74286D80020F4E79A
:10BBC000800100202E2E2F4D6964646C65776172B0
:10BBD00065732F54686972645F50617274792F4C79
:10BBE0007749502F7372632F636F72652F6D656D88
:10BBF0002E630000696E76616C6964206E657874EE
:10BC00002070747200000000417373657274696F74
:10BC10006E2022257322206661696C656420617440
:10BC2000206C696E6520256420696E2025730A00EA
:10BC30006D656D5F6D616C6C6F633A20216C66722F
:10BC400065652D3E75736564000000006D656D5F70
:10BC50006D616C6C6F633A20616C6C6F63617465CD
:10BC600064206D656D6F7279206E6F742061626FF4
:10BC700076652072616D5F656E642E006D656D5F27
:10BC80006D616C6C6F633A20616C6C6F636174659D
:10BC900064206D656D6F72792070726F7065726C63
:10BCA0007920616C69676E65642E00006D656D5F5B
:10BCB0006D616C6C6F633A2073616E697479206397
:10BCC0006865636B20616C69676E6D656E740000FA
:10BCD00002490988401A80B27047000080010020A4
:10BCE0002DE9F05F0646CC1C4FF6FC7004404FF483
:10BCF000C86A0C2C01D20C2401E054452AD88C428D
:10BD000028D33E4F3868864202D37868864206D3ED
:10BD10003BA340F2D12246A14BA0FBF761FC38685F
:10BD2000864249D379688E4246D2A6F10805BB46C1
:10BD3000281A87B22888C01B08381FFA80F94C459A
:10BD400006D92FA34FF4397249A13FA0FBF748FC55
:10BD50004C4503D94FF00000BDE8F09F2CD0288857
:10BD600001F0D6FC80460079002827D004F11400A9
:10BD7000484521D83819083084B22888504506D162
:10BD80001FA340F2163242A12FA0FBF729FC204648
:10BD900001F0BEFCDBF80820904201D2CBF808008D
:10BDA000002101712988018047802C80008850453E
:10BDB00002D001F0ADFC44803046CDE728885045E4
:10BDC00006D10FA340F2F52231A11FA0FBF708FC1A
:10BDD00038190830DBF80810B8F8009084B24145F3
:10BDE00004D1204601F094FCCBF80800204601F075
:10BDF0008FFC00210171A0F80090D5E780010020A0
:10BE00002E2E2F4D6964646C6577617265732F54B3
:10BE1000686972645F50617274792F4C7749502F52
:10BE20007372632F636F72652F6D656D2E630000F3
:10BE30006D656D5F7472696D3A206C6567616C2029
:10BE40006D656D6F72790000417373657274696F0F
:10BE50006E2022257322206661696C6564206174FE
:10BE6000206C696E6520256420696E2025730A00A8
:10BE70006D656D5F7472696D2063616E206F6E6CAD
:10BE80007920736872696E6B206D656D6F727900D1
:10BE9000696E76616C6964206E6578742070747266
:10BEA00000000000092806D307A34FF4D57212A1A1
:10BEB00018A0FBF795BB002904D0204A52F82000B7
:10BEC000FDF720BA704700002E2E2F4D6964646C78
:10BED0006577617265732F54686972645F5061722F
:10BEE00074792F4C7749502F7372632F636F72658B
:10BEF0002F6D656D702E63006D656D705F66726588
:10BF0000653A2074797065203C204D454D505F4D59
:10BF100041580000417373657274696F6E20222569
:10BF20007322206661696C6564206174206C696E9F
:10BF30006520256420696E2025730A00842F01087E
:10BF400018B1002908D0FDF7DDB904A340F295121D
:10BF50000EA113A0FBF744BB704700002E2E2F4DFF
:10BF60006964646C6577617265732F546869726483
:10BF70005F50617274792F4C7749502F7372632F21
:10BF8000636F72652F6D656D702E6300696E7661EB
:10BF90006C696420706F6F6C2064657363000000CF
:10BFA000417373657274696F6E2022257322206657
:10BFB00061696C6564206174206C696E652025641C
:10BFC00020696E2025730A0030B5064D002400BF9D
:10BFD00055F8240000F008F8641CA4B2092CF7D32B
:10BFE00030BD0000842F0108826800211160416883
:10BFF000C91C21F00301002207E08368521C1B6862
:10C000000B60836819600388194443889342F4DC09
:10C010007047000010B5092808D308A340F2571252
:10C0200012A11AA0FBF7DCFA002010BD214951F83B
:10C030002000BDE81040FDF7B3B900002E2E2F4DB3
:10C040006964646C6577617265732F5468697264A2
:10C050005F50617274792F4C7749502F7372632F40
:10C06000636F72652F6D656D702E63006D656D7009
:10C070005F6D616C6C6F633A2074797065203C2051
:10C080004D454D505F4D41580000000041737365B0
:10C090007274696F6E2022257322206661696C6557
:10C0A00064206174206C696E6520256420696E20AF
:10C0B00025730A00842F010810B518B1BDE810409F
:10C0C000FDF76EB904A34FF49E720FA113A0FBF706
:10C0D00087FA002010BD00002E2E2F4D6964646C7D
:10C0E0006577617265732F54686972645F5061721D
:10C0F00074792F4C7749502F7372632F636F726579
:10C100002F6D656D702E6300696E76616C696420B9
:10C11000706F6F6C2064657363000000417373651A
:10C120007274696F6E2022257322206661696C65C6
:10C1300064206174206C696E6520256420696E201E
:10C1400025730A002DE9F0470400DDE90970089E17
:10C1500003D03FB100290DD00DE036A340F22712E5
:10C1600041A103E033A34FF4947246A14EA0FBF724
:10C1700037FA1EE0564902B9554A03B9544B002517
:10C180006560A560DFF84CC1C4F814C0E560258582
:10C1900084F831506562C4E907564F4E96F800C0E6
:10C1A00084F834C02061204600F0B8F92046B84732
:10C1B00010B10020BDE8F087AA4640F28B1840F28B
:10C1C0008D1900BF94F83400FF2801D184F834A001
:10C1D000002775681EE0A54205D116A342463FA17F
:10C1E00031A0FBF7FDF97F1CFF2F05DD11A34A46A7
:10C1F0003FA12DA0FBF7F4F995F8340094F8341022
:10C20000884206D1C8B2401C84F83400002DD9D130
:10C2100002E02D68002DDED194F83400FE2806D00F
:10C22000401C30707068206020467460C2E786F859
:10C2300000A0F7E72E2E2F4D6964646C657761725C
:10C2400065732F54686972645F50617274792F4C02
:10C250007749502F7372632F636F72652F6E657409
:10C2600069662E63000000006E657469665F616434
:10C27000643A20696E76616C6964206E65746966E3
:10C28000000000006E657469665F6164643A204E68
:10C290006F20696E69742066756E6374696F6E20B5
:10C2A000676976656E000000417373657274696F2B
:10C2B0006E2022257322206661696C65642061749A
:10C2C000206C696E6520256420696E2025730A0044
:10C2D0002430010815C50008B00100206E6574699E
:10C2E0006620616C726561647920616464656400D4
:10C2F000746F6F206D616E79206E65746966732C42
:10C30000206D61782E20737570706F727465642073
:10C310006E756D62657220697320323535000000DC
:10C3200070B50C46054602F0F9FE21462846BDE8E8
:10C33000704006F04DBB0A68C3689A4204D001B948
:10C340000022C2600120704700207047F8B51546F2
:10C350000C00064606D113A340F2CB121EA122A068
:10C36000FBF73EF935B90FA34FF4E6721AA11EA0F0
:10C37000FBF736F921687068814210D0009128607F
:10C3800069462846FFF7CCFF3CB120687060012168
:10C39000304600F05FF80120F8BD0020F6E70020ED
:10C3A000F8BD00002E2E2F4D6964646C65776172B4
:10C3B00065732F54686972645F50617274792F4C91
:10C3C0007749502F7372632F636F72652F6E657498
:10C3D00069662E6300000000696E76616C696420F6
:10C3E000706F696E74657200417373657274696F02
:10C3F0006E2022257322206661696C656420617459
:10C40000206C696E6520256420696E2025730A0002
:10C410000A6883689A4204D001B900228260012030
:10C42000704700207047000001000CD007484068AA
:10C4300007E000BF90F83420521CD2B28A4203D0E9
:10C4400000680028F6D1002070470000B0010020ED
:10C450007047000070B50D46040006D10DA340F2F0
:10C460006D3219A121A0FBF7BBF894F83100410708
:10C470000ED5C1070CD0E9070AD06168002907D0A2
:10C48000000705D5211D2046BDE87040FDF7CCBC56
:10C4900070BD00002E2E2F4D6964646C657761724B
:10C4A00065732F54686972645F50617274792F4CA0
:10C4B0007749502F7372632F636F72652F6E6574A7
:10C4C00069662E63000000006E657469665F6973BB
:10C4D0007375655F7265706F7274733A20696E76FA
:10C4E000616C6964206E65746966000041737365F0
:10C4F0007274696F6E2022257322206661696C65F3
:10C5000064206174206C696E6520256420696E204A
:10C5100025730A006FF00B00704700002DE9F84FFB
:10C520004FF000091D4616460C008246C84600D151
:10C53000114C06B9104E05B90F4DACB1206898B139
:10C5400000274A4631465046FFF762FF42462946D9
:10C550005046FFF7F0FE002F04D16A4621465046B0
:10C56000FFF7F4FEBDE8F88F01276A4621465046E2
:10C57000FFF7ECFEE5E70000243001080149886080
:10C5800070470000B001002058B190F83110CA0780
:10C590000ED001F0FE0180F83110090708D5FCF734
:10C5A00051BF04A340F29B320FA117A0FBF718B8AC
:10C5B000704700002E2E2F4D6964646C65776172A0
:10C5C00065732F54686972645F50617274792F4C7F
:10C5D0007749502F7372632F636F72652F6E657486
:10C5E00069662E63000000006E657469665F73659E
:10C5F000745F646F776E3A20696E76616C6964204F
:10C600006E65746966000000417373657274696FCA
:10C610006E2022257322206661696C656420617436
:10C62000206C696E6520256420696E2025730A00E0
:10C63000002800D0C161704758B190F831104A0706
:10C640000ED501F0FB0180F83110C169002907D037
:10C65000084704A340F206420FA118A0FAF7C0BF92
:10C66000704700002E2E2F4D6964646C65776172EF
:10C6700065732F54686972645F50617274792F4CCE
:10C680007749502F7372632F636F72652F6E6574D5
:10C6900069662E63000000006E657469665F7365ED
:10C6A000745F6C696E6B5F646F776E3A20696E764B
:10C6B000616C6964206E657469660000417373651E
:10C6C0007274696F6E2022257322206661696C6521
:10C6D00064206174206C696E6520256420696E2079
:10C6E00025730A0010B5040015D094F831004107F5
:10C6F0001AD440F0040084F831002046FBF726FEEF
:10C7000003212046FFF7A6FEE16900290CD0204650
:10C71000BDE810400847BDE8104004A34FF478720C
:10C720000FA118A0FAF75CBF10BD00002E2E2F4DF0
:10C730006964646C6577617265732F5468697264AB
:10C740005F50617274792F4C7749502F7372632F49
:10C75000636F72652F6E657469662E63000000005A
:10C760006E657469665F7365745F6C696E6B5F7527
:10C77000703A20696E76616C6964206E65746966D2
:10C7800000000000417373657274696F6E2022258A
:10C790007322206661696C6564206174206C696E27
:10C7A0006520256420696E2025730A0050B190F839
:10C7B0003110CA070DD141F0010180F83110032179
:10C7C000FFF748BE03A34FF454720FA115A0FAF768
:10C7D00007BF70472E2E2F4D6964646C65776172B8
:10C7E00065732F54686972645F50617274792F4C5D
:10C7F0007749502F7372632F636F72652F6E657464
:10C8000069662E63000000006E657469665F73657B
:10C81000745F75703A20696E76616C6964206E652C
:10C8200074696600417373657274696F6E202225A6
:10C830007322206661696C6564206174206C696E86
:10C840006520256420696E2025730A00002200F00F
:10C8500001B8000070B5A8B1B1F5803F26D200291B
:10C8600018D004898BB214FA81F5ADB29D421DD364
:10C87000057B2D0610D54268511A00F11002914235
:10C8800014D30CE00AA340F2DF1215A117A0FAF7A7
:10C89000A7FE0BE0002070BD42B14268511A416012
:10C8A000418919444181E1180181F3E7012070BDFC
:10C8B0002E2E2F4D6964646C6577617265732F54F9
:10C8C000686972645F50617274792F4C7749502F98
:10C8D0007372632F636F72652F706275662E6300CB
:10C8E0007020213D204E554C4C0000004173736573
:10C8F0007274696F6E2022257322206661696C65EF
:10C9000064206174206C696E6520256420696E2046
:10C9100025730A002DE9FC5F054690460F46104638
:10C92000012A0FD041280DD0B0F5C17F10D0B2F54B
:10C93000207F55D042A340F227124DA153A0FAF711
:10C940004FFE5CE00246002000F0FEF8044674E072
:10C950000024A1460820FFF75DFB060036D005F154
:10C96000030B2BF00300C0F51470B84200D9384611
:10C9700082460020CDE900807019133020F00301B9
:10C9800053463A46304600F09DFC3079800706D089
:10C990002BA34FF4807247A13CA0FAF721FE94210B
:10C9A000B1EB9B0F06D126A34FF481724DA137A0A6
:10C9B000FAF716FE94B1C9F80060A7EB0A00070465
:10C9C000B1463F0C4FF00005C4D136E0524901207A
:10C9D0000870A4B1204600F09FFB10E03446ECE75D
:10C9E000E81C20F00301F81C20F00302881880B234
:10C9F00000F1100189B2824201D88A4202D9002096
:10CA0000BDE8FC9F0846FFF745F8041EF8D000205B
:10CA1000CDE900806019133020F003013B461A462F
:10CA2000204600F04FFC2079800706D004A34FF485
:10CA300091723AA115A0FAF7D3FD2046E0E7000075
:10CA40002E2E2F4D6964646C6577617265732F5467
:10CA5000686972645F50617274792F4C7749502F06
:10CA60007372632F636F72652F706275662E630039
:10CA7000706275665F616C6C6F633A206572726F8D
:10CA80006E656F757320747970650000417373650E
:10CA90007274696F6E2022257322206661696C654D
:10CAA00064206174206C696E6520256420696E20A5
:10CAB00025730A00706275665F616C6C6F633A2063
:10CAC0007062756620712D3E7061796C6F616420B3
:10CAD00070726F7065726C7920616C69676E6564E5
:10CAE00000000000504255465F504F4F4C5F42558A
:10CAF0004653495A45206D757374206265206269FA
:10CB000067676572207468616E204D454D5F414CCA
:10CB100049474E4D454E5400BC0100207062756679
:10CB20005F616C6C6F633A20706275662D3E706158
:10CB3000796C6F61642070726F7065726C792061BE
:10CB40006C69676E656400002DE9FC4114460E4671
:10CB50000746412A08D0012C06D00CA34FF4A57239
:10CB600016A11BA0FAF73CFD0720FFF753FA0500BA
:10CB70004FF0000008D0CDE9004033461A46394650
:10CB8000284600F09FFB2846BDE8FC812E2E2F4D45
:10CB90006964646C6577617265732F546869726447
:10CBA0005F50617274792F4C7749502F7372632FE5
:10CBB000636F72652F706275662E6300696E7661B1
:10CBC0006C696420706275665F747970650000003E
:10CBD000417373657274696F6E202225732220661B
:10CBE00061696C6564206174206C696E65202564E0
:10CBF00020696E2025730A007CB51C46DDE90635E8
:10CC0000C01C20F003004618AE4201D900207CBDB4
:10CC10000BB1184400E000200223CDE900230B46AD
:10CC200001461A46204600F04DFB20467CBD000020
:10CC300070B50D4608B1002D08D1BDE8704014A3B1
:10CC400040F259321EA12CA0FAF7CABC0446006873
:10CC500020B121892A8911442181F7E7208961893E
:10CC600088420FD00AA340F262322DA122A0FAF727
:10CC7000B7FC206830B106A340F2633234A11EA095
:10CC8000FAF7AEFC2089298908442081256070BD0F
:10CC90002E2E2F4D6964646C6577617265732F5415
:10CCA000686972645F50617274792F4C7749502FB4
:10CCB0007372632F636F72652F706275662E6300E7
:10CCC000286820213D204E554C4C2920262620281E
:10CCD0007420213D204E554C4C29202870726F67DE
:10CCE00072616D6D65722076696F6C617465732019
:10CCF0004150492900000000417373657274696FE7
:10CD00006E2022257322206661696C65642061743F
:10CD1000206C696E6520256420696E2025730A00E9
:10CD2000702D3E746F745F6C656E203D3D20702DDC
:10CD30003E6C656E20286F66206C61737420706293
:10CD4000756620696E20636861696E2900000000C5
:10CD5000702D3E6E657874203D3D204E554C4C0044
:10CD600010B50C46FFF764FF2046BDE8104000F008
:10CD700051BB002102E0491C006889B20028FAD1A9
:10CD80000846704770B5154613890A461946FFF7DD
:10CD9000C1FD04000CD0294600F042F830B105A3D3
:10CDA00040F224520FA114A0FAF71AFC204670BDDD
:10CDB000002070BD2E2E2F4D6964646C6577617202
:10CDC00065732F54686972645F50617274792F4C77
:10CDD0007749502F7372632F636F72652F7062757E
:10CDE000662E6300706275665F636F70792066619E
:10CDF000696C656400000000417373657274696F4B
:10CE00006E2022257322206661696C65642061743E
:10CE1000206C696E6520256420696E2025730A00E8
:10CE20002DE9F0474FF000070C4605003E466FF035
:10CE30000F0904D01CB128892189884204D232A369
:10CE400040F2C9323CA145E06FF0050A6889C11B78
:10CE50006089801B814201D3804600E0884660687B
:10CE60004246811968683844F3F7EEF96889474407
:10CE70004644B84206D224A340F2D9323AA140A097
:10CE8000FAF7AEFB6089B04206D21FA340F2DA3255
:10CE900045A13BA0FAF7A4FB6089B04201D8246801
:10CEA00000266889B84202D12D68002765B1002CA0
:10CEB00016D060892189884212D1206800280FD0BD
:10CEC00011A340F2E93215E0002C1BD00EA34FF461
:10CED00079723CA12AA0FAF783FB4846BDE8F087A7
:10CEE00075B16889298988420AD1286840B106A3AA
:10CEF00040F2EE3237A122A0FAF772FB5046EDE77E
:10CF0000002CA3D10020E9E72E2E2F4D6964646C1C
:10CF10006577617265732F54686972645F506172DE
:10CF200074792F4C7749502F7372632F636F72653A
:10CF30002F706275662E6300706275665F636F7036
:10CF4000793A20746172676574206E6F742062692B
:10CF50006720656E6F75676820746F20686F6C64FA
:10CF600020736F75726365006F66667365745F74B6
:10CF70006F203C3D20705F746F2D3E6C656E00002D
:10CF8000417373657274696F6E2022257322206667
:10CF900061696C6564206174206C696E652025642C
:10CFA00020696E2025730A006F66667365745F667C
:10CFB000726F6D203C3D20705F66726F6D2D3E6C10
:10CFC000656E0000705F746F20213D204E554C4C03
:10CFD00000000000706275665F636F707928292019
:10CFE000646F6573206E6F7420616C6C6F77207056
:10CFF00061636B6574207175657565732100000050
:10D000002DE9F047002716468946B84620B1B9F108
:10D01000000F06D004462CE018A340F20A4223A1D8
:10D0200003E016A340F20B4228A131A0FAF7D8FA88
:10D030000020BDE8F0872BB16089984202D8181A09
:10D0400083B215E06089C01A85B2B54200D9354671
:10D0500060682A46C11809EB0700F3F7F5F808EBFA
:10D0600005001FFA80F8781987B2701B86B200237A
:10D0700024680EB1002CDED14046DAE72E2E2F4D6B
:10D080006964646C6577617265732F546869726452
:10D090005F50617274792F4C7749502F7372632FF0
:10D0A000636F72652F706275662E630070627566BD
:10D0B0005F636F70795F7061727469616C3A206947
:10D0C0006E76616C696420627566000070627566D8
:10D0D0005F636F70795F7061727469616C3A206927
:10D0E0006E76616C696420646174617074720000B2
:10D0F000417373657274696F6E20222573222066F6
:10D1000061696C6564206174206C696E65202564BA
:10D1100020696E2025730A0070B5040003D0002535
:10D12000A07B48B10FE024A34FF437722EA131A0A9
:10D13000FAF756FA002070BD1FA340F2F12237A182
:10D140002CA0FAF74DFAA07B401E10F0FF00A07350
:10D1500023D1207B617B266800F00F0089070CD566
:10D16000206930B914A340F2FF2232A121A0FAF7BE
:10D1700037FA2169204688470BE002280FD00128A2
:10D1800010D0A0B10CA340F20F3233A119A0FAF7CE
:10D1900027FA6D1CEDB23400C2D1284670BD21467D
:10D1A000082001E021460720FEF77CFEF1E720463B
:10D1B000FEF784FBEDE700002E2E2F4D6964646CB2
:10D1C0006577617265732F54686972645F5061722C
:10D1D00074792F4C7749502F7372632F636F726588
:10D1E0002F706275662E63007020213D204E554CD5
:10D1F0004C000000417373657274696F6E202225C4
:10D200007322206661696C6564206174206C696EAC
:10D210006520256420696E2025730A00706275669A
:10D220005F667265653A20702D3E726566203E200D
:10D230003000000070632D3E637573746F6D5F6620
:10D240007265655F66756E6374696F6E20213D203F
:10D250004E554C4C00000000696E76616C6964208C
:10D2600070627566207479706500000010B5014623
:10D270000448FEF765FE04480178012901D1002128
:10D28000017010BD002F0108540100200649002044
:10D2900008700648006804E0416F09B101F0BAB9AE
:10D2A000C0680028F8D17047BC010020D8010020D8
:10D2B0000122AFF30080002902DA494200F0F0B801
:10D2C000FFF7C8BA70B50024DDE90456C0E9004193
:10D2D000028143810573467301218173C47370BD5C
:10D2E0002DE9F0410D46040006D121A34FF4CC7284
:10D2F0002BA131A0FAF774F92089A84235D9401B37
:10D3000086B240F2AF170CE0281A85B22089801B44
:10D31000208124682CB916A33A4631A126A0FAF739
:10D320005FF96089A842EFD3207B000715D160899F
:10D33000A84212D0607B80070FD4A088001B28442D
:10D3400081B22046FEF7CCFC040006D108A340F2CF
:10D35000BD1229A118A0FAF743F96581258120683B
:10D3600008B1FFF7D9FE00202060BDE8F081000081
:10D370002E2E2F4D6964646C6577617265732F542E
:10D38000686972645F50617274792F4C7749502FCD
:10D390007372632F636F72652F706275662E630000
:10D3A000706275665F7265616C6C6F633A207020A5
:10D3B000213D204E554C4C00417373657274696F6A
:10D3C0006E2022257322206661696C656420617479
:10D3D000206C696E6520256420696E2025730A0023
:10D3E000706275665F7265616C6C6F633A20712064
:10D3F000213D204E554C4C006D656D5F7472696D1A
:10D400002072657475726E65642071203D3D204EFA
:10D41000554C4C0000280CD0817B491C11F0FF01B9
:10D42000817306D103A340F242320EA112A0FAF793
:10D43000D7B870472E2E2F4D6964646C6577617282
:10D4400065732F54686972645F50617274792F4CF0
:10D450007749502F7372632F636F72652F706275F7
:10D46000662E63007062756620726566206F766551
:10D4700072666C6F77000000417373657274696F38
:10D480006E2022257322206661696C6564206174B8
:10D49000206C696E6520256420696E2025730A0062
:10D4A00010B520B1B1F5803F06D3012010BD0FA308
:10D4B00040F24B2219A109E000290BD043898AB21E
:10D4C000934209D209A340F2552217A11EA0FAF7F0
:10D4D00087F8EAE7002010BD446821444160991AAA
:10D4E00041810189891A0181F4E700002E2E2F4D18
:10D4F0006964646C6577617265732F5468697264DE
:10D500005F50617274792F4C7749502F7372632F7B
:10D51000636F72652F706275662E63007020213D07
:10D52000204E554C4C000000696E6372656D656E4F
:10D53000745F6D61676E6974756465203C3D207031
:10D540002D3E6C656E000000417373657274696FE7
:10D550006E2022257322206661696C6564206174E7
:10D56000206C696E6520256420696E2025730A0091
:10D570002DE9F041304D04462868844206D22FA39D
:10D5800040F2DF1239A13FA0FAF72AF86868844216
:10D5900006D32AA34FF4F07244A13AA0FAF720F878
:10D5A000207930B125A340F2E11247A135A0FAF766
:10D5B00017F820884FF4C868404506D91FA34FF4D8
:10D5C000F27248A12FA0FAF70BF8208800F0A0F81B
:10D5D0000646B44215D0307998B96868864210D0B2
:10D5E000A868B04200D1AC603088208030884045C7
:10D5F00007D02046FEF76CFB0746308800F088F81D
:10D600004780608800F084F8A04212D00179002998
:10D610000FD1A968A14200D1A8602188018021888A
:10D62000414506D0FEF754FB0546208800F070F80F
:10D630004580BDE8F0810000800100202E2E2F4D96
:10D640006964646C6577617265732F54686972648C
:10D650005F50617274792F4C7749502F7372632F2A
:10D66000636F72652F6D656D2E630000706C75675A
:10D670005F686F6C65733A206D656D203E3D20726A
:10D68000616D0000417373657274696F6E202225AD
:10D690007322206661696C6564206174206C696E18
:10D6A0006520256420696E2025730A00706C7567FB
:10D6B0005F686F6C65733A206D656D203C20726108
:10D6C0006D5F656E64000000706C75675F686F6CFD
:10D6D00065733A206D656D2D3E75736564203D3D23
:10D6E00020300000706C75675F686F6C65733A205E
:10D6F0006D656D2D3E6E657874203C3D204D454D29
:10D700005F53495A455F414C49474E45440000002C
:10D710000149096808447047800100202DE9F0475D
:10D7200000F026F8104E114C05464FF000473078B7
:10D7300008B1FFF7ABFD2168002912D048682A1A0A
:10D74000BA420ED20A682260D1E9028960600620DE
:10D75000FEF7A8FBB8F10002E9D048461146884719
:10D76000E5E7BDE8F0870000BC01002004020020CE
:10D77000F4F79EBB70B515460E460446B0F1804FD7
:10D7800006D308A340F2291213A121A0F9F728FF1C
:10D79000FFF7EEFF20442A463146BDE8704000F016
:10D7A0004BB800002E2E2F4D6964646C6577617252
:10D7B00065732F54686972645F50617274792F4C7D
:10D7C0007749502F7372632F636F72652F74696D81
:10D7D000656F7574732E630054696D656F75742081
:10D7E00074696D6520746F6F206C6F6E672C206D8F
:10D7F0006178206973204C5749505F55494E543326
:10D80000325F4D41582F34206D7365637300000003
:10D81000417373657274696F6E20222573222066CE
:10D8200061696C6564206174206C696E6520256493
:10D8300020696E2025730A0070B5044615460E4611
:10D840000620FEF7E7FB78B10021C560104A80E8AA
:10D850005200116831B14B68E51A4FF000439D4208
:10D8600012D30160106070BDBDE8704009A3BE22F4
:10D8700015A125A0F9F7B4BE5568651B9D4202D3DA
:10D880000260086070BD11460A68002AF8D0F3E70C
:10D89000040200202E2E2F4D6964646C657761723E
:10D8A00065732F54686972645F50617274792F4C8C
:10D8B0007749502F7372632F636F72652F74696D90
:10D8C000656F7574732E63007379735F74696D652A
:10D8D0006F75743A2074696D656F757420213D20F1
:10D8E0004E554C4C2C20706F6F6C204D454D505F49
:10D8F0005359535F54494D454F5554206973206522
:10D900006D70747900000000417373657274696F03
:10D910006E2022257322206661696C656420617423
:10D92000206C696E6520256420696E2025730A00CD
:10D9300070B5074D012400BF05EBC40255F8340053
:10D940000449FFF717FF641C052CF5D370BD0000D8
:10D95000FC2F010845B700082DE9FF5F8946040048
:10D9600003D0207D01280AD010E004B03AA3BDE81E
:10D97000F05F40F23D2244A14AA0F9F731BE36A340
:10D980004FF4107251A147A0F9F72AFE207D0A2812
:10D990003ED0216D03910025DFF86481D4F824B0D6
:10D9A000D4F810A0D4F890602F4680B34D46E78A93
:10D9B000214608F1180002F069FA012188F80010E8
:10D9C000206F08B103F098FEE06E08B103F094FEFA
:10D9D000606F08B103F090FE55B1208B211D0091BE
:10D9E000CDE9017023465A461846039903F096FD87
:10D9F000204600F029FD002E2CD004B05046B4463D
:10DA0000BDE8F04F6FF00C015DF804EB60470AE0F1
:10DA10003B4821461C3002F039FA04B02046BDE8EC
:10DA2000F05F00F011BDE08A0028C9D0D8F81000DE
:10DA3000A0420AD1C068C8F8100008E0C168A1423D
:10DA400002D1E168C16002E008460028F6D100205A
:10DA5000E060B5E7BDE8FF9F2E2E2F4D6964646C32
:10DA60006577617265732F54686972645F50617283
:10DA700074792F4C7749502F7372632F636F7265DF
:10DA80002F7463702E6300007463705F6162616E57
:10DA9000646F6E3A20696E76616C696420706362AF
:10DAA00000000000417373657274696F6E20222557
:10DAB0007322206661696C6564206174206C696EF4
:10DAC0006520256420696E2025730A00646F6E2727
:10DAD000742063616C6C207463705F61626F727438
:10DAE0002F7463705F6162616E646F6E20666F7227
:10DAF000206C697374656E2D7063627300000000A2
:10DB0000C00100200121FFF727BF00002DE9F041EF
:10DB100006460120FEF77EFA424D04005BD1A8695B
:10DB200009E0418BC4680A0704D521F0080141834C
:10DB300000F0BCF920460028F3D100221146EC6821
:10DB4000E86906E0036AE31A934201D31A460146E4
:10DB5000C0680028F6D111B10846FFF7D3FF0120B5
:10DB6000FEF758FA040036D1092001F075F90120BA
:10DB7000FEF750FA04002ED1082001F06DF90120C3
:10DB8000FEF748FA040026D17F2E01D97F2001E05C
:10DB900030001BD0401EC1B200231A46EC68A869B1
:10DBA0000EE0477D8F4206D309D1D0F820C0A4EB08
:10DBB0000C0C9C4503D3016A0246631A3946C068BF
:10DBC0000028EED112B11046FFF79CFF0120FEF7AE
:10DBD00021FA040023D09C21F2F75EFB4FF486600B
:10DBE0006675A4F86400410061852185FF21E1721A
:10DBF000411061860621A4F84010E187C91F2186E3
:10DC00000121A4F84810E9682162A978A177A4F855
:10DC10004A000548C4F884000448C4F8940020462B
:10DC2000BDE8F081C0010020E90E010800DD6D00B3
:10DC300010B558B1017D012903D0418B41F010018D
:10DC40004183BDE81040012100F042B804A34FF425
:10DC5000F4720FA114A0F9F7C3FC6FF00F0010BD10
:10DC60002E2E2F4D6964646C6577617265732F5435
:10DC7000686972645F50617274792F4C7749502FD4
:10DC80007372632F636F72652F7463702E6300006D
:10DC90007463705F636C6F73653A20696E76616C54
:10DCA0006964207063620000417373657274696F08
:10DCB0006E2022257322206661696C656420617480
:10DCC000206C696E6520256420696E2025730A002A
:10DCD000FEB50D46040006D145A34FF4AF7250A126
:10DCE00057A0F9F77DFC28005F4D4FF000064FF07C
:10DCF00001073ED0207D042801D0072839D1A06F2C
:10DD000018B9208DB0F5066F33D0A07EC00606D4BA
:10DD100037A34FF4B27255A149A0F9F761FC228BE9
:10DD2000E18A201D8DE8070023461846626A216DAE
:10DD300003F0F4FB204602F043F8A869A04209D1A1
:10DD4000C068A86108E0C168A14202D1E168C16071
:10DD500002E008460028F6D14B48E6602F700068C4
:10DD6000A04202D104F056FA38E0204600F06CFBE5
:10DD700034E0207D40B101281AD0022830D020465E
:10DD8000BDE8FE4000F092B8E08A0028EDD0286996
:10DD9000A04209D1C068286108E0C168A14202D14F
:10DDA000E168C16002E008460028F6D1E660DCE7E1
:10DDB000204601F0AFF82C482146143002F066F8F6
:10DDC000207D012806D1314BDF2231A103F144002F
:10DDD000F9F706FC21460220FEF764F80020FEBD9C
:10DDE00021482146183002F051F82F70BDE700009D
:10DDF0002E2E2F4D6964646C6577617265732F54A4
:10DE0000686972645F50617274792F4C7749502F42
:10DE10007372632F636F72652F7463702E630000DB
:10DE20007463705F636C6F73655F73687574646F40
:10DE3000776E3A20696E76616C6964207063620067
:10DE4000417373657274696F6E2022257322206698
:10DE500061696C6564206174206C696E652025645D
:10DE600020696E2025730A00C00100207063622DB6
:10DE70003E666C61677320262054465F5258434CBF
:10DE80004F53454400000000000200206CE40008ED
:10DE90007463705F667265655F6C697374656E3A12
:10DEA00020214C495354454E0000000070B5050038
:10DEB00006D116A34FF4CE7220A123A0F9F790FB50
:10DEC000287D0526032804D0042802D0072816D16F
:10DED00006E0284603F090FC040006D12E7509E008
:10DEE000284603F089FC040002D0601C09D004E03D
:10DEF00009202875284601F069FA204670BD0020E7
:10DF000070BD688B40F008006883F8E72E2E2F4D17
:10DF10006964646C6577617265732F5468697264B3
:10DF20005F50617274792F4C7749502F7372632F51
:10DF3000636F72652F7463702E63000070636220DC
:10DF4000213D204E554C4C00417373657274696FCE
:10DF50006E2022257322206661696C6564206174DD
:10DF6000206C696E6520256420696E2025730A0087
:10DF70002DE9F047DDF820809A4691460D460700CE
:10DF800005D12DA3A32239A140A0F9F729FB002D2B
:10DF900005D129A3A42247A13CA0F9F721FB5FEA00
:10DFA000C87001D0042600E000260320FEF732F8F6
:10DFB00004001CD084F80A804FF00008C4E90085F2
:10DFC0002889B04205D21CA3B02243A12FA0F9F7A3
:10DFD00007FB28891421801B20812846FEF736FC88
:10DFE00048B1204603F07AFB0020BDE8F0872846C0
:10DFF000FFF792F8F8E760684068E060F88AFDF79C
:10E00000C1FBE1680880388BFDF7BCFBE168488004
:10E010005046FDF7B5FBE1684860B008000300F525
:10E02000A04040EA0900FDF7ADFBE1688881E168A6
:10E030002046A1F81280D8E72E2E2F4D6964646C1B
:10E040006577617265732F54686972645F5061729D
:10E0500074792F4C7749502F7372632F636F7265F9
:10E060002F7463705F6F75742E6300007463705F4C
:10E070006372656174655F7365676D656E743A2080
:10E08000696E76616C6964207063620041737365C8
:10E090007274696F6E2022257322206661696C6537
:10E0A00064206174206C696E6520256420696E208F
:10E0B00025730A007463705F6372656174655F73D2
:10E0C00065676D656E743A20696E76616C6964206F
:10E0D0007062756600000000702D3E746F745F6C96
:10E0E000656E203E3D206F70746C656E0000000010
:10E0F00070B50C460546002A06D10BA340F6C502B2
:10E1000015A11FA0F9F76CFA5CB1218D49B128293E
:10E1100002D928398CB200E00024A54200D22C4656
:10E120002546284670BD00002E2E2F4D6964646C74
:10E130006577617265732F54686972645F506172AC
:10E1400074792F4C7749502F7372632F636F726508
:10E150002F7463702E6300007463705F6566665F82
:10E1600073656E645F6D73735F6E657469663A2084
:10E17000696E76616C6964206473745F6970000015
:10E18000417373657274696F6E2022257322206655
:10E1900061696C6564206174206C696E652025641A
:10E1A00020696E2025730A002DE9F84304460025F6
:10E1B0000E46880706D13FA340F211424A494BA0C0
:10E1C000F9F70EFA002C06D13AA340F2134251A1FE
:10E1D00046A0F9F705FAB00700D50125E80700D0F9
:10E1E0000420804601464FF420723620FEF792FB51
:10E1F00007004FF0FF3929D07989414506D22DA378
:10E2000040F239424BA139A0F9F7EAF900953246BC
:10E2100039462046E36DFFF7ABFE050016D0287B9C
:10E22000800706D023A340F2424251A12FA0F9F764
:10E23000D7F92889002806D01EA340F2434252A1F4
:10E240002AA0F9F7CDF9E06E38B109E0608B40F013
:10E25000800060834846BDE8F883E56604E0084630
:10E2600001680029FBD105600020A4F86800B00710
:10E2700002D0E06D401CE065F00703D0608B40F0F9
:10E28000200060836868FEF774FDB4F866100844E7
:10E290000004000CA4F866000AD0206F40B9E06EBC
:10E2A00030B904A340F2654242A110A0F9F798F9F1
:10E2B0000020D0E72E2E2F4D6964646C6577617263
:10E2C00065732F54686972645F50617274792F4C62
:10E2D0007749502F7372632F636F72652F74637069
:10E2E0005F6F75742E630000A4300108417373657D
:10E2F0007274696F6E2022257322206661696C65D5
:10E3000064206174206C696E6520256420696E202C
:10E3100025730A007463705F656E71756575655F5E
:10E32000666C6167733A20696E76616C696420700F
:10E33000636200007463705F656E71756575655F1B
:10E34000666C6167733A20636865636B207468610B
:10E350007420666972737420706275662063616EE2
:10E3600020686F6C64206F70746C656E0000000034
:10E370007365672D3E746370686472206E6F7420DD
:10E38000616C69676E6564007463705F656E71755A
:10E390006575655F666C6167733A20696E76616C5E
:10E3A0006964207365676D656E74206C656E677453
:10E3B000680000007463705F656E71756575655FF8
:10E3C000666C6167733A20696E76616C696420716E
:10E3D00075657565206C656E6774680070B5194D5C
:10E3E000A878401CA870AC6928E0A17FA878814279
:10E3F00023D0A077608BC10709D040F00200608372
:10E40000204600F0E3FF608B20F00300608380B2C1
:10E41000010705D520F0080060832046FFF746FD80
:10E42000E668A06F38B100202870204602F058F846
:10E4300028780028D7D1344600E0E468002CD4D1F5
:10E4400070BD0000C001002010B50446007D012809
:10E4500005D106A3D42211A115A0F9F7C1F82146D0
:10E46000BDE810400120FDF71DBD00002E2E2F4DF0
:10E470006964646C6577617265732F54686972644E
:10E480005F50617274792F4C7749502F7372632FEC
:10E49000636F72652F7463702E6300007463705F26
:10E4A000667265653A204C495354454E00000000A1
:10E4B000417373657274696F6E2022257322206622
:10E4C00061696C6564206174206C696E65202564E7
:10E4D00020696E2025730A002DE9F04799460C4605
:10E4E0000646224F2AE02546D5E90040FEF741FCCA
:10E4F000B6F866108046414506D21DA340F2574249
:10E5000028A132A0F9F76CF836F8661FA1EB0800D5
:10E5100030802889398908443881284603F0DEF89C
:10E5200036F86609002809D054EA090006D110A37C
:10E5300040F261422FA125A0F9F752F894B1E068AA
:10E540004068FDF71DF90546E0688089FDF71AF976
:10E55000800700D00120218928440844B969401A65
:10E560000028C0DD2046BDE8F0870000E001002063
:10E570002E2E2F4D6964646C6577617265732F541C
:10E58000686972645F50617274792F4C7749502FBB
:10E590007372632F636F72652F7463705F696E2E81
:10E5A000630000007063622D3E736E645F71756579
:10E5B00075656C656E203E3D20706275665F636CAC
:10E5C000656E286E6578742D3E7029004173736501
:10E5D0007274696F6E2022257322206661696C65F2
:10E5E00064206174206C696E6520256420696E204A
:10E5F00025730A007463705F726563656976653AB6
:10E600002076616C6964207175657565206C656E36
:10E610006774680010B50446406F002803D003F00B
:10E620006BF80020606710BD0849C888421CCA808A
:10E630000A6912B18B88984203D2C9681431085C08
:10E640007047C01AC0B2105C70470000E0010020A3
:10E6500010B5F1F7E7FD0349C0F30D0000F54040A8
:10E66000888010BDC00100202DE9FE4F040005D1B7
:10E67000DEA38322EAA1F0A0F8F7B2FFF84D6068AC
:10E68000E860608914287DD3F64E31687069FBF725
:10E69000AFFF002876D1307DB046C0F303100E28BE
:10E6A00070D0E8688089FDF76DF8000B81001429AF
:10E6B000E9D320898842E6D3A1F1140080B26880B2
:10E6C0004FF0000AC5F810A062898A4204D3A880DE
:10E6D0002046FEF7E5FE32E0206828B9C3A3C22237
:10E6E000E1A1D5A0F8F77CFF14212046FEF7D8FE63
:10E6F0006189A9806888401A86B22046FEF7D0FE5C
:10E7000020684189B142BED3416829613146FEF794
:10E71000C7FE2089801B2081608928B1B3A3DF2236
:10E72000D5A1C5A0F8F75CFF216820890989884236
:10E7300005D0AEA3E022D3A1BFA0F8F751FFE8684F
:10E740000088FDF71FF80146E86801804088FDF762
:10E7500019F80146E86841804068FDF711F8014664
:10E76000E868416069618068FDF70AF80146E86879
:10E770008160A961C089FDF705F80146E868C1819B
:10E78000808900E08CE0FCF7FDFF00F03F0129707C
:10E7900020896881890704D0411C89B26981884237
:10E7A0007ED8DFF800930027D9F8006083E0307D41
:10E7B00028B98EA3FB22BCA19FA0F8F711FF307DE2
:10E7C0000A2805D189A3FC22C1A19BA0F8F708FF64
:10E7D000307D012805D185A3FD22C8A196A0F8F7B8
:10E7E000FFFE307A38B1D8F8041091F83410491C83
:10E7F000C9B288425DD1E868318B0288914258D114
:10E80000F18A4088814254D17168D8F81020914231
:10E810004FD13168D8F8140081424AD1F068B04233
:10E8200006D172A340F20D12BEA183A0F8F7D8FE64
:10E8300037B1F068F860D9F80010F160C9F80060ED
:10E84000F068B04206D169A340F21512C0A17AA0C7
:10E85000F8F7C6FE96B3DFF824835746C8F800A041
:10E860002189A8F80810C8F80440E968C8F80C1015
:10E87000C5F81CA085F801A0A5F808A02878000715
:10E8800003D5607B40F001006073B06F002878D042
:10E89000304601F025FE0D3007D0B06F002800E0B3
:10E8A000F5E16ED0688900286BD0708D002864D0A7
:10E8B000CCE13746F668002E7FF479AFB04840F2DD
:10E8C0001F194646076827E0387D0A2805D047A368
:10E8D0004A46ACA158A0F8F783FE387A30B1716887
:10E8E00091F83410491CC9B2884214D1E8683A8BB7
:10E8F00001888A420FD1F98A408881420BD1786819
:10E900003169884207D138687169884203D1384635
:10E9100003F0F0FBBBE1FF68002FD5D1A54B002130
:10E92000EF681868D6F804900246D6F8148016E00E
:10E93000067A3EB199F834C00CF1010C0CF0FF0CD2
:10E9400066450AD1C68AB7F802C0664505D1066891
:10E95000464507D0002804D036B10146C0680028DB
:10E96000E6D17FE100283FD019B1C568CD60C26013
:10E97000186000F007FB8AE103E0304602F0C6FEB3
:10E9800064E130462E6201F049FB0D3011D0687809
:10E990002C4600070ED5D6F890201AB16FF00D0165
:10E9A0003069904731463F4801F070FA3046FFF732
:10E9B0004BFD4BE1228942B1D6F8803023B131467C
:10E9C000306998470D300CD02781304600F074F93B
:10E9D00038B9E06930B1B06F28B104A34FF4F372D5
:10E9E000EAE033E10EE1ECE03CE100002E2E2F4D99
:10E9F0006964646C6577617265732F5468697264C9
:10EA00005F50617274792F4C7749502F7372632F66
:10EA1000636F72652F7463705F696E2E6300000010
:10EA20007463705F696E7075743A20696E76616C9C
:10EA30006964207062756600417373657274696FF2
:10EA40006E2022257322206661696C6564206174E2
:10EA5000206C696E6520256420696E2025730A008C
:10EA6000E00100203C5D0020702D3E6E6578742032
:10EA7000213D204E554C4C00702D3E6C656E203D66
:10EA80003D203000702D3E746F745F6C656E203DCC
:10EA90003D20702D3E6E6578742D3E746F745F6CF2
:10EAA000656E0000D80100207463705F696E707538
:10EAB000743A20616374697665207063622D3E73D9
:10EAC0007461746520213D20434C4F534544000040
:10EAD0007463705F696E7075743A206163746976EF
:10EAE00065207063622D3E737461746520213D2042
:10EAF00054494D452D574149540000007463705FDF
:10EB0000696E7075743A206163746976652070630C
:10EB1000622D3E737461746520213D204C4953542D
:10EB2000454E00007463705F696E7075743A2070B2
:10EB300063622D3E6E65787420213D2070636220F3
:10EB4000286265666F7265206361636865290000ED
:10EB50007463705F696E7075743A207063622D3EE5
:10EB60006E65787420213D20706362202861667490
:10EB70006572206361636865290000008892002047
:10EB8000DC0100207463705F696E7075743A205404
:10EB9000494D452D57414954207063622D3E737491
:10EBA000617465203D3D2054494D452D57414954E0
:10EBB00000000000D401002037A1AFF28410F8F764
:10EBC0000FFDB07EC00606D5E069FEF7A5FA304617
:10EBD000FEF798FF3AE0D6F884C0BCF1000F05D0EC
:10EBE000002330693146E269E04705E00023314601
:10EBF0001846E26902F078F910F10D0F26D008B13D
:10EC0000E069B0676078800618D5B06F20B1417BAD
:10EC100041F02001417311E0308DB0F5066F01D055
:10EC2000401C3085D6F884C0BCF1000F06D000230C
:10EC30001A4631463069E0470D3007D0304627622A
:10EC400000F03AF810B9304600F0C0FB2F62EF61D7
:10EC5000D8F804004446002802D0FEF75DFA676049
:10EC6000BDE8FE8FB889FCF78DFD40070FD4E8683A
:10EC7000104A104B018840880092CDE90101698952
:10EC800068691B1D42180020A96902F047FC204654
:10EC9000BDE8FE4FFEF740BA7063622D3E726566B6
:10ECA000757365645F64617461203D3D204E554C11
:10ECB0004C0000004C5D002010B5040006D110A3EC
:10ECC00040F25A221BA125A0F8F78AFC2D48407873
:10ECD000C00612D5A07EC00606D4D4F890201AB182
:10ECE0006FF00E01206990472146274801F0CEF8C9
:10ECF0002046FFF7A9FB012010BD002010BD000039
:10ED00002E2E2F4D6964646C6577617265732F5484
:10ED1000686972645F50617274792F4C7749502F23
:10ED20007372632F636F72652F7463705F696E2EE9
:10ED3000630000007463705F696E7075745F646572
:10ED40006C617965645F636C6F73653A20696E7698
:10ED5000616C696420706362000000004173736538
:10ED60007274696F6E2022257322206661696C655A
:10ED700064206174206C696E6520256420696E20B2
:10ED800025730A00E0010020D801002070B50400BE
:10ED90004FF0000606D112A340F624021DA124A0C4
:10EDA000F8F71EFC206D401EFCF7EAFC034600222B
:10EDB0003146204600F07AFC05000DD0014633466E
:10EDC0000022204600F0D0FD2246231D2946BDE842
:10EDD0007040104600F058BD4FF0FF3070BD00008D
:10EDE0002E2E2F4D6964646C6577617265732F54A4
:10EDF000686972645F50617274792F4C7749502F43
:10EE00007372632F636F72652F7463705F6F7574B5
:10EE10002E6300007463705F6B656570616C69766A
:10EE2000653A20696E76616C6964207063620000E7
:10EE3000417373657274696F6E2022257322206698
:10EE400061696C6564206174206C696E652025645D
:10EE500020696E2025730A0070B50446082808D082
:10EE6000092C06D010A340F2DD621BA11EA0F8F70A
:10EE7000B7FB274B002108469A69DB6809E0157D3E
:10EE8000A54205D1156A5D1B8D4201D32946104666
:10EE9000D268002AF3D1002804D0BDE870400021D8
:10EEA000FEF75ABD70BD00002E2E2F4D6964646CB4
:10EEB0006577617265732F54686972645F5061721F
:10EEC00074792F4C7749502F7372632F636F72657B
:10EED0002F7463702E630000696E76616C69642024
:10EEE0007374617465000000417373657274696FB7
:10EEF0006E2022257322206661696C65642061742E
:10EF0000206C696E6520256420696E2025730A00D7
:10EF1000C001002070B5050007D10F4B40F211125F
:10EF20000EA103F14400F8F75BFB287D012807D010
:10EF3000094B4FF489720CA103F14400F8F750FB20
:10EF40000F4E0124294656F82400006802F0A4F868
:10EF5000641C042CF6D370BD6CE40008706362205E
:10EF6000213D204E554C4C007063622D3E73746100
:10EF70007465203D3D204C495354454E000000002F
:10EF8000EC2F0108FEB5424E0546307840071BD4F1
:10EF9000002D06D13FA340F281224BA152A0F8F7E9
:10EFA0001FFB3078C10610D5F068594A584B0188CC
:10EFB00040880092CDE90101718970691B1D4218DA
:10EFC0002846B16902F0AAFAFEBD8007FCD5687D2B
:10EFD000FEF79CFD04004AD04D481038416921607D
:10EFE00000696060E88AE082F0680088208303207E
:10EFF00020757069401C6062E062204600F014F9E0
:10F00000A06520656064E0657069401E60652869E0
:10F01000E5672061687A00F00C006072287A20723F
:10F020003C480168E160046003F04AF83A49012075
:10F030000870204600F046FEF068C089A4F8600021
:10F04000A4F86200201DFBF70BFF0146608E221D15
:10F05000FFF74EF8608612212046FFF7A5F888B129
:10F0600003B02046BDE8F0400021FEF775BCAB6957
:10F07000002BA9D0286903B04FF0FF32BDE8F04063
:10F08000002118472046BDE8FE4000F09FB900006F
:10F09000E00100202E2E2F4D6964646C657761724B
:10F0A00065732F54686972645F50617274792F4C74
:10F0B0007749502F7372632F636F72652F7463707B
:10F0C0005F696E2E630000007463705F6C69737417
:10F0D000656E5F696E7075743A20696E76616C69F1
:10F0E0006420706362000000417373657274696F1D
:10F0F0006E2022257322206661696C65642061742C
:10F10000206C696E6520256420696E2025730A00D5
:10F110004C5D0020D8010020C001002070B50D46D4
:10F1200004001DD0206800281AD00E4E2046B16978
:10F1300000F01AF82046316900F016F8002D0FD0C3
:10F14000286800280CD006F11400026806E0106858
:10F150002168884201D128681060D268002AF6D15F
:10F1600070BD0000C001002070B505000C4612D132
:10F170000AA34FF4106215A121A0F8F731FA0AE0B2
:10F1800020682968884205D12046E668FEF7BAFC67
:10F19000344600E0E468002CF2D170BD2E2E2F4DD5
:10F1A0006964646C6577617265732F546869726411
:10F1B0005F50617274792F4C7749502F7372632FAF
:10F1C000636F72652F7463702E6300007463705FE9
:10F1D0006E657469665F69705F616464725F6368BD
:10F1E000616E6765645F7063626C6973743A20690D
:10F1F0006E76616C6964206F6C645F616464720038
:10F20000417373657274696F6E20222573222066C4
:10F2100061696C6564206174206C696E6520256489
:10F2200020696E2025730A0010B5002806D106A3B8
:10F2300040F6AF0210A117A0F8F7D2F91F49D1E9A3
:10F2400002021044886010BD2E2E2F4D6964646C3C
:10F250006577617265732F54686972645F5061727B
:10F2600074792F4C7749502F7372632F636F7265D7
:10F270002F7463702E6300007463705F6E65787422
:10F280005F6973733A20696E76616C69642070639C
:10F2900062000000417373657274696F6E202225ED
:10F2A0007322206661696C6564206174206C696EEC
:10F2B0006520256420696E2025730A00C0010020A6
:10F2C00070B50C46050006D11EA340F21F422AA1CC
:10F2D00033A0F8F785F9E8688089FCF753FA3A4ECD
:10F2E000C00715D0204602F007FA002427E08089E5
:10F2F000FCF748FAC00707D00120FCF743FA0146A3
:10F30000E8688289114381812046246802F0E6F989
:10F31000ACB1E0682289736941680A4429891944BB
:10F32000891AE4D52989CA18E1684968521A002A5D
:10F3300005DDC81A81B229816868FDF7D1FF2C600C
:10F3400070BD00002E2E2F4D6964646C657761726C
:10F3500065732F54686972645F50617274792F4CC1
:10F360007749502F7372632F636F72652F746370C8
:10F370005F696E2E630000007463705F6F6F735F70
:10F38000696E736572745F7365676D656E743A203C
:10F39000696E76616C6964206373656700000000C4
:10F3A000417373657274696F6E2022257322206623
:10F3B00061696C6564206174206C696E65202564E8
:10F3C00020696E2025730A00E00100202DE9F05F1E
:10F3D000040006D187A340F2E14293A198A0F8F778
:10F3E000FFF8207D012806D182A340F2E3429EA1CE
:10F3F00093A0F8F7F5F8A6480068A04202D10020D3
:10F40000BDE8F09FB4F86010B4F84800814200D223
:10F410000846E56E81466DB12146221D084602F080
:10F4200075F85FEA000A6FF003012ED054B120682E
:10F4300040B10CE0A07E80076FD52046BDE8F05FAC
:10F4400002F064B91AF104001FD000682060E86877
:10F450004068FCF795F9616C401A29894218002030
:10F460004A4514D9B4F860204A45E3D1216F0029F8
:10F47000E0D194F899100029DCD184F8980001219A
:10F4800084F8991084F89A00D4E70846B8E784F81D
:10F490009900266F83460EB998E00646306800282A
:10F4A000FBD192E0E8688089FCF76CF9400706D54B
:10F4B00050A340F2365277A161A0F8F791F8206F7F
:10F4C000A8B1618B11F0440F11D1E06E28B1026830
:10F4D0006AB90089628E904209D2B4F8640030B1F2
:10F4E000B4F86600092802D211F0A00F79D0207D6F
:10F4F000022807D01020FCF745F90146E868828908
:10F500001143818152462146284600F099FA28B1DC
:10F51000618B41F08001618372E766E02868E066F4
:10F52000207D022803D0608B20F003006083E86810
:10F530004068FCF725F90746E8688089FCF722F95E
:10F54000800700D00120298938440844216D091A18
:10F5500000D52065E8688089FCF714F9800700D0A1
:10F5600001202989C8422CD0C5F800B0206F68B1AD
:10F57000E8684068FCF704F90746F0684068FCF763
:10F58000FFF8381A1AD504F1700003E0256716E079
:10F59000D8F800008046006850B1C0684068FCF7A9
:10F5A000EFF80746E8684068FCF7EAF8381AEFD445
:10F5B000D8F800002860C8F8005005E035602E46F5
:10F5C00002E0284602F08AF8E56E55B1E868406826
:10F5D000FCF7D6F8616C401A2989014449457FF649
:10F5E00061AFE06E08B9A4F868B0608B20F08000CD
:10F5F000608304E72E2E2F4D6964646C6577617219
:10F6000065732F54686972645F50617274792F4C0E
:10F610007749502F7372632F636F72652F74637015
:10F620005F6F75742E6300007463705F6F75747024
:10F6300075743A20696E76616C696420706362004B
:10F64000417373657274696F6E2022257322206680
:10F6500061696C6564206174206C696E6520256445
:10F6600020696E2025730A00646F6E277420636121
:10F670006C6C207463705F6F757470757420666F46
:10F6800072206C697374656E2D7063627300000084
:10F6900000020020525354206E6F7420657870650C
:10F6A0006374656420686572652100002DE9FF417F
:10F6B0001D4616460F46040006D10EA340F24272C4
:10F6C00019A123A0F7F78CFFE08A638D1022218B0C
:10F6D0008DE80F002B4632463946606A00F04CF840
:10F6E000002803D0628D616A1144E16204B0BDE874
:10F6F000F08100002E2E2F4D6964646C6577617275
:10F7000065732F54686972645F50617274792F4C0D
:10F710007749502F7372632F636F72652F74637014
:10F720005F6F75742E6300007463705F6F75747023
:10F7300075745F616C6C6F635F6865616465723A74
:10F7400020696E76616C696420706362000000005D
:10F75000417373657274696F6E202225732220666F
:10F7600061696C6564206174206C696E6520256434
:10F7700020696E2025730A002DE9F05F8346881802
:10F780000E46DDE90B98143081B21F464FF420720B
:10F790002220DDF828A0FDF7BDF805002AD06989F0
:10F7A00006F11400814206D214A340F2237220A174
:10F7B0002BA0F7F715FF50466C68FBF7E3FF20809E
:10F7C0004846FBF7DFFF608067605846FBF7D8FFCD
:10F7D000A060B008000300F5A04080B240EA080035
:10F7E000FBF7D0FFA0810D98FBF7CCFFE081002054
:10F7F000208260822846BDE8F09F00002E2E2F4D0B
:10F800006964646C6577617265732F5468697264AA
:10F810005F50617274792F4C7749502F7372632F48
:10F82000636F72652F7463705F6F75742E63000071
:10F83000636865636B2074686174206669727374B1
:10F8400020706275662063616E20686F6C6420733F
:10F850007472756374207463705F68647200000072
:10F86000417373657274696F6E202225732220665E
:10F8700061696C6564206174206C696E6520256423
:10F8800020696E2025730A00FEB51E4617460D003E
:10F89000044606D112A340F287721EA128A0F7F7F2
:10F8A0009FFE32463946204601F030FE18B12CB199
:10F8B000E37AA17A04E06FF003040BE0FF23002158
:10F8C00000910622CDE90120324639462846FBF751
:10F8D000B7F804462846FDF71FFC2046FEBD000091
:10F8E0002E2E2F4D6964646C6577617265732F5499
:10F8F000686972645F50617274792F4C7749502F38
:10F900007372632F636F72652F7463705F6F7574AA
:10F910002E6300007463705F6F75747075745F633D
:10F920006F6E74726F6C5F7365676D656E743A208D
:10F93000696E76616C696420706275660000000013
:10F94000417373657274696F6E202225732220667D
:10F9500061696C6564206174206C696E6520256442
:10F9600020696E2025730A0070B515460C0006D17B
:10F970000DA340F2567219A122A0F7F731FE60687C
:10F98000EA0700F1140100D0042210441430884228
:10F9900008D0BDE8704004A340F2757223A119A0FD
:10F9A000F7F71EBE70BD00002E2E2F4D6964646CEB
:10F9B0006577617265732F54686972645F50617214
:10F9C00074792F4C7749502F7372632F636F726570
:10F9D0002F7463705F6F75742E6300007463705FC3
:10F9E0006F75747075745F66696C6C5F6F70746945
:10F9F0006F6E733A20696E76616C6964207062750F
:10FA000066000000417373657274696F6E20222571
:10FA10007322206661696C6564206174206C696E74
:10FA20006520256420696E2025730A006F70746953
:10FA30006F6E73206E6F742066696C6C6564000075
:10FA40002DE9FE4317460C46050006D13DA34FF4B1
:10FA5000B76249A150A0F7F7C3FD002C06D139A326
:10FA600040F2B95256A14CA0F7F7BAFD002F06D1CB
:10FA700034A340F2BA525AA147A0F7F7B1FD284685
:10FA800000F0CCF810B10020BDE8FE83606AFBF7FF
:10FA900077FEE9688860608DFBF774FEE968C881CD
:10FAA000618D606A0844E062EE68A87A1436C00787
:10FAB0000AD0221D39464FF40670FEF719FB40F0BC
:10FAC0000170FBF75DFE01C6B4F930004FF000088D
:10FAD000002801DAA4F83080606B38B94948006822
:10FAE0006063E8684068FBF74BFEA0636968A8891B
:10FAF0008A88801A4A89121A4A8169680A89101A02
:10FB000008816968E8684860E968A1F81080A87A07
:10FB1000E968C00700D0042014300844B04206D081
:10FB200008A340F21C6238A11BA0F7F759FDA07A88
:10FB300006218DE88300E37A221D21466868FAF7E2
:10FB40007FFFA1E72E2E2F4D6964646C657761728B
:10FB500065732F54686972645F50617274792F4CB9
:10FB60007749502F7372632F636F72652F746370C0
:10FB70005F6F75742E6300007463705F6F757470CF
:10FB800075745F7365676D656E743A20696E766132
:10FB90006C69642073656700417373657274696F83
:10FBA0006E2022257322206661696C656420617471
:10FBB000206C696E6520256420696E2025730A001B
:10FBC0007463705F6F75747075745F7365676D656E
:10FBD0006E743A20696E76616C69642070636200AD
:10FBE0007463705F6F75747075745F7365676D654E
:10FBF0006E743A20696E76616C6964206E65746912
:10FC000066000000CC0100206F7074696F6E732075
:10FC10006E6F742066696C6C6564000010B504003A
:10FC200006D107A340F29A5212A11CA0F7F7D8FC04
:10FC30006068807B012801D0012010BD002010BD2C
:10FC40002E2E2F4D6964646C6577617265732F5435
:10FC5000686972645F50617274792F4C7749502FD4
:10FC60007372632F636F72652F7463705F6F757447
:10FC70002E6300007463705F6F75747075745F73CA
:10FC800065676D656E745F627573793A20696E762B
:10FC9000616C6964207365670000000041737365DF
:10FCA0007274696F6E2022257322206661696C650B
:10FCB00064206174206C696E6520256420696E2063
:10FCC00025730A002DE9F041060006D11DA340F27C
:10FCD0007D7229A12FA0F7F783FC384C608800289B
:10FCE00018D00020E0804FF406750FE0FEF79CFC72
:10FCF00000280FD0012809D002280DD0FEF794FC6F
:10FD0000022807D3E1880844801EE080E0886188EB
:10FD10008842EBD3BDE8F081FEF786FC0428F9D1D8
:10FD2000E0886188801C8842F4D8FEF77DFC0702D9
:10FD3000FEF77AFC3843A84200D800B928467086FE
:10FD4000E4E700002E2E2F4D6964646C65776172C4
:10FD500065732F54686972645F50617274792F4CB7
:10FD60007749502F7372632F636F72652F746370BE
:10FD70005F696E2E630000007463705F7061727360
:10FD8000656F70743A20696E76616C696420706387
:10FD900062000000417373657274696F6E202225E2
:10FDA0007322206661696C6564206174206C696EE1
:10FDB0006520256420696E2025730A00E00100207B
:10FDC00070B504001FD0207D00281BD00A2819D050
:10FDD000012817D0A06F002510B1FDF79DF9A56788
:10FDE000606F10B12046FEF715FC4FF0FF30208603
:10FDF000E06E01F081FC206F01F07EFCE566256776
:10FE0000A4F8685070BDBDE8704003A340F65102ED
:10FE10000DA114A0F7F7E4BB2E2E2F4D6964646C7E
:10FE20006577617265732F54686972645F5061729F
:10FE300074792F4C7749502F7372632F636F7265FB
:10FE40002F7463702E6300007463705F7063625F71
:10FE500070757267653A20696E76616C69642070AE
:10FE600063620000417373657274696F6E202225AE
:10FE70007322206661696C6564206174206C696E10
:10FE80006520256420696E2025730A0070B50C007A
:10FE9000054606D129A340F6830234A13AA0F7F71C
:10FEA0009FFB002D06D125A340F6840240A136A079
:10FEB000F7F796FB2868A04209D1C068286008E0DF
:10FEC000C168A14202D1E168C16002E00846002891
:10FED000F6D100252046E560FFF772FF207D0A2855
:10FEE0000DD0012826D0608BC10708D040F0020059
:10FEF00060832046FFF76AFA207D01281AD0E06E61
:10FF000030B10EA340F6930231A11FA0F7F768FBB2
:10FF1000206F30B109A340F6940233A11AA0F7F77D
:10FF20005FFB606F30B105A340F6960235A116A0C5
:10FF3000F7F756FB2575E58270BD00002E2E2F4D7C
:10FF40006964646C6577617265732F546869726463
:10FF50005F50617274792F4C7749502F7372632F01
:10FF6000636F72652F7463702E6300007463705F3B
:10FF70007063625F72656D6F76653A20696E766157
:10FF80006C69642070636200417373657274696F99
:10FF90006E2022257322206661696C65642061747D
:10FFA000206C696E6520256420696E2025730A0027
:10FFB0007463705F7063625F72656D6F76653A201F
:10FFC000696E76616C6964207063626C6973740039
:10FFD000756E73656E74207365676D656E747320DE
:10FFE0006C65616B696E6700756E61636B6564203B
:10FFF0007365676D656E7473206C65616B696E67A0
:020000040801F1
:10000000000000006F6F736571207365676D656E2A
:100010007473206C65616B696E6700002DE9FE4F9B
:10002000040006D1DDA34FF44772E9A1EFA0F7F772
:10003000D7FAF84D287841072CD5217D022905D023
:10004000626A6869824206D189B117E0206DA969A8
:10005000884213D041E2811AFCD4218D1144401A08
:100060000028F7DC608B40F00200608335E2CBA310
:100070004FF44E72E8A1DDA0F7F7B2FA687840F0CD
:1000800008006870608B20F0010060836FF00D0045
:10009000BDE8FE8F800704D5207D022801D003280B
:1000A000E0D1A07EC00602D4E348006820624FF091
:1000B000000884F89B8084F89A802046FFF702FEAF
:1000C000DE4B227D03F110000421DFF874A3DD4F25
:1000D000DD4E921E14334FF001094FF00A0B082A2F
:1000E000B8D2DFE802F00487F2F6EFF2EEED2A78FC
:1000F000D606AFD5920767D5626CAE69521CB24284
:1001000062D16869421C62626664E262EA68401E0B
:10011000D289A4F86020A4F8622060652175201DB2
:10012000FAF79EFE0146608E221DFDF7E1FF41F2C7
:100130001C116086B1EB400F01D2420000E00A467C
:10014000B2EB800F01D9810003E0B1EB400F00D288
:100150004100A4F84810B4F8660030B98FA34FF4FA
:100160005B72BAA1A1A0F7F73BFAB4F86600401E93
:10017000A4F86600256FBDB128682067284601F005
:10018000ADFA206FE0B1A4F8308084F8428000BF5F
:10019000D4F88830002B3FF465AF00222146206957
:1001A00098470D304DD05DE7E56E35B97BA34FF430
:1001B0005D72ACA18DA0F7F713FA2868E066DDE761
:1001C0004FF0FF302086E3E7E9680A8849888DE828
:1001D00007006989686942182046A96901F09EF9FB
:1001E00094F84200062804D2A4F83080204601F09A
:1001F00069F872E12A78D60657D5626CAE69B21AF0
:10020000012A45D4226DB21A002A41DC2175E06F23
:10021000A0B1806948B961A34FF46A7296A173A036
:10022000F7F7DEF9E06F806940B1E16F20690022E5
:100230008B692146984738B10D3002D02046FDF732
:1002400061FC6FF00C0023E7204600F0CBF9288911
:1002500008B1401E2881618E41F21C10B0EB410FA5
:1002600001D24A0000E00246B2EB810F01D98800BA
:1002700003E0B0EB410F00D24800A4F848006878D2
:10028000800611D5608B40F002006083072057E0A4
:10029000E9680A8849888DE8070069896869421811
:1002A0003146204601F03AF917E1900707D5606A18
:1002B0006969401E884202D1204600F019FF0CE116
:1002C000FBE057E03EE004E0FFE7204600F08AF95B
:1002D000D5E7204600F086F96878800628784FEA4E
:1002E000C06024D5002805DA206DA969884201D1B3
:1002F000E06E28B1608B40F00200608308201FE0B0
:10030000608B40F0020060832046FFF759FD3068A3
:10031000A04209D1C0683060C5E0C168A14202D1E5
:10032000E168C160BFE008460028F6D1BBE00028C4
:1003300033DA206DA96988422FD1E06E68BB0620B0
:100340002075CAE0204600F04DF96878800624D573
:10035000608B40F0020060832046FFF731FD30687B
:10036000A042D7D003E0C168A142D9D008460028F6
:10037000F9D198E0204600F035F92878C0060CD570
:10038000206DA969884208D1E06E30B92046FFF798
:1003900017FD3068A042BDD083E09EE02E2E2F4D89
:1003A0006964646C6577617265732F5468697264FF
:1003B0005F50617274792F4C7749502F7372632F9D
:1003C000636F72652F7463705F696E2E6300000047
:1003D0007463705F70726F636573733A20696E76D1
:1003E000616C696420706362000000004173736592
:1003F0007274696F6E2022257322206661696C65B4
:1004000064206174206C696E6520256420696E200B
:1004100025730A00E00100207463705F696E7075D7
:10042000743A207063622D3E737461746520213DBF
:1004300020434C4F53454400CC0100203C5D00203C
:10044000C0010020DC010020D80100207063622D73
:100450003E736E645F71756575656C656E203E20D8
:10046000300000006E6F207365676D656E742074D8
:100470006F206672656500007063622D3E6C697363
:1004800074656E65722D3E61636365707420213DF5
:10049000204E554C4C000000C168A1423FF440AFD3
:1004A00008460028F8D18AF8009084F814B038681B
:1004B000E0603C6001F004FE0FE0204600F092F89E
:1004C0002878C00609D5206DA969884205D1E06E5B
:1004D00018B9687840F0100068700020D8E5000076
:1004E0002DE9F04104000DD0A56F00206E7BA067C0
:1004F000D4F88470002F10D000232A4621462069AA
:10050000B84710E017A340F2096222A12BA0F7F729
:1005100067F86FF00F00BDE8F08100232A462146FE
:10052000184600F0E1FC6FF00C0728B10D3017D031
:100530006FF00400A567EEE7B0060FD5208DB0F58B
:10054000066F01D0401C2085D4F8845035B10023BB
:100550001A4621462069A8470D3001D00020DAE76D
:100560003846D8E72E2E2F4D6964646C657761722A
:1005700065732F54686972645F50617274792F4C8F
:100580007749502F7372632F636F72652F74637096
:100590002E6300007463705F70726F636573735FC6
:1005A000726566757365645F646174613A20696E33
:1005B00076616C696420706362000000417373654A
:1005C0007274696F6E2022257322206661696C65E2
:1005D00064206174206C696E6520256420696E203A
:1005E00025730A002DE9F047040006D1E1A340F28B
:1005F0007B42EDA1F3A0F6F7F3FF207D042806D29D
:10060000DCA340F27C42F9A1EEA0F6F7E9FFFE4D33
:100610004FF6FF774FF000062878C0067ED5B4F875
:100620006020A16D636D686902EB0108B3EB000CFB
:100630000BD4834202D1AB69CB1A06D4AB69994281
:1006400010D1E968C98991420CD9E968C989A4F82F
:100650006010B4F862208A4201D2A4F8621060658A
:10066000A869A065626CA869811A00292EDC6989D5
:1006700049BBB4F86030A16D1944414523D1B4F9A8
:10068000301000291FDB82421DD194F84300411C29
:10069000C9B2814201D984F8431094F84300032879
:1006A0000CD9B4F84810608E084480B2884202D356
:1006B000A4F8480003E0A4F8487000E002D3204604
:1006C00000F08CFD8EE084F843608BE0012977D444
:1006D000226D821A002A73DC628B530708D522F040
:1006E00004026283B4F84A20A4F84820A4F86A609F
:1006F00084F84260E28FB4F93C3089B202EBE30245
:10070000A4F8402084F843606064207D042831D33D
:10071000B4F84800B4F84A20904200E082E015D2D4
:10072000628B120501D5012200E00222638E534341
:100730009AB28A4200D81146014489B2814202D35A
:10074000A4F8481016E0A4F8487013E0B4F86A2042
:10075000114489B2914202D3A4F86A1001E0A4F8CE
:100760006A70B4F86A10814204D3091AA4F86A10B6
:10077000618EE1E7D4E91B31A4A22046FDF7ACFE6F
:1007800020670346A3A22046E16EFDF7A5FEE066C2
:10079000216F19B12686267720B105E04FF0FF3290
:1007A0002286F8E7A4F86860B4F864202B891A441C
:1007B000A4F86420628B120514D511B1C86802E058
:1007C0000DE038B1C0684068FAF7DAFFE16C081A4A
:1007D000002807DC608B20F40060608302E0204684
:1007E00000F094FF606BE8B1A16BAA69891A19D572
:1007F0008A490988081AB4F93C10A0EBE10000B25C
:10080000014409B2A187002801DA404200B2B4F9DC
:100810003E20A0EBA2001044E08700EBE100A4F82A
:1008200040006663B5F80AC0BCF1000F7ED0207DA1
:1008300007287BD2616A6A69DFF8E4A1881AA946B1
:10084000012849D402EB0C054D1B6D1C002D43DC27
:10085000DAF80450804635B946A340F2945271A1AB
:1008600058A0F6F7BDFEB84506D342A340F2955214
:1008700070A154A0F6F7B4FEDAF804001FFA88F766
:10088000D0460089B84206D23AA340F297526DA1F1
:100890004CA0F6F7A5FEB8F80810C91BA8F8081078
:1008A000D8F804000089C01B81B204E029816E8160
:1008B000381A2D6887B26889B842F7D33946284676
:1008C000FCF7EEFD606AC9F81400D8F80C10486017
:1008D000616A401A07D593E2501A04D5608B40F044
:1008E000020060838CE2208D0A460144D9F814008E
:1008F0004F46411A491C0029EDDC824238D1DAF812
:100900000C0055468089FAF73DFF800700D0012092
:100910002989B846084480B27881218D814228D245
:10092000E8688089FAF72EFFC00700E06DE20ED07C
:10093000E8688089FAF726FFC0F344004000FAF720
:1009400021FFE9688A8922F47C5210438881208D36
:100950002881E8688089FAF715FF800702D5288981
:10096000401E288129896868FCF7BAFCE86871E0B4
:100970008DE18BE02E2E2F4D6964646C657761727A
:1009800065732F54686972645F50617274792F4C7B
:100990007749502F7372632F636F72652F74637082
:1009A0005F696E2E630000007463705F726563653B
:1009B0006976653A20696E76616C6964207063625D
:1009C00000000000417373657274696F6E20222508
:1009D0007322206661696C6564206174206C696EA5
:1009E0006520256420696E2025730A007463705F9A
:1009F000726563656976653A2077726F6E672073FA
:100A00007461746500000000E0010020756E616390
:100A10006B656400756E73656E740000CC01002018
:100A200088920020696E7365672E7020213D204EEC
:100A3000554C4C00696E73616E65206F6666736518
:100A4000742100007062756620746F6F2073686F88
:100A5000727421008089FAF795FE800700D001208A
:100A60002989084481B2A8F80A10238D626AD8F84F
:100A700014001A440844904208D0AFF2081340F220
:100A8000CB52E9A1AFF2C400F6F7AAFD606F0028CF
:100A900073D0E8688089FAF775FEC00704D107E0D3
:100AA0000168616700F01AFE606F0028F8D164E009
:100AB000676F1EE08889FAF765FEC00715D0E86801
:100AC0008089FAF75FFE80070FD40120FAF75AFEFB
:100AD000E9688A8910438881FAF754FE800700D0BC
:100AE000012029890844A8F80A0038463F6800F028
:100AF000F5FDDFB3F9683A89D8F814304868024444
:100B0000B8F80A001844801AD4D5B8F80A20D8F8E2
:100B100014108B18FA6852689B1A002B2CDD501A9F
:100B20002881E8688089FAF72DFE800702D5288998
:100B3000401E288129896868FCF7D2FBE868808913
:100B4000FAF720FE800700D001202989084481B2ED
:100B5000A8F80A10D8F814000844F96849688842CF
:100B60000AD0AFF2F01340F2FC5200E004E0BCA166
:100B7000AFF2B010F6F734FD6767B8F80A00D8F89E
:100B80001410474601446162218D814208D2AFF2C0
:100B90001C2340F20762C1A1AFF2D810F6F720FD86
:100BA000208D7989401A2085204601F03BFB68683A
:100BB000018909B1F8616E60E8688089FAF7E2FDA1
:100BC000C00752D0787840F0200078704DE079610D
:100BD0008089FAF7D7FD800700D001202A89616A51
:100BE000114408446062E8688089FAF7CBFD800709
:100BF00000D0012029890844218D884208D9AFF20C
:100C00008C2340F22B62ADA1AFF24820F6F7E8FC4E
:100C1000E8688089FAF7B6FD800700D001202989AD
:100C20000844218D081A2085204601F0FBFA6968E6
:100C3000088930B1F86910B1FBF7FAFF00E0F961FB
:100C40006E60E8688089FAF79DFDC00708D0787863
:100C500040F020007870207D042801D10720207505
:100C600028686067284600F039FD656F25B1E8689F
:100C7000626A41689142AAD0608BC10702D020F01D
:100C80000100CEE040F001006083BDE8F087656FB1
:100C90009DB10026C846E9684968814212D1BAF878
:100CA0000800298988420CD98E4800F0C1FC002830
:100CB00007D08EB33060294625E08A4800F0B8FCA2
:100CC00060679DE016B3F2685268821A012A25D443
:100CD000421A521C002A21DC824800F0A9FC0700BD
:100CE00013D0F068318940684218D8F81410521AAD
:100CF000002A05DD081A81B231817068FCF7F0FA2C
:100D0000294638463760FEF7DBFA79E0421A05D506
:100D1000744800F08DFCE8B36067CCE72A682E4683
:100D2000CABB411A002968DDE8688089FAF72AFD04
:100D3000C00765D16B4800F07BFC286050B3E868C1
:100D40004646416828890A18D8F81400121A002A61
:100D500005DD401A81B229816868FCF7C1FA218D4E
:100D6000606A7269084471891144081A002847DDD5
:100D70002868C0688089FAF705FDC00713D0286885
:100D8000C0688089FAF7FEFCC0F344004000FAF71F
:100D9000F9FC01E030E030E02968C9688A8922F472
:100DA0007C5210438881A08C218D0844B18A401A5E
:100DB00081B22868018128684068FCF791FA2868A8
:100DC000C0688089FAF7DEFC800700D0012029681E
:100DD0000989084480B27081228D616A1144726968
:100DE000104488420CD0AFF274434FF4DF620EA17E
:100DF000AFF23040F6F7F4FB02E015007FF44BAFA2
:100E00002046BDE8F04700F081BC606A69690A1AB3
:100E100006D4228D1044081A401C00287FF735AFF5
:100E2000608B40F002002FE77463705F726563654A
:100E30006976653A207365676D656E74206E6F74B0
:100E4000207472696D6D656420636F72726563747E
:100E50006C7920746F207263765F776E640A00008D
:100E60007463705F726563656976653A2073656760
:100E70006D656E74206E6F74207472696D6D65643B
:100E800020636F72726563746C7920746F206F6F6A
:100E90007365712071756575650A00007463705F14
:100EA000726563656976653A207463706C656E205F
:100EB0003E207263765F776E640A00007463705F31
:100EC000726563656976653A206F6F73657120742A
:100ED00063706C656E203E207263765F776E640A85
:100EE000000000008892002010B51446080008D0C9
:100EF000002C10D0218900F04FF82046FCF70CF9A7
:100F00000AE008A34FF4D36212A119A0F6F768FB18
:100F10006FF00F0010BD0BB1002010BDBDE81040F8
:100F2000FCF786BE2E2E2F4D6964646C6577617266
:100F300065732F54686972645F50617274792F4CC5
:100F40007749502F7372632F636F72652F746370CC
:100F50002E6300007463705F726563765F6E756CFC
:100F60006C3A20696E76616C69642070636200007F
:100F7000417373657274696F6E2022257322206637
:100F800061696C6564206174206C696E65202564FC
:100F900020696E2025730A0070B50D46040003D049
:100FA000207D012809D00FE0BDE8704014A340F275
:100FB000CF321FA124A0F6F713BB11A340F2D23207
:100FC0002BA121A0F6F70CFB218D4FF406624819E6
:100FD00080B2904201D8814201D9228500E020856B
:100FE000204601F01FF9B0F5067F08D3608B40F072
:100FF000020060832046BDE87040FEF7E7B970BD8F
:101000002E2E2F4D6964646C6577617265732F5461
:10101000686972645F50617274792F4C7749502F00
:101020007372632F636F72652F7463702E63000099
:101030007463705F7265637665643A20696E766189
:101040006C69642070636200417373657274696FC8
:101050006E2022257322206661696C6564206174AC
:10106000206C696E6520256420696E2025730A0056
:10107000646F6E27742063616C6C207463705F72A0
:10108000656376656420666F72206C697374656E43
:101090002D7063627300000070B50D00044606D128
:1010A000084BFF2208A103F14400F6F799FA00204B
:1010B00004E0E16FA94200D1E067E468002CF8D1B8
:1010C00070BD00006CE400087463705F72656D6F42
:1010D00076655F6C697374656E65723A20696E76C9
:1010E000616C6964206C697374656E6572000000E0
:1010F0002DE9F041040006D11BA340F2C16227A1F3
:101100002CA0F6F76DFA256F6FF005061DB1284685
:10111000FEF784FD10B13046BDE8F081286804F187
:101120006C06206700E03668306850B1C0684068DF
:10113000FAF726FB0746E8684068FAF721FB381AF9
:10114000F1D43068286035602868002108B9A4F817
:10115000681094F84200FF2802D2401C84F8420034
:1011600000206163D8E700002E2E2F4D6964646C67
:101170006577617265732F54686972645F5061723C
:1011800074792F4C7749502F7372632F636F726598
:101190002F7463705F6F75742E6300007463705FEB
:1011A0007265786D69743A20696E76616C69642045
:1011B00070636200417373657274696F6E202225DB
:1011C0007322206661696C6564206174206C696EAD
:1011D0006520256420696E2025730A0010B504007F
:1011E00006D119A340F2F96224A12CA0F6F7F8F970
:1011F000206F002827D0A07E400724D42046FFF788
:1012000077FF00281FD1B4F84810B4F8600081427D
:1012100000D208464108A4F84A10608EB1EB400F96
:1012200005D24FF6FF7101EA4001A4F84A1089B2D5
:1012300000EB40000844A4F84800608B40F0040034
:1012400060830020208610BD2E2E2F4D6964646CB3
:101250006577617265732F54686972645F5061725B
:1012600074792F4C7749502F7372632F636F7265B7
:101270002F7463705F6F75742E6300007463705F0A
:101280007265786D69745F666173743A20696E7611
:10129000616C6964207063620000000041737365D3
:1012A0007274696F6E2022257322206661696C65F5
:1012B00064206174206C696E6520256420696E204D
:1012C00025730A0010B5040006D109A340F2AD62EF
:1012D00014A11BA0F6F784F9204600F09BF8002823
:1012E00004D12046BDE8104000F03EB810BD00001B
:1012F0002E2E2F4D6964646C6577617265732F546F
:10130000686972645F50617274792F4C7749502F0D
:101310007372632F636F72652F7463705F6F757480
:101320002E6300007463705F7265786D69745F721C
:10133000746F3A20696E76616C6964207063620034
:10134000417373657274696F6E2022257322206663
:1013500061696C6564206174206C696E6520256428
:1013600020696E2025730A0010B5040006D109A378
:101370004FF4D36214A11DA0F6F732F994F842009D
:10138000FF2802D2401C84F842002046BDE81040ED
:10139000FEF71CB82E2E2F4D6964646C6577617260
:1013A00065732F54686972645F50617274792F4C51
:1013B0007749502F7372632F636F72652F74637058
:1013C0005F6F75742E6300007463705F7265786D73
:1013D00069745F72746F5F636F6D6D69743A2069D1
:1013E0006E76616C6964207063620000417373659E
:1013F0007274696F6E2022257322206661696C65A4
:1014000064206174206C696E6520256420696E20FB
:1014100025730A002DE9F041040006D11BA340F218
:10142000636227A12FA0F6F7DBF8256F6FF00506A2
:101430005DB103E0FEF7F2FB38B92D68286800289B
:101440002846F7D1FEF7EAFB10B13046BDE8F0813F
:10145000E06E28600026206FC4E91B06608B40F414
:1014600000606083E8684068FAF78AF90746E86830
:101470008089FAF787F9800700D00120298938444C
:1014800008446663E0640020E0E700002E2E2F4D44
:101490006964646C6577617265732F5468697264FE
:1014A0005F50617274792F4C7749502F7372632F9C
:1014B000636F72652F7463705F6F75742E630000C5
:1014C0007463705F7265786D69745F72746F5F705A
:1014D0007265706172653A20696E76616C6964202C
:1014E00070636200417373657274696F6E202225A8
:1014F0007322206661696C6564206174206C696E7A
:101500006520256420696E2025730A0018B1007AD1
:1015100008B1FAF789BF1046F9F7A2BC2DE9FF4FD1
:1015200085B01E00DDE91279DDF8508093468A46C9
:1015300006D11AA340F2C47225A12CA0F6F750F8E8
:10154000002F06D115A340F2C57232A127A0F6F7ED
:1015500047F8002546F208045046FAF711F914221C
:10156000CDE90224CDE900980346002229465846D9
:10157000FEF702F904000ED001462B460022059822
:10158000FEF7F2F9059809B03B4632462146BDE820
:10159000F04FFEF779B909B0BDE8F08F2E2E2F4D30
:1015A0006964646C6577617265732F5468697264ED
:1015B0005F50617274792F4C7749502F7372632F8B
:1015C000636F72652F7463705F6F75742E630000B4
:1015D0007463705F7273743A20696E76616C6964CB
:1015E000206C6F63616C5F6970000000417373650C
:1015F0007274696F6E2022257322206661696C65A2
:1016000064206174206C696E6520256420696E20F9
:1016100025730A007463705F7273743A20696E7682
:10162000616C69642072656D6F74655F697000003C
:1016300070B5050006D10CA340F2826216A11DA070
:10164000F5F7CEFF0320FAF7E5FC04000AD004CD3D
:1016500095E80B0004C484E80B00241FFBF7DAFEB6
:10166000204670BD002070BD2E2E2F4D6964646C25
:101670006577617265732F54686972645F50617237
:1016800074792F4C7749502F7372632F636F726593
:101690002F7463702E6300007463705F7365675FFF
:1016A000636F70793A20696E76616C696420736546
:1016B00067000000417373657274696F6E202225A4
:1016C0007322206661696C6564206174206C696EA8
:1016D0006520256420696E2025730A0010B504007A
:1016E00009D0606808B1FBF717FD2146BDE810403E
:1016F0000320FAF7D7BB10BD10B503E00468FFF76D
:10170000EDFF20460028F9D110BD00002DE9F04181
:101710004FF0000704003E4606D118A340F2EA72DB
:1017200023A12BA0F5F75CFF0025206DFAF728F820
:101730000346002229462046FDF7B8FF050010D0D9
:10174000014633463A462046FEF70EF92246231D4F
:1017500029461046FEF798F8618B50B141F003011D
:1017600009E0608B40F0030060836FF00100BDE88A
:10177000F08121F003016183F9E700002E2E2F4D47
:101780006964646C6577617265732F54686972640B
:101790005F50617274792F4C7749502F7372632FA9
:1017A000636F72652F7463705F6F75742E630000D2
:1017B0007463705F73656E645F656D7074795F618B
:1017C000636B3A20696E76616C69642070636200B5
:1017D000417373657274696F6E20222573222066CF
:1017E00061696C6564206174206C696E6520256494
:1017F00020696E2025730A0070B5050006D113A379
:1018000040F2EB321EA125A0F5F7EAFEEC6E0CB912
:1018100009E0044620680028FBD1E0688089F9F7D8
:10182000B1FF400705D02846BDE870400121FCF714
:10183000BBBC0120F9F7A6FFE1688A8910438881C3
:10184000688B40F020006883002070BD2E2E2F4D45
:101850006964646C6577617265732F54686972643A
:101860005F50617274792F4C7749502F7372632FD8
:10187000636F72652F7463705F6F75742E63000001
:101880007463705F73656E645F66696E3A20696E3B
:1018900076616C6964207063620000004173736557
:1018A0007274696F6E2022257322206661696C65EF
:1018B00064206174206C696E6520256420696E2047
:1018C00025730A002DE9FE4FCA4D47F6FF7B4FF402
:1018D000FA7AE8684FF00008401CE860A878401CDD
:1018E000A8700027AC6977E1207D002806D1C2A34B
:1018F00040F2BE42CCA1D7A0F5F772FE207D0128B0
:1019000006D1BDA340F2BF42DCA1D2A0F5F768FE2C
:10191000207D0A2806D1B8A34FF49862E2A1CDA099
:10192000F5F75EFEA17FA878814202D12746E468E0
:1019300052E1A0770026207DB146022805D194F817
:101940004200062801D301269FE094F842000C28AB
:101950001BD294F89900002841D0206F002806D0AF
:10196000A5A340F2D442DCA1BAA0F5F739FEE06E9F
:10197000002806D1A0A340F2D542E4A1B5A0F5F716
:101980002FFE94F89A000C2801D3012671E094F8F8
:101990009910EC48095C94F89800884202D2401CE7
:1019A00084F89800C0B2884263D3B4F8601020462F
:1019B00019B100F06FFA20B107E000F0ADFCE8BB10
:1019C00003E02046FDF702FDC0B384F8988094F848
:1019D000990007284DD2401C84F8990049E0B4F9D9
:1019E0003000584501D2401C2086B4F93000B4F9CB
:1019F000401088423DDB2046FFF70CFD18B1206FF8
:101A0000E0B9E06ED0B1207D022813D094F84200F6
:101A10000C2800D30C20B4F93E10B4F93C2001EBA3
:101A2000E202C949085C02FA00F0584500DB58465A
:101A3000A4F840004046A4F8308000E019E0B4F873
:101A40004820B4F860108A4200D211464A08A4F82F
:101A50004A20618E4FF6FF7303EA41039A4201D296
:101A6000A4F84A30A4F84810A4F86A002046FFF70A
:101A70007BFC207D062808D1A07EC00605D5206A03
:101A8000E968081A282800D9761C607A000728D54A
:101A9000207D042801D0072823D1AC48D4F8941025
:101AA000EB680844B0FBFAF2206A181A824203D2AB
:101AB0004FF00109761C14E094F89B2042F29F43FA
:101AC00012FB03F201EBC201B1FBFAF1814208D231
:101AD0002046FDF75BF920B994F89B00401C84F880
:101AE0009B00606F60B1206AE968081AB4F9401081
:101AF00001EB4101B0EB410F02D32046FCF78AFD18
:101B0000207D032802D0092807D00BE0206AE9686D
:101B1000081A282806D9761C04E0206AE968081A01
:101B2000F028F8D8002E3DD02046D4F89060FEF77B
:101B300047F9A8695FB1844206D12FA340F26D52E4
:101B400083A144A0F5F74CFDE068F8600AE0A042EC
:101B500006D029A340F2715288A13EA0F5F740FDBE
:101B6000E068A861B9F1000F0AD0228BE18A201D3C
:101B70008DE8070023461846626A216DFFF7CEFC08
:101B80002046D4F81090E468FCF75EFC85F80080ED
:101B900016B36FF00C014846B047287800287FF450
:101BA000A0AE19E02746E468387F401CC0B2387701
:101BB000797F884210D387F81C8085F80080D7F899
:101BC0008C2032B139463869904729780029E6D10E
:101BD00010B93846FDF7FAFB002C7FF485AE0026DD
:101BE000EC6912E1207D0A2803D003A340F2A15240
:101BF000DAE0DEE0C00100202E2E2F4D6964646C17
:101C00006577617265732F54686972645F506172A1
:101C100074792F4C7749502F7372632F636F7265FD
:101C20002F7463702E6300007463705F736C6F7742
:101C3000746D723A20616374697665207063622DF9
:101C40003E737461746520213D20434C4F534544DD
:101C50000A000000417373657274696F6E2022255B
:101C60007322206661696C6564206174206C696E02
:101C70006520256420696E2025730A007463705FF7
:101C8000736C6F77746D723A206163746976652046
:101C90007063622D3E737461746520213D204C4950
:101CA0005354454E0A0000007463705F736C6F7785
:101CB000746D723A20616374697665207063622D79
:101CC0003E737461746520213D2054494D452D5764
:101CD0004149540A000000007463705F736C6F77B1
:101CE00074696D723A2070657273697374207469D7
:101CF000636B696E67207769746820696E2D666C06
:101D00006967687420646174610000007463705FC7
:101D1000736C6F7774696D723A2070657273697352
:101D200074207469636B696E6720776974682065D5
:101D30006D7074792073656E642062756666657275
:101D400000000000A72F0108DC2F0108B84C0A0092
:101D50007463705F736C6F77746D723A206D696431
:101D6000646C652074637020213D207463705F6132
:101D700063746976655F7063627300007463705F9B
:101D8000736C6F77746D723A206669727374207029
:101D90006362203D3D207463705F616374697665A2
:101DA0005F706362730000001AA1AFF25810F5F77C
:101DB00017FC216AE868401AF02812D92046FDF77E
:101DC000FFFFE86986B1844208D1AFF2D41340F234
:101DD000AF521CA1AFF28410F5F702FCE068F0608E
:101DE0000FE02646E46810E0A04208D0AFF2F813F6
:101DF00040F2B3521DA1AFF2A410F5F7F1FBE06879
:101E0000E8612046E468FCF71FFB002C7FF4EAAE93
:101E1000BDE8FE8F7463705F736C6F77746D723A98
:101E20002054494D452D57414954207063622D3E41
:101E30007374617465203D3D2054494D452D5741D3
:101E4000495400007463705F736C6F77746D723AFD
:101E5000206D6964646C652074637020213D20747A
:101E600063705F74775F7063627300007463705FA8
:101E7000736C6F77746D723A206669727374207038
:101E80006362203D3D207463705F74775F706362AE
:101E9000730000002DE9F84F0F46050006D157A347
:101EA00040F24B3262A16BA0F5F79AFBEC6E002C6E
:101EB0007ED0002F10D02089B8427AD9688EB842DF
:101EC00006D24EA340F25B326CA162A0F5F788FB0C
:101ED000208900280BD011E048A340F253326BA1B7
:101EE0005CA0F5F77DFB6FF00500BDE8F88F43A31C
:101EF0004FF457726EA157A0F5F772FB94F80AB031
:101F00005FEACB7001D0042600E0002620894FF460
:101F10002072C01B1FFA80F808EB060081B2362041
:101F2000FAF7F8FC5FEA000A65D060682289018947
:101F3000891A39448BB2DAF8041042463144FBF76F
:101F40005FF8404554D1E0688089F9F71BFC00F048
:101F50003F064FF00009300703D526F008064FF082
:101F60000809F00703D026F0010649F00109E068EE
:101F70004068F9F705FCC3194A4651462846CDF892
:101F800000B0FBF7F5FF070032D06068FAF7F1FE0A
:101F900035F8661F081A288060680289A2EB0801DC
:101FA00089B2FBF79DF92189A1EB0800208101E0AE
:101FB00021E01BE03046F9F7E5FBE1688A89104330
:101FC00088816068FAF7D5FE2988084428807868F7
:101FD000FAF7CFFE2988084425F86609206838609A
:101FE0002760386810B90020A5F8680000207CE759
:101FF0005046FBF791F84FF0FF3076E72E2E2F4D2D
:102000006964646C6577617265732F546869726482
:102010005F50617274792F4C7749502F7372632F20
:10202000636F72652F7463705F6F75742E63000049
:102030007463705F73706C69745F756E73656E74D2
:102040005F7365673A20696E76616C6964207063BE
:1020500062000000417373657274696F6E202225FF
:102060007322206661696C6564206174206C696EFE
:102070006520256420696E2025730A0073706C69E1
:1020800074203C3D206D73730000000043616E2797
:10209000742073706C6974207365676D656E74204D
:1020A000696E746F206C656E677468203000000084
:1020B000757365672D3E6C656E203E203000000014
:1020C0000848816800290CD10749084A0968126844
:1020D000114306D00121816000220549FA20FBF757
:1020E00049BB704704020020D8010020DC01002019
:1020F000592401083EB51D4C05462078400722D4DE
:10210000002D06D11AA340F2EE2226A12DA0F5F74C
:1021100067FA2078810717D5696A6069421A18D46E
:102120002A8D1144411A002913DCE1682F4B0A88DB
:1021300049880093CDE9011261891B1D4218284688
:10214000A169FFF7EBF93EBDC00702D0284800683F
:10215000286260890028F6D0688B40F0020068830E
:102160002846BDE83E40FDF731B90000E0010020FF
:102170002E2E2F4D6964646C6577617265732F54E0
:10218000686972645F50617274792F4C7749502F7F
:102190007372632F636F72652F7463705F696E2E45
:1021A000630000007463705F74696D6577616974C2
:1021B0005F696E7075743A20696E76616C6964202F
:1021C00070636200417373657274696F6E202225BB
:1021D0007322206661696C6564206174206C696E8D
:1021E0006520256420696E2025730A004C5D00205F
:1021F000CC01002010B5FCF7F1F805484178491CE6
:102200004170C80703D0BDE81040FFF75BBB10BDAD
:10221000C00100200248417841F010014170704730
:10222000E001002070B5040006D115A340F2A632EB
:102230001FA128A0F5F7D4F9258D626A638E511984
:102240004FF48666E06AB34200D933460344CB1AA2
:1022500002D46585081A70BD111A002902DD00201C
:1022600060850BE0851AB5F5803F06D304A340F2E4
:10227000B63222A117A0F5F7B3F96585002070BD2D
:102280002E2E2F4D6964646C6577617265732F54CF
:10229000686972645F50617274792F4C7749502F6E
:1022A0007372632F636F72652F7463702E63000007
:1022B0007463705F7570646174655F7263765F618B
:1022C0006E6E5F776E643A20696E76616C69642029
:1022D00070636200417373657274696F6E202225AA
:1022E0007322206661696C6564206174206C696E7C
:1022F0006520256420696E2025730A006E65775F6E
:102300007263765F616E6E5F776E64203C3D203055
:1023100078666666660000002DE9F04704004FF01D
:10232000000906D12CA340F64F0238A140A0F5F7D2
:1023300057F9E56E35B394F89A00FF2802D2401C95
:1023400084F89A00E8688089F9F71CFAC00701D080
:102350002889D0B100260122E86849464368204612
:10236000FDF7A4F95FEA000812D0D8F804100F4670
:102370008EB11120F9F706FAB98921F47C5108438E
:10238000B88111E00020BDE8F08701260022E3E7D4
:102390004FF0FF30F7E768682B8914310289D21AB1
:1023A00093B20122FAF72CFEE8684068F9F7E8F9E1
:1023B000216D401C091A00D520654B46002241467C
:1023C0002046FDF7D1FA2246231D4146BDE8F047DD
:1023D0001046FDF759BA00002E2E2F4D6964646C2B
:1023E0006577617265732F54686972645F506172BA
:1023F00074792F4C7749502F7372632F636F726516
:102400002F7463705F6F75742E6300007463705F68
:102410007A65726F5F77696E646F775F70726F62F3
:10242000653A20696E76616C6964207063620000B1
:10243000417373657274696F6E2022257322206662
:1024400061696C6564206174206C696E6520256427
:1024500020696E2025730A0010B5FFF7CBFE0848EF
:10246000084900680968084306D00022BDE810400A
:102470000549FA20FBF77EB904490020886010BDA9
:10248000D8010020DC0100205924010804020020AA
:102490002DE9F05F01B92D4920B12D4C002663686C
:1024A0001D460FE02BA340F2B73236A13BA0F5F753
:1024B00097F86FF00F00BDE8F09FA84201D1012608
:1024C00002E0ED68002DF8D16FF0070972BB00251E
:1024D0004FF6FF784FF4404A4FF4804B2288571C48
:1024E0002780424501D1A4F800A01A46278809E0B8
:1024F000B2F812C0BC4504D16D1CADB25D45EDD340
:102500001CE0D268002AF3D13A04120C16D00FE076
:1025100098420AD05D8A954207D11F680D68AF4284
:102520000CD059B155B14BB147B1DB68002BEFD19D
:1025300001B109680160428216B104E04846BAE779
:102540006168C16060600020B5E7000024300108C8
:10255000100200202E2E2F4D6964646C6577617225
:1025600065732F54686972645F50617274792F4C7F
:102570007749502F7372632F636F72652F75647084
:102580002E6300007564705F62696E643A20696E44
:1025900076616C696420706362000000417373654A
:1025A0007274696F6E2022257322206661696C65E2
:1025B00064206174206C696E6520256420696E203A
:1025C00025730A002DE9F04116460D4604006FF010
:1025D0000F0704D045B1628A002A0FD013E014A37C
:1025E00040F235421EA103E011A340F2364223A17E
:1025F00029A0F4F7F5FF3846BDE8F0810146FFF762
:1026000047FF0028F8D128686060A682207C2C4A09
:1026100040F0040020745068014604E0844201D177
:102620000020E9E7C0680028F8D1E1605460F7E7CE
:102630002E2E2F4D6964646C6577617265732F541B
:10264000686972645F50617274792F4C7749502FBA
:102650007372632F636F72652F7564702E63000051
:102660007564705F636F6E6E6563743A20696E7631
:10267000616C696420706362000000007564705FC3
:10268000636F6E6E6563743A20696E76616C69641F
:102690002069706164647200417373657274696F5C
:1026A0006E2022257322206661696C656420617446
:1026B000206C696E6520256420696E2025730A00F0
:1026C0001002002010B5EDF7ADFD0349C0F30D0079
:1026D00000F54040088010BD100200202DE9F04FA9
:1026E00087B08946070005D14AA3CF2255A15BA038
:1026F000F4F776FFB9F1000F05D146A3D02261A10E
:1027000056A0F4F76DFF788908287CD3644D7C6867
:1027100029686869F7F76CFF02902088F9F732F8AA
:1027200000906088F9F72EF8DFF878B1002682462D
:10273000B046DBF8044032E0618A51452DD149466C
:102740002046029A00F0BEF838B3207C400711D42E
:10275000B8F1000F0DD0029860B16869401C09D132
:10276000D8F80010D9F80400814203D021688142D2
:1027700000D1A046A18A009881420ED1606810B1B4
:102780002969884209D136B1E068F060DBF80410AD
:10279000E160CBF8044024B10BE02646E468002C4D
:1027A000CAD15FEA080404D1D9F8040069698842F3
:1027B00029D108213846FAF773FE38B115A34FF432
:1027C000B87239A125A0F4F70BFF1CE054B1A5693C
:1027D000CDB1334B3A4610332146E069A84707B0E4
:1027E000BDE8F08F029870B9287DC0F303100E2861
:1027F00009D0A889083001B23846FAF759FD0321FB
:102800003846F7F771FD07B03846BDE8F04FFAF7E4
:1028100083BC00002E2E2F4D6964646C6577617255
:1028200065732F54686972645F50617274792F4CBC
:102830007749502F7372632F636F72652F756470C1
:102840002E6300007564705F696E7075743A20695C
:102850006E76616C696420706275660041737365A1
:102860007274696F6E2022257322206661696C651F
:1028700064206174206C696E6520256420696E2077
:1028800025730A007564705F696E7075743A20690B
:102890006E76616C6964206E657469660000000084
:1028A0003C5D002010020020706275665F72656DED
:1028B0006F76655F686561646572206661696C65E5
:1028C000640A000070B516460D46040005D116A333
:1028D000872221A129A0F4F783FE002D05D112A3A0
:1028E000882230A125A0F4F77BFE217A374831B148
:1028F000426892F83420521CD2B2914212D14EB1A9
:1029000074B1216861B14069421C09D0AA681140C4
:10291000104003E024B1216811B14069814201D126
:10292000012070BD002070BD2E2E2F4D6964646C97
:102930006577617265732F54686972645F50617264
:1029400074792F4C7749502F7372632F636F7265C0
:102950002F7564702E6300007564705F696E70750A
:10296000745F6C6F63616C5F6D617463683A20695A
:102970006E76616C696420706362000041737365F8
:102980007274696F6E2022257322206661696C65FE
:1029900064206174206C696E6520256420696E2056
:1029A00025730A007564705F696E7075745F6C6F73
:1029B00063616C5F6D617463683A20696E76616C07
:1029C0006964206E65746966000000003C5D00204B
:1029D00010B5002813D00268002A10D000290ED0AC
:1029E0000A68002A0BD0064A526806E01368046899
:1029F000A34201D10B681360D268002AF6D110BD42
:102A00001002002010B50020F9F704FB040004D0E8
:102A10002021EDF741FCFF20E072204610BD0000B0
:102A200010B1C0E90612704703A340F28A420EA11A
:102A300013A0F4F7D5BD00002E2E2F4D6964646CF1
:102A40006577617265732F54686972645F50617253
:102A500074792F4C7749502F7372632F636F7265AF
:102A60002F7564702E6300007564705F7265637605
:102A70003A20696E76616C696420706362000000C0
:102A8000417373657274696F6E202225732220660C
:102A900061696C6564206174206C696E65202564D1
:102AA00020696E2025730A0030B10E494A688242BF
:102AB00011D1D2684A6010E00BA340F2A14216A1E6
:102AC0001BA0F4F78DBDD16821B1814202D1C1684C
:102AD000D16002E00A46002AF5D101460020F9F74C
:102AE000E1B90000100200202E2E2F4D6964646CA5
:102AF0006577617265732F54686972645F506172A3
:102B000074792F4C7749502F7372632F636F7265FE
:102B10002F7564702E6300007564705F72656D6F51
:102B200076653A20696E76616C6964207063620034
:102B3000417373657274696F6E202225732220665B
:102B400061696C6564206174206C696E6520256420
:102B500020696E2025730A007CB5069C6FF00F0576
:102B600088B1A9B1002A18D0002C1BD00568002D0F
:102B700021D0C5F303160E2E1DD06668B5421CD0B9
:102B80006FF003007CBD10A34FF420721AA10DE07A
:102B90000DA340F281221FA108E00BA340F2822284
:102BA00023A103E008A340F2832229A130A0F4F777
:102BB00017FD28467CBD251D00E00546CDE90045F2
:102BC00000F06AF87CBD00002E2E2F4D6964646C05
:102BD0006577617265732F54686972645F506172C2
:102BE00074792F4C7749502F7372632F636F72651E
:102BF0002F7564702E6300007564705F73656E647A
:102C0000746F5F69663A20696E76616C69642070E2
:102C1000636200007564705F73656E64746F5F69F2
:102C2000663A20696E76616C696420706275660030
:102C30007564705F73656E64746F5F69663A20696E
:102C40006E76616C6964206473745F697000000063
:102C50007564705F73656E64746F5F69663A20694E
:102C60006E76616C6964206E6574696600000000B0
:102C7000417373657274696F6E202225732220661A
:102C800061696C6564206174206C696E65202564DF
:102C900020696E2025730A002DE9FE4FDDE90C89BD
:102CA0009B4692460D4606006FF00F040DD08DB185
:102CB000BAF1000F13D05FEA090015D05FEA0800EF
:102CC00017D0728A002A1ED023E038A340F2D12206
:102CD00042A112E035A340F2D22248A10DE033A375
:102CE00040F2D3224DA108E030A34FF4357254A135
:102CF00003E02EA340F2D5225AA163A0F4F770FCA2
:102D00002046BDE8FE8F31460846FFF7C1FB00288C
:102D1000F7D128894FF0FF3700F1080189B28142CD
:102D200013D308212846F9F791FD80B14FF42072A2
:102D300008212220F9F7EEFD040006D0288938B1D9
:102D400029462046FAF70CF802E03846D9E72C4627
:102D50006089082806D215A340F20D3254A14AA07A
:102D6000F4F73EFC708A6768F8F70CFD3880584627
:102D7000F8F708FD78800020F8802089F8F702FD38
:102D8000B880F37AB27A1120CDE90020CDF808801E
:102D9000524649462046F7F763FE0646AC4202D04B
:102DA0002046FAF7B9F93046ABE700002E2E2F4D3A
:102DB0006964646C6577617265732F5468697264C5
:102DC0005F50617274792F4C7749502F7372632F63
:102DD000636F72652F7564702E6300007564705F99
:102DE00073656E64746F5F69665F7372633A2069BE
:102DF0006E76616C69642070636200007564705F58
:102E000073656E64746F5F69665F7372633A20699D
:102E10006E76616C69642070627566007564705FBF
:102E200073656E64746F5F69665F7372633A20697D
:102E30006E76616C6964206473745F697000000071
:102E40007564705F73656E64746F5F69665F7372DB
:102E5000633A20696E76616C6964207372635F699E
:102E6000700000007564705F73656E64746F5F69F5
:102E7000665F7372633A20696E76616C6964206E76
:102E80006574696600000000417373657274696F50
:102E90006E2022257322206661696C65642061744E
:102EA000206C696E6520256420696E2025730A00F8
:102EB000636865636B2074686174206669727374FB
:102EC00020706275662063616E20686F6C64207389
:102ED0007472756374207564705F686472000000BA
:102EE000000610160006101600000000000000008A
:102EF00001020304060708090000000001020304A0
:102F000020060C00381100206C010020FFFFFFFF9D
:102F1000FFFF00000000000020000400A763002065
:102F20008C0100209C0005002A64002090010020F4
:102F30001C000800396700209401002010001000D8
:102F40001C68002098010020200005001F69002057
:102F50009C01002018000F00C2690020A001002081
:102F6000100005002D6B0020A401002010001000AF
:102F7000806B0020A801002060021000836C0020FC
:102F8000AC010020182F0108242F0108302F010860
:102F90003C2F0108482F0108542F0108602F010819
:102FA0006C2F0108782F010803060C183060780098
:102FB0005030010878300108983001085830010875
:102FC000443001082C300108383001088C300108E9
:102FD000643001086C3001088030010801020304EC
:102FE000050607070707070707000000D4010020B0
:102FF000D0010020D8010020DC010020FA000000F0
:10300000F5210108E8030000F1B40008E80300001E
:10301000559E000860EA0000FD7C0008F4010000F5
:10302000C981000800000000FFFFFFFF46494E5F16
:10303000574149545F31000046494E5F574149545A
:103040005F32000045535441424C495348454400C7
:10305000434C4F534544000053594E5F524356442E
:1030600000000000434C4F53494E47004C4153541D
:103070005F41434B000000004C495354454E000053
:1030800054494D455F57414954000000434C4F534C
:10309000455F57414954000053594E5F53454E54C4
:1030A000000000007463705F656E71756575655F23
:1030B000666C6167733A206E656564206569746843
:1030C0006572205443505F53594E206F7220544311
:1030D000505F46494E20696E20666C6167732028F8
:1030E00070726F6772616D6D65722076696F6C6169
:1030F00074657320415049290000000064686370C2
:103100005F6F7074696F6E3A206F7074696F6E7361
:103110005F6F75745F6C656E202B2032202B206FE3
:103120007074696F6E5F6C656E203C3D204448434F
:10313000505F4F5054494F4E535F4C454E00000076
:103140006E657469662D3E6877616464725F6C6554
:103150006E206D75737420626520746865207361DC
:103160006D65206173204554485F4857414444527F
:103170005F4C454E20666F722065746861727021E5
:1031800000000000A43101080000002040020000FF
:103190002C030008983201084002002078B100009A
:1031A00030760008012C13E55D1408155E1B08211C
:1031B000041A49041A75041AC5141AF104170403F1
:1031C000090412013202164083042B572602010221
:1031D0000301031A1A03191F11B2101329611408ED
:1031E00069601B08D908811A551001101ADD141ADC
:1031F000BD041AFD041AB10432811409022213011C
:10320000011DE032090459140301021509211101BD
:103210001401224A1607058103041A0A246912318F
:103220004B0A06AC2984100A05010902A101090113
:10323000A1100805091901290315180F2501950387
:10324000750181029501750581012028173009312A
:1032500009381581257F750895038106C0093C054D
:10326000FF090129300E75019502B12275069501FD
:10327000B101C05324F413A9051B089F041AD504F7
:103280001AB9041AA304015919780B486E194C5144
:08329000042401031C000000EE
:040000050800018965
:00000001FF
